layer,mode,index,singular_value,cumulative_energy
classifier.0.weight,0,1,10.702521324157715,0.020207825583579194
classifier.0.weight,0,2,9.463752746582031,0.036008446422497745
classifier.0.weight,0,3,8.433099746704102,0.04855492517696162
classifier.0.weight,0,4,7.805471897125244,0.059303371946484065
classifier.0.weight,0,5,7.448835372924805,0.06909205198894473
classifier.0.weight,0,6,7.238495349884033,0.07833571236630521
classifier.0.weight,0,7,7.007462978363037,0.08699872614428256
classifier.0.weight,0,8,6.466717720031738,0.09437632757199822
classifier.0.weight,0,9,6.33590030670166,0.10145846013264787
classifier.0.weight,0,10,6.0646138191223145,0.10794710019316629
classifier.0.weight,0,11,5.84454870223999,0.11397338072753929
classifier.0.weight,0,12,5.457465648651123,0.11922785660626142
classifier.0.weight,0,13,5.234975337982178,0.124062635986828
classifier.0.weight,0,14,5.081817626953125,0.1286186550415079
classifier.0.weight,0,15,4.769188404083252,0.13263135178784335
classifier.0.weight,0,16,4.564516544342041,0.13630702549934035
classifier.0.weight,0,17,4.474890232086182,0.13983976939346698
classifier.0.weight,0,18,4.390800952911377,0.14324099061950976
classifier.0.weight,0,19,4.312372207641602,0.1465217913881025
classifier.0.weight,0,20,4.219780921936035,0.14966321996258783
classifier.0.weight,0,21,4.167540073394775,0.15272734829248336
classifier.0.weight,0,22,4.0848517417907715,0.1556710918793415
classifier.0.weight,0,23,3.8962934017181396,0.15834933924977657
classifier.0.weight,0,24,3.775799036026001,0.16086449638924327
classifier.0.weight,0,25,3.6978631019592285,0.1632768948321668
classifier.0.weight,0,26,3.6620254516601562,0.16564276058645094
classifier.0.weight,0,27,3.5837886333465576,0.1679086158062526
classifier.0.weight,0,28,3.515425443649292,0.17008885008998115
classifier.0.weight,0,29,3.435725450515747,0.1721713466137382
classifier.0.weight,0,30,3.3359408378601074,0.17413463483475333
classifier.0.weight,0,31,3.252483606338501,0.17600091832268866
classifier.0.weight,0,32,3.230076551437378,0.177841575934933
classifier.0.weight,0,33,3.190844774246216,0.17963779266086188
classifier.0.weight,0,34,3.166470766067505,0.1814066725599714
classifier.0.weight,0,35,3.127889394760132,0.1831327097790458
classifier.0.weight,0,36,3.0642902851104736,0.1847892698526377
classifier.0.weight,0,37,3.0349137783050537,0.18641422020271367
classifier.0.weight,0,38,2.9696199893951416,0.18797000361582553
classifier.0.weight,0,39,2.9280965328216553,0.1894825829477114
classifier.0.weight,0,40,2.891443967819214,0.19095753173974966
classifier.0.weight,0,41,2.8117916584014893,0.19235233726005696
classifier.0.weight,0,42,2.7836129665374756,0.19371932645826181
classifier.0.weight,0,43,2.730902910232544,0.1950350356285775
classifier.0.weight,0,44,2.7186813354492188,0.19633899479740902
classifier.0.weight,0,45,2.6934354305267334,0.19761884905806998
classifier.0.weight,0,46,2.681837320327759,0.19888770477671971
classifier.0.weight,0,47,2.6306843757629395,0.20010861820959586
classifier.0.weight,0,48,2.5939807891845703,0.2012957006803836
classifier.0.weight,0,49,2.5846328735351562,0.2024742428009834
classifier.0.weight,0,50,2.5726728439331055,0.2036419030771681
classifier.0.weight,0,51,2.5440518856048584,0.2047837274527022
classifier.0.weight,0,52,2.5294697284698486,0.2059124997800088
classifier.0.weight,0,53,2.5124473571777344,0.20702613080817597
classifier.0.weight,0,54,2.4935290813446045,0.20812305409529153
classifier.0.weight,0,55,2.4783928394317627,0.20920670069466293
classifier.0.weight,0,56,2.458024740219116,0.2102726090848094
classifier.0.weight,0,57,2.4514384269714355,0.21133281289371625
classifier.0.weight,0,58,2.4221248626708984,0.21236781310021366
classifier.0.weight,0,59,2.3984806537628174,0.21338270508049087
classifier.0.weight,0,60,2.3885514736175537,0.21438921159648386
classifier.0.weight,0,61,2.3840219974517822,0.21539190439969208
classifier.0.weight,0,62,2.3616373538970947,0.21637585614401547
classifier.0.weight,0,63,2.3477301597595215,0.21734825343290062
classifier.0.weight,0,64,2.327116012573242,0.21830364950212666
classifier.0.weight,0,65,2.3143112659454346,0.21924856053547565
classifier.0.weight,0,66,2.3086230754852295,0.22018883241005394
classifier.0.weight,0,67,2.2965404987335205,0.22111928789010712
classifier.0.weight,0,68,2.282156467437744,0.22203812433939016
classifier.0.weight,0,69,2.2773568630218506,0.2229531000419176
classifier.0.weight,0,70,2.2616331577301025,0.2238554847073235
classifier.0.weight,0,71,2.2542054653167725,0.22475195185311966
classifier.0.weight,0,72,2.2440109252929688,0.2256403288715278
classifier.0.weight,0,73,2.2345221042633057,0.22652120875343634
classifier.0.weight,0,74,2.2236297130584717,0.2273935217004636
classifier.0.weight,0,75,2.214585065841675,0.22825875278763094
classifier.0.weight,0,76,2.209071397781372,0.2291196808941731
classifier.0.weight,0,77,2.203547477722168,0.2299763087756677
classifier.0.weight,0,78,2.1922082901000977,0.23082414313470367
classifier.0.weight,0,79,2.1851749420166016,0.2316665459402287
classifier.0.weight,0,80,2.1719820499420166,0.2324988075165352
classifier.0.weight,0,81,2.169382095336914,0.23332907778060918
classifier.0.weight,0,82,2.1663389205932617,0.2341570202986158
classifier.0.weight,0,83,2.1560616493225098,0.23497712581001515
classifier.0.weight,0,84,2.1532256603240967,0.23579507527863697
classifier.0.weight,0,85,2.1437957286834717,0.2366058761070254
classifier.0.weight,0,86,2.1346042156219482,0.23740973923136252
classifier.0.weight,0,87,2.128906488418579,0.23820931670875126
classifier.0.weight,0,88,2.1231603622436523,0.23900458373602743
classifier.0.weight,0,89,2.1124227046966553,0.2397918271473434
classifier.0.weight,0,90,2.1110551357269287,0.2405780515758929
classifier.0.weight,0,91,2.1035327911376953,0.24135868286400744
classifier.0.weight,0,92,2.0934722423553467,0.24213186497085487
classifier.0.weight,0,93,2.0908548831939697,0.24290311494775135
classifier.0.weight,0,94,2.088139772415161,0.24367236318887375
classifier.0.weight,0,95,2.082101583480835,0.24443716905444918
classifier.0.weight,0,96,2.0776288509368896,0.24519869256541532
classifier.0.weight,0,97,2.0731241703033447,0.24595691741086667
classifier.0.weight,0,98,2.064911365509033,0.24670914665015323
classifier.0.weight,0,99,2.060331106185913,0.24745804249329387
classifier.0.weight,0,100,2.0546445846557617,0.24820281013060377
classifier.0.weight,0,101,2.0504558086395264,0.24894454416800937
classifier.0.weight,0,102,2.0457096099853516,0.24968284838974847
classifier.0.weight,0,103,2.0417497158050537,0.2504182970967518
classifier.0.weight,0,104,2.0341739654541016,0.2511482982806702
classifier.0.weight,0,105,2.0302011966705322,0.2518754508449794
classifier.0.weight,0,106,2.0275471210479736,0.2526007034435019
classifier.0.weight,0,107,2.025846004486084,0.25332473957544843
classifier.0.weight,0,108,2.0191190242767334,0.25404397525350647
classifier.0.weight,0,109,2.0124409198760986,0.2547584611492406
classifier.0.weight,0,110,2.010956287384033,0.2554718932424072
classifier.0.weight,0,111,2.008613109588623,0.2561836637138732
classifier.0.weight,0,112,1.998428225517273,0.2568882342715934
classifier.0.weight,0,113,1.9939422607421875,0.25758964521497074
classifier.0.weight,0,114,1.9923986196517944,0.2582899705625714
classifier.0.weight,0,115,1.9899170398712158,0.2589885524529148
classifier.0.weight,0,116,1.9859628677368164,0.25968436079191165
classifier.0.weight,0,117,1.9782230854034424,0.2603747562291293
classifier.0.weight,0,118,1.9742276668548584,0.2610623656983073
classifier.0.weight,0,119,1.9717531204223633,0.2617482525138901
classifier.0.weight,0,120,1.969210147857666,0.26243237129209185
classifier.0.weight,0,121,1.9672168493270874,0.2631151057967158
classifier.0.weight,0,122,1.963201880455017,0.2637950563067664
classifier.0.weight,0,123,1.9615551233291626,0.26447386659405714
classifier.0.weight,0,124,1.955215334892273,0.2651482961132168
classifier.0.weight,0,125,1.9511178731918335,0.265819901847749
classifier.0.weight,0,126,1.9482550621032715,0.2664895381781488
classifier.0.weight,0,127,1.9455398321151733,0.26715730930138837
classifier.0.weight,0,128,1.9430789947509766,0.2678233922177397
classifier.0.weight,0,129,1.9399925470352173,0.26848736076063673
classifier.0.weight,0,130,1.9343328475952148,0.26914746085482655
classifier.0.weight,0,131,1.9285298585891724,0.26980360629584144
classifier.0.weight,0,132,1.9262001514434814,0.2704581674176838
classifier.0.weight,0,133,1.9239071607589722,0.2711111710594271
classifier.0.weight,0,134,1.9230875968933105,0.2717636184745399
classifier.0.weight,0,135,1.9185664653778076,0.27241300172021876
classifier.0.weight,0,136,1.914872169494629,0.2730598865336738
classifier.0.weight,0,137,1.9109156131744385,0.27370410089000624
classifier.0.weight,0,138,1.9062045812606812,0.2743451427636369
classifier.0.weight,0,139,1.9029874801635742,0.2749840226906785
classifier.0.weight,0,140,1.899627923965454,0.27562064883681736
classifier.0.weight,0,141,1.8957726955413818,0.2762546935840566
classifier.0.weight,0,142,1.8937338590621948,0.2768873752792492
classifier.0.weight,0,143,1.8933099508285522,0.2775197737572826
classifier.0.weight,0,144,1.8903616666793823,0.27815020421237824
classifier.0.weight,0,145,1.8893437385559082,0.27877995589777577
classifier.0.weight,0,146,1.8838409185409546,0.2794060445508652
classifier.0.weight,0,147,1.8800904750823975,0.2800296427890755
classifier.0.weight,0,148,1.8777694702148438,0.2806517022916124
classifier.0.weight,0,149,1.874850869178772,0.28127182957339963
classifier.0.weight,0,150,1.8737047910690308,0.281891198931356
classifier.0.weight,0,151,1.8721575736999512,0.2825095458194186
classifier.0.weight,0,152,1.8673900365829468,0.28312474741866395
classifier.0.weight,0,153,1.8666056394577026,0.2837394322956324
classifier.0.weight,0,154,1.8635823726654053,0.28435212762388834
classifier.0.weight,0,155,1.8606512546539307,0.2849628971236752
classifier.0.weight,0,156,1.8602921962738037,0.28557343092024057
classifier.0.weight,0,157,1.8555426597595215,0.2861808511727427
classifier.0.weight,0,158,1.8519402742385864,0.2867859152004049
classifier.0.weight,0,159,1.8516240119934082,0.2873907725879599
classifier.0.weight,0,160,1.8498103618621826,0.2879944456503795
classifier.0.weight,0,161,1.8453482389450073,0.2885952098583276
classifier.0.weight,0,162,1.8445192575454712,0.2891954344277612
classifier.0.weight,0,163,1.8424912691116333,0.2897943398683029
classifier.0.weight,0,164,1.8410617113113403,0.290392316308187
classifier.0.weight,0,165,1.8382123708724976,0.29098844325007933
classifier.0.weight,0,166,1.8336519002914429,0.29158161596635973
classifier.0.weight,0,167,1.8291281461715698,0.29217186549150864
classifier.0.weight,0,168,1.8267676830291748,0.2927605925828581
classifier.0.weight,0,169,1.8233072757720947,0.2933470913602602
classifier.0.weight,0,170,1.821650505065918,0.2939325247631797
classifier.0.weight,0,171,1.8200161457061768,0.2945169081520145
classifier.0.weight,0,172,1.8192946910858154,0.2951008283333831
classifier.0.weight,0,173,1.8188071250915527,0.2956844355786718
classifier.0.weight,0,174,1.8136433362960815,0.29626473368082956
classifier.0.weight,0,175,1.8126468658447266,0.29684439429153986
classifier.0.weight,0,176,1.8092317581176758,0.29742187274682064
classifier.0.weight,0,177,1.8079323768615723,0.29799852201565463
classifier.0.weight,0,178,1.8056684732437134,0.29857372802143434
classifier.0.weight,0,179,1.8037676811218262,0.299147723648246
classifier.0.weight,0,180,1.8013768196105957,0.2997201986418215
classifier.0.weight,0,181,1.7994872331619263,0.30029147324953376
classifier.0.weight,0,182,1.7979083061218262,0.30086174578822683
classifier.0.weight,0,183,1.7945842742919922,0.3014299115990781
classifier.0.weight,0,184,1.794377326965332,0.3019979463783386
classifier.0.weight,0,185,1.7909815311431885,0.3025638332203897
classifier.0.weight,0,186,1.7885822057724,0.30312820487407416
classifier.0.weight,0,187,1.7872079610824585,0.30369170959887143
classifier.0.weight,0,188,1.7862240076065063,0.30425459401555216
classifier.0.weight,0,189,1.7856683731079102,0.30481712829769764
classifier.0.weight,0,190,1.7822076082229614,0.30537748422198535
classifier.0.weight,0,191,1.7806271314620972,0.30593684673021954
classifier.0.weight,0,192,1.7784476280212402,0.30649484074712247
classifier.0.weight,0,193,1.7775557041168213,0.30705227521603023
classifier.0.weight,0,194,1.773717999458313,0.3076073053051086
classifier.0.weight,0,195,1.7717620134353638,0.3081611119387094
classifier.0.weight,0,196,1.7684944868087769,0.3087128777685524
classifier.0.weight,0,197,1.7668707370758057,0.30926363085187564
classifier.0.weight,0,198,1.7653310298919678,0.30981342446603716
classifier.0.weight,0,199,1.7643375396728516,0.310362599430359
classifier.0.weight,0,200,1.762790560722351,0.31091081177880836
classifier.0.weight,0,201,1.760665774345398,0.31145770334402123
classifier.0.weight,0,202,1.7587825059890747,0.31200342558708033
classifier.0.weight,0,203,1.7574169635772705,0.31254830074692014
classifier.0.weight,0,204,1.75626802444458,0.3130924636981395
classifier.0.weight,0,205,1.7537962198257446,0.3136350959969265
classifier.0.weight,0,206,1.750557780265808,0.3141757261708999
classifier.0.weight,0,207,1.7480603456497192,0.3147148148643207
classifier.0.weight,0,208,1.7466942071914673,0.3152530612733014
classifier.0.weight,0,209,1.7457573413848877,0.3157907304439549
classifier.0.weight,0,210,1.744541049003601,0.31632765067305957
classifier.0.weight,0,211,1.7411545515060425,0.3168624883897527
classifier.0.weight,0,212,1.7400331497192383,0.3173966373969588
classifier.0.weight,0,213,1.7375633716583252,0.3179292711534333
classifier.0.weight,0,214,1.7360353469848633,0.31846096851855604
classifier.0.weight,0,215,1.7343538999557495,0.31899163642537665
classifier.0.weight,0,216,1.7321991920471191,0.31952098658032213
classifier.0.weight,0,217,1.731144666671753,0.32004969241761716
classifier.0.weight,0,218,1.7290699481964111,0.320577131742088
classifier.0.weight,0,219,1.7278482913970947,0.3211038260160672
classifier.0.weight,0,220,1.7265748977661133,0.32162974424738766
classifier.0.weight,0,221,1.7240902185440063,0.32215414989115304
classifier.0.weight,0,222,1.723584532737732,0.32267824795751
classifier.0.weight,0,223,1.7218111753463745,0.3232012681132267
classifier.0.weight,0,224,1.7205144166946411,0.32372350075458467
classifier.0.weight,0,225,1.7175322771072388,0.32424392461022605
classifier.0.weight,0,226,1.7168604135513306,0.32476394138713227
classifier.0.weight,0,227,1.7148292064666748,0.3252827284345571
classifier.0.weight,0,228,1.713735818862915,0.325800854128084
classifier.0.weight,0,229,1.7124334573745728,0.32631819261679423
classifier.0.weight,0,230,1.7100000381469727,0.3268340618432077
classifier.0.weight,0,231,1.7084730863571167,0.3273490101857291
classifier.0.weight,0,232,1.7073817253112793,0.3278633008473459
classifier.0.weight,0,233,1.7052170038223267,0.3283762882382548
classifier.0.weight,0,234,1.7026448249816895,0.3288877291982583
classifier.0.weight,0,235,1.702102780342102,0.3293988445710353
classifier.0.weight,0,236,1.699491262435913,0.3299083927494114
classifier.0.weight,0,237,1.6981483697891235,0.33041713598318834
classifier.0.weight,0,238,1.6966712474822998,0.3309249945485117
classifier.0.weight,0,239,1.6963169574737549,0.33143264103924525
classifier.0.weight,0,240,1.6954904794692993,0.3319397929803626
classifier.0.weight,0,241,1.6943172216415405,0.3324462432789536
classifier.0.weight,0,242,1.6908535957336426,0.33295062506123785
classifier.0.weight,0,243,1.6898061037063599,0.3334543821031617
classifier.0.weight,0,244,1.6886086463928223,0.33395742543737866
classifier.0.weight,0,245,1.6869293451309204,0.33445946872785526
classifier.0.weight,0,246,1.6860750913619995,0.33496100368194565
classifier.0.weight,0,247,1.685184359550476,0.335462008867061
classifier.0.weight,0,248,1.6838423013687134,0.33596221638233387
classifier.0.weight,0,249,1.6817047595977783,0.3364611547338569
classifier.0.weight,0,250,1.6798166036605835,0.336958973335266
classifier.0.weight,0,251,1.6784608364105225,0.3374559886897123
classifier.0.weight,0,252,1.6774243116378784,0.33795239037519936
classifier.0.weight,0,253,1.6763215065002441,0.3384481395670117
classifier.0.weight,0,254,1.6744776964187622,0.3389427987952862
classifier.0.weight,0,255,1.6736903190612793,0.33943699293297774
classifier.0.weight,0,256,1.6722283363342285,0.3399303240821839
classifier.0.weight,0,257,1.6699185371398926,0.3404222933253747
classifier.0.weight,0,258,1.667645812034607,0.34091292435959053
classifier.0.weight,0,259,1.6650656461715698,0.34140203836886596
classifier.0.weight,0,260,1.6642636060714722,0.3418906812921279
classifier.0.weight,0,261,1.6636478900909424,0.34237896272265395
classifier.0.weight,0,262,1.660759687423706,0.34286555024716797
classifier.0.weight,0,263,1.6600676774978638,0.3433517323509027
classifier.0.weight,0,264,1.6591761112213135,0.34383739237090016
classifier.0.weight,0,265,1.6586999893188477,0.3443227736981254
classifier.0.weight,0,266,1.6568214893341064,0.3448070562461681
classifier.0.weight,0,267,1.6552925109863281,0.3452904453776614
classifier.0.weight,0,268,1.654874563217163,0.34577359043639766
classifier.0.weight,0,269,1.6526448726654053,0.34625543444395784
classifier.0.weight,0,270,1.6513410806655884,0.3467365184860039
classifier.0.weight,0,271,1.650146245956421,0.34721690659919185
classifier.0.weight,0,272,1.6486146450042725,0.34769640337145746
classifier.0.weight,0,273,1.6480433940887451,0.34817556790657467
classifier.0.weight,0,274,1.6475499868392944,0.34865444557076997
classifier.0.weight,0,275,1.6468394994735718,0.3491329103028281
classifier.0.weight,0,276,1.6458543539047241,0.34961080276730716
classifier.0.weight,0,277,1.644239068031311,0.3500877576589722
classifier.0.weight,0,278,1.642124056816101,0.3505634863102817
classifier.0.weight,0,279,1.6409690380096436,0.35103854597157824
classifier.0.weight,0,280,1.6400868892669678,0.3515130950069812
classifier.0.weight,0,281,1.6391032934188843,0.35198707501826776
classifier.0.weight,0,282,1.6367602348327637,0.35245970091211937
classifier.0.weight,0,283,1.636123538017273,0.35293195917622705
classifier.0.weight,0,284,1.6352064609527588,0.3534036881699795
classifier.0.weight,0,285,1.63343346118927,0.35387439475832033
classifier.0.weight,0,286,1.6325124502182007,0.35434457068077174
classifier.0.weight,0,287,1.6309508085250854,0.35481384750424483
classifier.0.weight,0,288,1.629888653755188,0.35528251329480615
classifier.0.weight,0,289,1.6285855770111084,0.35575042999939244
classifier.0.weight,0,290,1.627231240272522,0.35621756878565236
classifier.0.weight,0,291,1.6265348196029663,0.35668430780636934
classifier.0.weight,0,292,1.6250181198120117,0.35715017678985567
classifier.0.weight,0,293,1.6228998899459839,0.3576148320337309
classifier.0.weight,0,294,1.6221736669540405,0.3580790715183555
classifier.0.weight,0,295,1.6215205192565918,0.35854293723793457
classifier.0.weight,0,296,1.6203334331512451,0.3590061240305633
classifier.0.weight,0,297,1.619584321975708,0.35946888264194465
classifier.0.weight,0,298,1.6175053119659424,0.3599304539581958
classifier.0.weight,0,299,1.6167902946472168,0.36039161728995694
classifier.0.weight,0,300,1.6155710220336914,0.36085208532832774
classifier.0.weight,0,301,1.6143839359283447,0.3613118769317013
classifier.0.weight,0,302,1.6137765645980835,0.36177132263011574
classifier.0.weight,0,303,1.612786889076233,0.362230204975778
classifier.0.weight,0,304,1.6123943328857422,0.3626888639625033
classifier.0.weight,0,305,1.6107441186904907,0.3631465845953336
classifier.0.weight,0,306,1.6101125478744507,0.3636039463551242
classifier.0.weight,0,307,1.6082472801208496,0.36406024904858236
classifier.0.weight,0,308,1.6071248054504395,0.3645159150122525
classifier.0.weight,0,309,1.6068668365478516,0.3649714347045018
classifier.0.weight,0,310,1.6052178144454956,0.3654260199364842
classifier.0.weight,0,311,1.6048955917358398,0.36588042268484067
classifier.0.weight,0,312,1.6027404069900513,0.3663336058344643
classifier.0.weight,0,313,1.6016138792037964,0.3667861521448458
classifier.0.weight,0,314,1.6001002788543701,0.36723784350436056
classifier.0.weight,0,315,1.5984442234039307,0.3676886003738867
classifier.0.weight,0,316,1.598134160041809,0.368139182386345
classifier.0.weight,0,317,1.5966651439666748,0.36858893642325685
classifier.0.weight,0,318,1.5962121486663818,0.3690384352938748
classifier.0.weight,0,319,1.5941745042800903,0.36948678728155115
classifier.0.weight,0,320,1.5936932563781738,0.36993486861393243
classifier.0.weight,0,321,1.5924378633499146,0.37038224429405153
classifier.0.weight,0,322,1.5906754732131958,0.37082863027880425
classifier.0.weight,0,323,1.5903737545013428,0.3712748469389735
classifier.0.weight,0,324,1.589727759361267,0.3717207011745868
classifier.0.weight,0,325,1.588847041130066,0.37216606153547194
classifier.0.weight,0,326,1.5873998403549194,0.37261061095318915
classifier.0.weight,0,327,1.5861839056015015,0.3730544795896096
classifier.0.weight,0,328,1.5850622653961182,0.3734977207012137
classifier.0.weight,0,329,1.5841288566589355,0.37394043993639897
classifier.0.weight,0,330,1.5828980207443237,0.37438247147116316
classifier.0.weight,0,331,1.5814504623413086,0.3748236949009507
classifier.0.weight,0,332,1.5810234546661377,0.37526468009329766
classifier.0.weight,0,333,1.5799564123153687,0.37570507023933286
classifier.0.weight,0,334,1.5782735347747803,0.37614452272913934
classifier.0.weight,0,335,1.5773805379867554,0.37658347806983494
classifier.0.weight,0,336,1.5762677192687988,0.37702181427595793
classifier.0.weight,0,337,1.5755815505981445,0.37745976893889105
classifier.0.weight,0,338,1.57431161403656,0.3778970178935135
classifier.0.weight,0,339,1.5740171670913696,0.3783341033041743
classifier.0.weight,0,340,1.5731663703918457,0.37877071633075987
classifier.0.weight,0,341,1.570974349975586,0.3792061134682846
classifier.0.weight,0,342,1.5699353218078613,0.3796409348608434
classifier.0.weight,0,343,1.5695701837539673,0.3800755540140215
classifier.0.weight,0,344,1.568085789680481,0.38050935148871223
classifier.0.weight,0,345,1.5677266120910645,0.38094295025936803
classifier.0.weight,0,346,1.567206621170044,0.3813762614415753
classifier.0.weight,0,347,1.5671433210372925,0.38180953762124875
classifier.0.weight,0,348,1.565474033355713,0.3822418912594063
classifier.0.weight,0,349,1.5644910335540771,0.38267370209698537
classifier.0.weight,0,350,1.5635490417480469,0.3831049930980109
classifier.0.weight,0,351,1.5624126195907593,0.3835356573831247
classifier.0.weight,0,352,1.5613198280334473,0.3839657194435702
classifier.0.weight,0,353,1.5606147050857544,0.3843953931426485
classifier.0.weight,0,354,1.5595791339874268,0.3848244967970723
classifier.0.weight,0,355,1.5591195821762085,0.3852533476059636
classifier.0.weight,0,356,1.5587105751037598,0.38568197344172384
classifier.0.weight,0,357,1.557401418685913,0.3861098795766962
classifier.0.weight,0,358,1.5566602945327759,0.3865373785512396
classifier.0.weight,0,359,1.5557376146316528,0.3869643708926875
classifier.0.weight,0,360,1.5547575950622559,0.38739082544544357
classifier.0.weight,0,361,1.5528684854507446,0.38781624429982103
classifier.0.weight,0,362,1.551415205001831,0.38824086725472884
classifier.0.weight,0,363,1.5505645275115967,0.3886650246757725
classifier.0.weight,0,364,1.549558162689209,0.3890886316926527
classifier.0.weight,0,365,1.548864722251892,0.38951185965889096
classifier.0.weight,0,366,1.5484836101531982,0.3899348793726566
classifier.0.weight,0,367,1.5477608442306519,0.39035750428356153
classifier.0.weight,0,368,1.5463695526123047,0.39077936973576516
classifier.0.weight,0,369,1.5451620817184448,0.3912005766243324
classifier.0.weight,0,370,1.544097661972046,0.391621203397053
classifier.0.weight,0,371,1.5433948040008545,0.39204144732664
classifier.0.weight,0,372,1.5422086715698242,0.39246104557125777
classifier.0.weight,0,373,1.5414211750030518,0.39288021540716667
classifier.0.weight,0,374,1.5409663915634155,0.393299137934448
classifier.0.weight,0,375,1.5395199060440063,0.3937172743563777
classifier.0.weight,0,376,1.5386639833450317,0.39413494596721266
classifier.0.weight,0,377,1.5378905534744263,0.3945521977872247
classifier.0.weight,0,378,1.535531997680664,0.39496817076842283
classifier.0.weight,0,379,1.534760594367981,0.39538372591093657
classifier.0.weight,0,380,1.533948540687561,0.3957988414229181
classifier.0.weight,0,381,1.5328234434127808,0.39621334821297943
classifier.0.weight,0,382,1.5322374105453491,0.3966275381130977
classifier.0.weight,0,383,1.531461477279663,0.3970413086234473
classifier.0.weight,0,384,1.529671311378479,0.39745411236454126
classifier.0.weight,0,385,1.5291584730148315,0.3978666393584597
classifier.0.weight,0,386,1.5284793376922607,0.3982788000078234
classifier.0.weight,0,387,1.527673602104187,0.3986905262319856
classifier.0.weight,0,388,1.5270576477050781,0.3991019205089933
classifier.0.weight,0,389,1.5261090993881226,0.3995128038607551
classifier.0.weight,0,390,1.5257664918899536,0.39992350274875105
classifier.0.weight,0,391,1.5240941047668457,0.4003333017990459
classifier.0.weight,0,392,1.5236730575561523,0.400742874457922
classifier.0.weight,0,393,1.5228949785232544,0.40115202891877566
classifier.0.weight,0,394,1.5224677324295044,0.40156095383638923
classifier.0.weight,0,395,1.5211130380630493,0.40196915135359956
classifier.0.weight,0,396,1.5207066535949707,0.40237713078974996
classifier.0.weight,0,397,1.5202018022537231,0.4027848393850045
classifier.0.weight,0,398,1.5193830728530884,0.4031921089423289
classifier.0.weight,0,399,1.518304705619812,0.4035988005936603
classifier.0.weight,0,400,1.5163689851760864,0.404004455905573
classifier.0.weight,0,401,1.5159087181091309,0.40440986499582565
classifier.0.weight,0,402,1.5155820846557617,0.4048150993975852
classifier.0.weight,0,403,1.5145987272262573,0.40521980811223457
classifier.0.weight,0,404,1.513880729675293,0.40562413321241775
classifier.0.weight,0,405,1.5130008459091187,0.4060279884529886
classifier.0.weight,0,406,1.5125410556793213,0.4064315982733674
classifier.0.weight,0,407,1.5114306211471558,0.40683461568964113
classifier.0.weight,0,408,1.5103943347930908,0.4072370806514803
classifier.0.weight,0,409,1.509659767150879,0.40763915423758296
classifier.0.weight,0,410,1.5084969997406006,0.4080406086934323
classifier.0.weight,0,411,1.507866621017456,0.4084417276955545
classifier.0.weight,0,412,1.5071696043014526,0.40884247594601236
classifier.0.weight,0,413,1.5068761110305786,0.4092430681351184
classifier.0.weight,0,414,1.5050808191299438,0.4096427063619287
classifier.0.weight,0,415,1.5043869018554688,0.41004197616740584
classifier.0.weight,0,416,1.503819227218628,0.41044094470387066
classifier.0.weight,0,417,1.5030134916305542,0.41083948582589136
classifier.0.weight,0,418,1.5023787021636963,0.4112376903757078
classifier.0.weight,0,419,1.5015463829040527,0.4116354538363255
classifier.0.weight,0,420,1.5010122060775757,0.4120329343376805
classifier.0.weight,0,421,1.5007776021957397,0.41243029059863184
classifier.0.weight,0,422,1.4993609189987183,0.41282689703196734
classifier.0.weight,0,423,1.4984724521636963,0.41322303357542267
classifier.0.weight,0,424,1.498008370399475,0.4136189247873368
classifier.0.weight,0,425,1.4969531297683716,0.4140142584411502
classifier.0.weight,0,426,1.4967050552368164,0.4144094610767202
classifier.0.weight,0,427,1.4953266382217407,0.4148039361097676
classifier.0.weight,0,428,1.4947495460510254,0.41519810672166857
classifier.0.weight,0,429,1.4943209886550903,0.41559205134184346
classifier.0.weight,0,430,1.494020938873291,0.4159858377749474
classifier.0.weight,0,431,1.4925312995910645,0.41637883933645464
classifier.0.weight,0,432,1.4913058280944824,0.4167711957999416
classifier.0.weight,0,433,1.49048912525177,0.41716312263874655
classifier.0.weight,0,434,1.4896031618118286,0.4175545836846183
classifier.0.weight,0,435,1.48859441280365,0.4179455147205587
classifier.0.weight,0,436,1.4880965948104858,0.41833618432872427
classifier.0.weight,0,437,1.487570881843567,0.41872657795507356
classifier.0.weight,0,438,1.487045407295227,0.41911669582221767
classifier.0.weight,0,439,1.48628830909729,0.4195064165497113
classifier.0.weight,0,440,1.4857299327850342,0.4198958445077003
classifier.0.weight,0,441,1.4849823713302612,0.42028488067430925
classifier.0.weight,0,442,1.4845455884933472,0.42067368801755495
classifier.0.weight,0,443,1.4837511777877808,0.421062079354615
classifier.0.weight,0,444,1.48326575756073,0.4214502166030194
classifier.0.weight,0,445,1.4820410013198853,0.4218377131338004
classifier.0.weight,0,446,1.4817304611206055,0.4222250472930374
classifier.0.weight,0,447,1.4812790155410767,0.4226121454664985
classifier.0.weight,0,448,1.4804298877716064,0.42299879996716816
classifier.0.weight,0,449,1.4799855947494507,0.42338522242426674
classifier.0.weight,0,450,1.4788832664489746,0.4237710694625535
classifier.0.weight,0,451,1.4774736166000366,0.42415618128392574
classifier.0.weight,0,452,1.4771260023117065,0.4245411119113708
classifier.0.weight,0,453,1.4756999015808105,0.4249252996301476
classifier.0.weight,0,454,1.4748449325561523,0.42530904230796823
classifier.0.weight,0,455,1.4743273258209229,0.42569251567891414
classifier.0.weight,0,456,1.4736229181289673,0.42607562270372
classifier.0.weight,0,457,1.4735060930252075,0.42645866898741874
classifier.0.weight,0,458,1.472686767578125,0.4268412894129337
classifier.0.weight,0,459,1.4713901281356812,0.42722323637231946
classifier.0.weight,0,460,1.4706227779388428,0.42760478505439675
classifier.0.weight,0,461,1.4703131914138794,0.42798617311078657
classifier.0.weight,0,462,1.4697375297546387,0.42836726258112945
classifier.0.weight,0,463,1.468799352645874,0.42874786568530227
classifier.0.weight,0,464,1.4677528142929077,0.4291279266135236
classifier.0.weight,0,465,1.4669338464736938,0.4295075635318849
classifier.0.weight,0,466,1.4659336805343628,0.4298866829484176
classifier.0.weight,0,467,1.4658674001693726,0.4302657680829011
classifier.0.weight,0,468,1.4652501344680786,0.4306445340248242
classifier.0.weight,0,469,1.4641793966293335,0.4310227465993263
classifier.0.weight,0,470,1.4633020162582397,0.43140050603691554
classifier.0.weight,0,471,1.463042974472046,0.43177813174022855
classifier.0.weight,0,472,1.4624534845352173,0.4321554531986089
classifier.0.weight,0,473,1.461179256439209,0.43253211742699577
classifier.0.weight,0,474,1.4610888957977295,0.43290873507031274
classifier.0.weight,0,475,1.460651159286499,0.43328512708109207
classifier.0.weight,0,476,1.459754228591919,0.43366105697757046
classifier.0.weight,0,477,1.4589550495147705,0.43403657536221835
classifier.0.weight,0,478,1.4583970308303833,0.4344118065465148
classifier.0.weight,0,479,1.457909107208252,0.434786786696932
classifier.0.weight,0,480,1.456897497177124,0.4351612466474625
classifier.0.weight,0,481,1.4567270278930664,0.4355356189731804
classifier.0.weight,0,482,1.456167459487915,0.43590970374098736
classifier.0.weight,0,483,1.455300211906433,0.43628334305521743
classifier.0.weight,0,484,1.4538700580596924,0.43665624836400446
classifier.0.weight,0,485,1.452915906906128,0.4370286643700879
classifier.0.weight,0,486,1.4523199796676636,0.43740077493890955
classifier.0.weight,0,487,1.451718807220459,0.4377725775090466
classifier.0.weight,0,488,1.4509756565093994,0.43814399951702365
classifier.0.weight,0,489,1.450889229774475,0.43851537727913725
classifier.0.weight,0,490,1.4501941204071045,0.43888639927829165
classifier.0.weight,0,491,1.4495974779129028,0.43925711604664963
classifier.0.weight,0,492,1.4489147663116455,0.4396274837070058
classifier.0.weight,0,493,1.4478840827941895,0.4399973246337271
classifier.0.weight,0,494,1.446979284286499,0.44036670346964274
classifier.0.weight,0,495,1.446271538734436,0.4407357210532631
classifier.0.weight,0,496,1.445404291152954,0.4411042962114516
classifier.0.weight,0,497,1.4440752267837524,0.4414721938638414
classifier.0.weight,0,498,1.4437335729599,0.4418399174549794
classifier.0.weight,0,499,1.4435465335845947,0.44220754577322663
classifier.0.weight,0,500,1.4429060220718384,0.4425748479254309
classifier.0.weight,0,501,1.4425463676452637,0.44294196699518995
classifier.0.weight,0,502,1.4417606592178345,0.44330868625805325
classifier.0.weight,0,503,1.4411565065383911,0.4436750982466072
classifier.0.weight,0,504,1.4405285120010376,0.4440411909713043
classifier.0.weight,0,505,1.439810037612915,0.44440691860409165
classifier.0.weight,0,506,1.4389172792434692,0.4447721928365401
classifier.0.weight,0,507,1.4384074211120605,0.44513720825627573
classifier.0.weight,0,508,1.4377409219741821,0.4455018854879633
classifier.0.weight,0,509,1.4366235733032227,0.4458659961178669
classifier.0.weight,0,510,1.4365389347076416,0.44623006384592045
classifier.0.weight,0,511,1.435685634613037,0.4465936991920121
classifier.0.weight,0,512,1.4353501796722412,0.4469571646276169
classifier.0.weight,0,513,1.4341002702713013,0.4473199973241613
classifier.0.weight,0,514,1.4339574575424194,0.4476827577600017
classifier.0.weight,0,515,1.433477759361267,0.44804527552976603
classifier.0.weight,0,516,1.4331028461456299,0.4484076036978033
classifier.0.weight,0,517,1.4322333335876465,0.44876949232541596
classifier.0.weight,0,518,1.4316092729568481,0.4491310656535063
classifier.0.weight,0,519,1.4305365085601807,0.4494920973007455
classifier.0.weight,0,520,1.4303120374679565,0.44985301565509156
classifier.0.weight,0,521,1.4296172857284546,0.45021358347368123
classifier.0.weight,0,522,1.428694486618042,0.4505736859589561
classifier.0.weight,0,523,1.4280818700790405,0.45093347969040953
classifier.0.weight,0,524,1.4271159172058105,0.4512927868583728
classifier.0.weight,0,525,1.4264594316482544,0.4516517635336126
classifier.0.weight,0,526,1.4260047674179077,0.4520105114076133
classifier.0.weight,0,527,1.42538321018219,0.452368946612616
classifier.0.weight,0,528,1.424630880355835,0.4527270035469491
classifier.0.weight,0,529,1.4237244129180908,0.4530846049756517
classifier.0.weight,0,530,1.4233883619308472,0.45344203761026813
classifier.0.weight,0,531,1.423051357269287,0.4537993010117961
classifier.0.weight,0,532,1.4222713708877563,0.45415617288252186
classifier.0.weight,0,533,1.4216450452804565,0.4545127305111411
classifier.0.weight,0,534,1.4210362434387207,0.4548689828223926
classifier.0.weight,0,535,1.4201716184616089,0.4552248017443626
classifier.0.weight,0,536,1.41926109790802,0.45558016455725386
classifier.0.weight,0,537,1.4192267656326294,0.4559355101777252
classifier.0.weight,0,538,1.418247103691101,0.45629036539252
classifier.0.weight,0,539,1.417981505393982,0.45664508771070544
classifier.0.weight,0,540,1.4170464277267456,0.45699934234500317
classifier.0.weight,0,541,1.416737675666809,0.45735344262312716
classifier.0.weight,0,542,1.4158976078033447,0.45770712309160544
classifier.0.weight,0,543,1.415468454360962,0.4580605891940346
classifier.0.weight,0,544,1.4146009683609009,0.4584136221777538
classifier.0.weight,0,545,1.4143043756484985,0.45876650713947126
classifier.0.weight,0,546,1.4137239456176758,0.4591191025128898
classifier.0.weight,0,547,1.4125497341156006,0.4594711124118878
classifier.0.weight,0,548,1.4118393659591675,0.4598227683499024
classifier.0.weight,0,549,1.4113577604293823,0.4601741844156446
classifier.0.weight,0,550,1.4108123779296875,0.4605253289426636
classifier.0.weight,0,551,1.4104453325271606,0.46087629078172165
classifier.0.weight,0,552,1.4099342823028564,0.46122699833707415
classifier.0.weight,0,553,1.4091477394104004,0.4615773147116506
classifier.0.weight,0,554,1.4086061716079712,0.46192736186873196
classifier.0.weight,0,555,1.4079582691192627,0.46227708708449267
classifier.0.weight,0,556,1.4070764780044556,0.4626263743781566
classifier.0.weight,0,557,1.4066526889801025,0.4629754513039657
classifier.0.weight,0,558,1.4055191278457642,0.46332396584419056
classifier.0.weight,0,559,1.40518057346344,0.46367231250777546
classifier.0.weight,0,560,1.4049129486083984,0.4640205264946789
classifier.0.weight,0,561,1.404287338256836,0.46436843042995773
classifier.0.weight,0,562,1.4040688276290894,0.46471622610421237
classifier.0.weight,0,563,1.4029967784881592,0.46506349087612975
classifier.0.weight,0,564,1.4025827646255493,0.4654105507278097
classifier.0.weight,0,565,1.4020942449569702,0.4657573688596544
classifier.0.weight,0,566,1.4011528491973877,0.46610372142577466
classifier.0.weight,0,567,1.4008326530456543,0.4664499157106808
classifier.0.weight,0,568,1.3999722003936768,0.46679568483087747
classifier.0.weight,0,569,1.3987983465194702,0.46714087435062446
classifier.0.weight,0,570,1.3982200622558594,0.4674857785162956
classifier.0.weight,0,571,1.3980199098587036,0.4678305839443554
classifier.0.weight,0,572,1.3974087238311768,0.4681750879543986
classifier.0.weight,0,573,1.3972972631454468,0.4685195370096943
classifier.0.weight,0,574,1.3965606689453125,0.4688636230036598
classifier.0.weight,0,575,1.3962152004241943,0.4692075387849313
classifier.0.weight,0,576,1.3956921100616455,0.46955119691919944
classifier.0.weight,0,577,1.3950635194778442,0.46989454557027976
classifier.0.weight,0,578,1.3940290212631226,0.47023738519526037
classifier.0.weight,0,579,1.3935520648956299,0.4705799902604632
classifier.0.weight,0,580,1.3931872844696045,0.470922415986454
classifier.0.weight,0,581,1.3925572633743286,0.4712645320819251
classifier.0.weight,0,582,1.3920140266418457,0.4716063813104103
classifier.0.weight,0,583,1.3915739059448242,0.4719480144043843
classifier.0.weight,0,584,1.3913601636886597,0.4722895425584481
classifier.0.weight,0,585,1.3910868167877197,0.4726309365323125
classifier.0.weight,0,586,1.3890430927276611,0.4729713281207848
classifier.0.weight,0,587,1.388542652130127,0.4733114744827627
classifier.0.weight,0,588,1.3879343271255493,0.4736513228715948
classifier.0.weight,0,589,1.3877513408660889,0.4739910816546222
classifier.0.weight,0,590,1.3874623775482178,0.4743306989604256
classifier.0.weight,0,591,1.3861615657806396,0.4746696797500956
classifier.0.weight,0,592,1.3859769105911255,0.4750085702322657
classifier.0.weight,0,593,1.385697603225708,0.47534732413918784
classifier.0.weight,0,594,1.3856003284454346,0.4756860304873133
classifier.0.weight,0,595,1.384811520576477,0.47602435130120146
classifier.0.weight,0,596,1.3842589855194092,0.4763624021912561
classifier.0.weight,0,597,1.38338041305542,0.47670002410385104
classifier.0.weight,0,598,1.3830784559249878,0.47703749864379763
classifier.0.weight,0,599,1.3829201459884644,0.47737489593213905
classifier.0.weight,0,600,1.3819963932037354,0.47771184262672556
classifier.0.weight,0,601,1.3807963132858276,0.47804820438868006
classifier.0.weight,0,602,1.380434513092041,0.47838438990478865
classifier.0.weight,0,603,1.3796371221542358,0.4787201871462527
classifier.0.weight,0,604,1.3792120218276978,0.4790557774847237
classifier.0.weight,0,605,1.3789373636245728,0.4793912341766485
classifier.0.weight,0,606,1.378315806388855,0.47972638852192917
classifier.0.weight,0,607,1.3773541450500488,0.4800610753509301
classifier.0.weight,0,608,1.377109408378601,0.48039564325211037
classifier.0.weight,0,609,1.3769116401672363,0.48073011506485513
classifier.0.weight,0,610,1.3759599924087524,0.4810641246992788
classifier.0.weight,0,611,1.3755680322647095,0.4813979440668077
classifier.0.weight,0,612,1.3745428323745728,0.48173126603393235
classifier.0.weight,0,613,1.3740851879119873,0.48206436608355124
classifier.0.weight,0,614,1.3737759590148926,0.4823973162260586
classifier.0.weight,0,615,1.3734805583953857,0.48273012319659775
classifier.0.weight,0,616,1.3727233409881592,0.4830625633068091
classifier.0.weight,0,617,1.3723007440567017,0.483394798763189
classifier.0.weight,0,618,1.371648907661438,0.4837267186739716
classifier.0.weight,0,619,1.3707760572433472,0.4840582162839007
classifier.0.weight,0,620,1.3705495595932007,0.4843896043540897
classifier.0.weight,0,621,1.369502305984497,0.48472048618244534
classifier.0.weight,0,622,1.3690491914749146,0.48505114909542685
classifier.0.weight,0,623,1.3682788610458374,0.48538144000126215
classifier.0.weight,0,624,1.368001937866211,0.4857115972268153
classifier.0.weight,0,625,1.3675793409347534,0.4860415505025405
classifier.0.weight,0,626,1.3672951459884644,0.48637136665816244
classifier.0.weight,0,627,1.3668960332870483,0.48670099029557734
classifier.0.weight,0,628,1.3668164014816284,0.4870305755280806
classifier.0.weight,0,629,1.3656679391860962,0.4873596071277932
classifier.0.weight,0,630,1.364935040473938,0.4876882856663818
classifier.0.weight,0,631,1.364640712738037,0.48801682247107525
classifier.0.weight,0,632,1.3638710975646973,0.4883449888110616
classifier.0.weight,0,633,1.3633602857589722,0.48867290938024244
classifier.0.weight,0,634,1.3627148866653442,0.4890005195552502
classifier.0.weight,0,635,1.361951470375061,0.4893277627673797
classifier.0.weight,0,636,1.3614740371704102,0.4896547765889702
classifier.0.weight,0,637,1.3613287210464478,0.4899817206070335
classifier.0.weight,0,638,1.360422134399414,0.49030822930865825
classifier.0.weight,0,639,1.3603712320327759,0.4906347135770512
classifier.0.weight,0,640,1.3588151931762695,0.49096045138499395
classifier.0.weight,0,641,1.3585971593856812,0.491286084666359
classifier.0.weight,0,642,1.3582818508148193,0.4916115668167588
classifier.0.weight,0,643,1.3576951026916504,0.49193676782552087
classifier.0.weight,0,644,1.357111930847168,0.49226168952659166
classifier.0.weight,0,645,1.3568421602249146,0.49258648206275657
classifier.0.weight,0,646,1.3561475276947021,0.49291094213031583
classifier.0.weight,0,647,1.3559274673461914,0.4932352969069668
classifier.0.weight,0,648,1.354806900024414,0.4935591157977596
classifier.0.weight,0,649,1.3543498516082764,0.49388271624274005
classifier.0.weight,0,650,1.3540256023406982,0.49420616175781573
classifier.0.weight,0,651,1.353241205215454,0.49452923263264265
classifier.0.weight,0,652,1.3527024984359741,0.4948520463384915
classifier.0.weight,0,653,1.35245943069458,0.49517474404167355
classifier.0.weight,0,654,1.352150559425354,0.4954972943679133
classifier.0.weight,0,655,1.3516877889633179,0.49581962394769935
classifier.0.weight,0,656,1.351383924484253,0.4961418086219806
classifier.0.weight,0,657,1.3507416248321533,0.4964636871065516
classifier.0.weight,0,658,1.3500970602035522,0.49678525846801325
classifier.0.weight,0,659,1.3499774932861328,0.4971067728741715
classifier.0.weight,0,660,1.349311351776123,0.4974279700583741
classifier.0.weight,0,661,1.3488630056381226,0.4977489538246851
classifier.0.weight,0,662,1.3485186100006104,0.49806977370289784
classifier.0.weight,0,663,1.3477808237075806,0.49839024263043397
classifier.0.weight,0,664,1.3470767736434937,0.49871037683405345
classifier.0.weight,0,665,1.3463375568389893,0.49903015978278326
classifier.0.weight,0,666,1.3460242748260498,0.4993497939269438
classifier.0.weight,0,667,1.3453114032745361,0.4996690895961537
classifier.0.weight,0,668,1.3448486328125,0.49998816563563314
classifier.0.weight,0,669,1.344130039215088,0.5003069007821137
classifier.0.weight,0,670,1.3436089754104614,0.5006253888555404
classifier.0.weight,0,671,1.3433669805526733,0.500943762214736
classifier.0.weight,0,672,1.3429546356201172,0.5012619401552632
classifier.0.weight,0,673,1.342204213142395,0.5015797626092203
classifier.0.weight,0,674,1.3418329954147339,0.5018974092851359
classifier.0.weight,0,675,1.3413234949111938,0.5022148147828782
classifier.0.weight,0,676,1.3408182859420776,0.5025319812243364
classifier.0.weight,0,677,1.340010166168213,0.5028487654645131
classifier.0.weight,0,678,1.3394607305526733,0.5031652899800017
classifier.0.weight,0,679,1.3388599157333374,0.5034815306051689
classifier.0.weight,0,680,1.3385545015335083,0.5037976269682514
classifier.0.weight,0,681,1.338198184967041,0.5041135550671656
classifier.0.weight,0,682,1.3376471996307373,0.5044292230612374
classifier.0.weight,0,683,1.337429165840149,0.5047447881572057
classifier.0.weight,0,684,1.3369779586791992,0.5050601403653194
classifier.0.weight,0,685,1.3358842134475708,0.505374976822386
classifier.0.weight,0,686,1.3354123830795288,0.5056895909201099
classifier.0.weight,0,687,1.335214614868164,0.5060041118390362
classifier.0.weight,0,688,1.334700107574463,0.5063183904117107
classifier.0.weight,0,689,1.3345513343811035,0.5066325989257694
classifier.0.weight,0,690,1.333559513092041,0.5069463405819674
classifier.0.weight,0,691,1.333443522453308,0.5072600276631545
classifier.0.weight,0,692,1.3331072330474854,0.5075735565429055
classifier.0.weight,0,693,1.332075595855713,0.507886600356049
classifier.0.weight,0,694,1.3315067291259766,0.5081993768537549
classifier.0.weight,0,695,1.3312551975250244,0.5085120351909732
classifier.0.weight,0,696,1.3308390378952026,0.5088244980804058
classifier.0.weight,0,697,1.3304468393325806,0.5091367768312081
classifier.0.weight,0,698,1.3295072317123413,0.509448614653634
classifier.0.weight,0,699,1.3289705514907837,0.5097602007686465
classifier.0.weight,0,700,1.3285415172576904,0.5100715857361896
classifier.0.weight,0,701,1.328148365020752,0.5103827864361266
classifier.0.weight,0,702,1.3275656700134277,0.5106937141314496
classifier.0.weight,0,703,1.3273344039916992,0.5110045335070871
classifier.0.weight,0,704,1.3265825510025024,0.5113150008624796
classifier.0.weight,0,705,1.3258827924728394,0.5116251407676418
classifier.0.weight,0,706,1.325769305229187,0.5119352275830182
classifier.0.weight,0,707,1.325716495513916,0.5122452896953483
classifier.0.weight,0,708,1.325232982635498,0.5125551256783576
classifier.0.weight,0,709,1.3239599466323853,0.5128643666823435
classifier.0.weight,0,710,1.3236571550369263,0.513173466254755
classifier.0.weight,0,711,1.3233122825622559,0.51348240477935
classifier.0.weight,0,712,1.3227410316467285,0.5137910766347311
classifier.0.weight,0,713,1.3223592042922974,0.5140995703110972
classifier.0.weight,0,714,1.3218439817428589,0.5144078236413698
classifier.0.weight,0,715,1.321312427520752,0.5147158291051526
classifier.0.weight,0,716,1.320635437965393,0.5150235190295371
classifier.0.weight,0,717,1.32017183303833,0.5153309929646744
classifier.0.weight,0,718,1.3198856115341187,0.5156383335897229
classifier.0.weight,0,719,1.3195385932922363,0.5159455126268547
classifier.0.weight,0,720,1.3188802003860474,0.5162523852022517
classifier.0.weight,0,721,1.3186036348342896,0.5165591290904722
classifier.0.weight,0,722,1.3182896375656128,0.5168657269070868
classifier.0.weight,0,723,1.317829966545105,0.5171721109473715
classifier.0.weight,0,724,1.3176302909851074,0.5174784021490173
classifier.0.weight,0,725,1.317360758781433,0.5177845680546688
classifier.0.weight,0,726,1.316648244857788,0.5180904028612267
classifier.0.weight,0,727,1.3159593343734741,0.5183959177073317
classifier.0.weight,0,728,1.3155847787857056,0.5187012586635534
classifier.0.weight,0,729,1.315031886100769,0.5190063430261915
classifier.0.weight,0,730,1.3143504858016968,0.519311111304149
classifier.0.weight,0,731,1.3139599561691284,0.5196156984989588
classifier.0.weight,0,732,1.3135312795639038,0.519920086984356
classifier.0.weight,0,733,1.3130812644958496,0.5202242669388372
classifier.0.weight,0,734,1.312793254852295,0.5205283134710316
classifier.0.weight,0,735,1.3123931884765625,0.5208321747185144
classifier.0.weight,0,736,1.3118200302124023,0.5211357706147955
classifier.0.weight,0,737,1.3111881017684937,0.5214390740857916
classifier.0.weight,0,738,1.3103693723678589,0.5217419988987753
classifier.0.weight,0,739,1.30979323387146,0.5220446573925327
classifier.0.weight,0,740,1.309678554534912,0.5223472628899013
classifier.0.weight,0,741,1.3091856241226196,0.5226496406437806
classifier.0.weight,0,742,1.3091241121292114,0.522951989983933
classifier.0.weight,0,743,1.3087992668151855,0.5232541892931147
classifier.0.weight,0,744,1.3082606792449951,0.5235561399357412
classifier.0.weight,0,745,1.3075594902038574,0.5238577669918748
classifier.0.weight,0,746,1.3073759078979492,0.5241593093566368
classifier.0.weight,0,747,1.306686282157898,0.5244605336850495
classifier.0.weight,0,748,1.3057782649993896,0.5247613395169509
classifier.0.weight,0,749,1.3052318096160889,0.5250618936329592
classifier.0.weight,0,750,1.304659366607666,0.5253621841752902
classifier.0.weight,0,751,1.3043947219848633,0.5256623529046497
classifier.0.weight,0,752,1.3041009902954102,0.5259623864615198
classifier.0.weight,0,753,1.3035602569580078,0.5262621712577303
classifier.0.weight,0,754,1.303363561630249,0.5265618655911952
classifier.0.weight,0,755,1.3029251098632812,0.5268613583241056
classifier.0.weight,0,756,1.3021721839904785,0.5271605050192099
classifier.0.weight,0,757,1.3021228313446045,0.5274596290392772
classifier.0.weight,0,758,1.301575779914856,0.527758501774527
classifier.0.weight,0,759,1.3011198043823242,0.5280571651408167
classifier.0.weight,0,760,1.3009681701660156,0.5283557588979184
classifier.0.weight,0,761,1.3007220029830933,0.528654239666814
classifier.0.weight,0,762,1.2998942136764526,0.5289523406457673
classifier.0.weight,0,763,1.2998123168945312,0.5292504040635999
classifier.0.weight,0,764,1.2991673946380615,0.5295481717771356
classifier.0.weight,0,765,1.298411250114441,0.5298455929765823
classifier.0.weight,0,766,1.298124074935913,0.5301428826267365
classifier.0.weight,0,767,1.2976104021072388,0.5304399370460611
classifier.0.weight,0,768,1.2973610162734985,0.5307368772954542
classifier.0.weight,0,769,1.2966651916503906,0.5310334991093065
classifier.0.weight,0,770,1.296007513999939,0.531329820102152
classifier.0.weight,0,771,1.2958436012268066,0.5316260661452404
classifier.0.weight,0,772,1.2953556776046753,0.5319220891394526
classifier.0.weight,0,773,1.294843077659607,0.532217877894761
classifier.0.weight,0,774,1.294485330581665,0.532513503228035
classifier.0.weight,0,775,1.2940815687179565,0.5328089441735566
classifier.0.weight,0,776,1.2939027547836304,0.5331043034776898
classifier.0.weight,0,777,1.2932487726211548,0.5333993642881363
classifier.0.weight,0,778,1.2926918268203735,0.5336941710136808
classifier.0.weight,0,779,1.2924070358276367,0.5339888478566811
classifier.0.weight,0,780,1.292128562927246,0.5342833977262554
classifier.0.weight,0,781,1.2910817861557007,0.5345774705487629
classifier.0.weight,0,782,1.290805459022522,0.5348714175053417
classifier.0.weight,0,783,1.2906161546707153,0.5351652782500792
classifier.0.weight,0,784,1.2896921634674072,0.5354587183778179
classifier.0.weight,0,785,1.2894493341445923,0.5357520480153771
classifier.0.weight,0,786,1.2888160943984985,0.5360450896193231
classifier.0.weight,0,787,1.2886790037155151,0.5363380688852253
classifier.0.weight,0,788,1.288204550743103,0.5366308324584772
classifier.0.weight,0,789,1.2880219221115112,0.5369235130274878
classifier.0.weight,0,790,1.2874219417572021,0.5372159209898146
classifier.0.weight,0,791,1.2868047952651978,0.5375080486783798
classifier.0.weight,0,792,1.2866562604904175,0.5378001089307396
classifier.0.weight,0,793,1.2860321998596191,0.5380918859386778
classifier.0.weight,0,794,1.2853320837020874,0.5383833453461808
classifier.0.weight,0,795,1.2851871252059937,0.5386747390163766
classifier.0.weight,0,796,1.2846829891204834,0.5389659041233555
classifier.0.weight,0,797,1.2844001054763794,0.5392569410169483
classifier.0.weight,0,798,1.2837707996368408,0.5395476927870076
classifier.0.weight,0,799,1.2833822965621948,0.5398382686053089
classifier.0.weight,0,800,1.2823708057403564,0.5401283865725857
classifier.0.weight,0,801,1.2821757793426514,0.5404184163027328
classifier.0.weight,0,802,1.2814594507217407,0.5407081220545844
classifier.0.weight,0,803,1.280860424041748,0.540997557020009
classifier.0.weight,0,804,1.2803353071212769,0.5412867547136127
classifier.0.weight,0,805,1.280075192451477,0.5415758349115559
classifier.0.weight,0,806,1.2797250747680664,0.5418647569965253
classifier.0.weight,0,807,1.2793214321136475,0.5421534968503458
classifier.0.weight,0,808,1.2790579795837402,0.5424421177951718
classifier.0.weight,0,809,1.278327226638794,0.5427304090436746
classifier.0.weight,0,810,1.2779909372329712,0.5430185486306336
classifier.0.weight,0,811,1.277860164642334,0.5433066292518655
classifier.0.weight,0,812,1.2771819829940796,0.5435944041758816
classifier.0.weight,0,813,1.2770682573318481,0.5438821278527972
classifier.0.weight,0,814,1.2765511274337769,0.5441696185579987
classifier.0.weight,0,815,1.276254415512085,0.544456975634387
classifier.0.weight,0,816,1.2758491039276123,0.5447441502226186
classifier.0.weight,0,817,1.2757283449172974,0.5450312704513216
classifier.0.weight,0,818,1.2749595642089844,0.5453180447349264
classifier.0.weight,0,819,1.2743804454803467,0.5456045585575015
classifier.0.weight,0,820,1.2742184400558472,0.5458909995386527
classifier.0.weight,0,821,1.2733074426651,0.5461770310865439
classifier.0.weight,0,822,1.2729771137237549,0.5464629142456967
classifier.0.weight,0,823,1.272591471672058,0.5467486242173394
classifier.0.weight,0,824,1.272335171699524,0.5470342191165719
classifier.0.weight,0,825,1.2718803882598877,0.5473196098862312
classifier.0.weight,0,826,1.2718220949172974,0.5476049744961967
classifier.0.weight,0,827,1.2713396549224854,0.5478901226526347
classifier.0.weight,0,828,1.2706924676895142,0.5481749805683431
classifier.0.weight,0,829,1.27048659324646,0.5484597461875826
classifier.0.weight,0,830,1.2701610326766968,0.548744365883867
classifier.0.weight,0,831,1.2695204019546509,0.5490286985454614
classifier.0.weight,0,832,1.2690727710723877,0.5493128307319137
classifier.0.weight,0,833,1.2686904668807983,0.5495967917562911
classifier.0.weight,0,834,1.268064260482788,0.5498804725321276
classifier.0.weight,0,835,1.2676424980163574,0.5501639646329732
classifier.0.weight,0,836,1.2675684690475464,0.5504474236235135
classifier.0.weight,0,837,1.2670751810073853,0.5507306620346915
classifier.0.weight,0,838,1.2668137550354004,0.551013783581078
classifier.0.weight,0,839,1.2665021419525146,0.5512967658591204
classifier.0.weight,0,840,1.2661241292953491,0.5515795792390369
classifier.0.weight,0,841,1.2655974626541138,0.5518621573854711
classifier.0.weight,0,842,1.2649258375167847,0.5521444356952917
classifier.0.weight,0,843,1.264710783958435,0.552426618031431
classifier.0.weight,0,844,1.2639167308807373,0.5527084461404782
classifier.0.weight,0,845,1.263473391532898,0.5529900765726158
classifier.0.weight,0,846,1.2632545232772827,0.5532716094409693
classifier.0.weight,0,847,1.2628573179244995,0.5535529652922935
classifier.0.weight,0,848,1.262660026550293,0.5538342332401851
classifier.0.weight,0,849,1.261855125427246,0.554115142705629
classifier.0.weight,0,850,1.2616571187973022,0.554395964019
classifier.0.weight,0,851,1.261465311050415,0.5546766999532167
classifier.0.weight,0,852,1.2610909938812256,0.5549572693054617
classifier.0.weight,0,853,1.2604228258132935,0.5552375414264688
classifier.0.weight,0,854,1.2599867582321167,0.5555176196499333
classifier.0.weight,0,855,1.2597459554672241,0.5557975908291526
classifier.0.weight,0,856,1.2593456506729126,0.5560773841058382
classifier.0.weight,0,857,1.2590891122817993,0.556357063402051
classifier.0.weight,0,858,1.2586147785186768,0.5566365320120733
classifier.0.weight,0,859,1.258190631866455,0.5569158122948894
classifier.0.weight,0,860,1.257544755935669,0.5571948059214389
classifier.0.weight,0,861,1.2571460008621216,0.5574736226437702
classifier.0.weight,0,862,1.2568615674972534,0.5577523132139968
classifier.0.weight,0,863,1.2568280696868896,0.5580309889291275
classifier.0.weight,0,864,1.256028175354004,0.5583093100369798
classifier.0.weight,0,865,1.255637288093567,0.558587457939726
classifier.0.weight,0,866,1.2550703287124634,0.5588653547142818
classifier.0.weight,0,867,1.2548655271530151,0.5591431608022077
classifier.0.weight,0,868,1.254600167274475,0.5594208494101427
classifier.0.weight,0,869,1.254137396812439,0.5596983332000195
classifier.0.weight,0,870,1.2538294792175293,0.5599756807501948
classifier.0.weight,0,871,1.2532960176467896,0.5602527923467775
classifier.0.weight,0,872,1.2531031370162964,0.5605298186556935
classifier.0.weight,0,873,1.2528386116027832,0.5608067280185065
classifier.0.weight,0,874,1.2521090507507324,0.5610833149720205
classifier.0.weight,0,875,1.2519018650054932,0.5613598103997477
classifier.0.weight,0,876,1.251184344291687,0.5616359889746148
classifier.0.weight,0,877,1.2507950067520142,0.5619119956963772
classifier.0.weight,0,878,1.2503324747085571,0.5621877983265847
classifier.0.weight,0,879,1.2498139142990112,0.5624633722325613
classifier.0.weight,0,880,1.249504804611206,0.5627388098429993
classifier.0.weight,0,881,1.2493433952331543,0.5630141762967011
classifier.0.weight,0,882,1.248820185661316,0.5632893121585633
classifier.0.weight,0,883,1.2484097480773926,0.5635642671976896
classifier.0.weight,0,884,1.2481541633605957,0.5638391096662237
classifier.0.weight,0,885,1.2478004693984985,0.5641137963906181
classifier.0.weight,0,886,1.2475389242172241,0.5643883679756749
classifier.0.weight,0,887,1.2470591068267822,0.5646627283947572
classifier.0.weight,0,888,1.2468831539154053,0.5649370113979277
classifier.0.weight,0,889,1.246100664138794,0.56521095025289
classifier.0.weight,0,890,1.2454376220703125,0.5654845976632407
classifier.0.weight,0,891,1.2452635765075684,0.5657581685963935
classifier.0.weight,0,892,1.245155692100525,0.5660316921295259
classifier.0.weight,0,893,1.2445051670074463,0.5663049299354314
classifier.0.weight,0,894,1.2437853813171387,0.5665778517670956
classifier.0.weight,0,895,1.2437021732330322,0.5668507370835485
classifier.0.weight,0,896,1.2430697679519653,0.5671233449537716
classifier.0.weight,0,897,1.2429307699203491,0.5673958918622695
classifier.0.weight,0,898,1.2424837350845337,0.5676682427565479
classifier.0.weight,0,899,1.2422935962677002,0.5679405103008187
classifier.0.weight,0,900,1.2415094375610352,0.5682124342329463
classifier.0.weight,0,901,1.2412184476852417,0.5684842307108061
classifier.0.weight,0,902,1.2407249212265015,0.5687558110911921
classifier.0.weight,0,903,1.2401018142700195,0.5690271187582179
classifier.0.weight,0,904,1.2398048639297485,0.5692982965080753
classifier.0.weight,0,905,1.2395998239517212,0.5695693845701378
classifier.0.weight,0,906,1.2393819093704224,0.5698403773291068
classifier.0.weight,0,907,1.238776445388794,0.5701111053814888
classifier.0.weight,0,908,1.2386860847473145,0.5703817939396291
classifier.0.weight,0,909,1.2383408546447754,0.5706523316333698
classifier.0.weight,0,910,1.2378239631652832,0.5709226435258807
classifier.0.weight,0,911,1.2373380661010742,0.5711927432428643
classifier.0.weight,0,912,1.2370179891586304,0.5714627032381145
classifier.0.weight,0,913,1.236659049987793,0.5717325065902773
classifier.0.weight,0,914,1.2364964485168457,0.5720022389971982
classifier.0.weight,0,915,1.235626459121704,0.5722715919743522
classifier.0.weight,0,916,1.2350482940673828,0.572540692943234
classifier.0.weight,0,917,1.2348215579986572,0.5728096951155013
classifier.0.weight,0,918,1.2346837520599365,0.5730786372498982
classifier.0.weight,0,919,1.2346203327178955,0.5733475517566614
classifier.0.weight,0,920,1.2340768575668335,0.5736162295652572
classifier.0.weight,0,921,1.2337250709533691,0.5738847542168038
classifier.0.weight,0,922,1.2335405349731445,0.574153198544533
classifier.0.weight,0,923,1.2332016229629517,0.574421495383783
classifier.0.weight,0,924,1.2329448461532593,0.5746896805053175
classifier.0.weight,0,925,1.232215404510498,0.5749575483903955
classifier.0.weight,0,926,1.2319481372833252,0.5752253000871146
classifier.0.weight,0,927,1.2315906286239624,0.575492896404467
classifier.0.weight,0,928,1.2310940027236938,0.5757602769545593
classifier.0.weight,0,929,1.230696439743042,0.5760274848396169
classifier.0.weight,0,930,1.2305586338043213,0.5762946328873813
classifier.0.weight,0,931,1.2299154996871948,0.5765615017657968
classifier.0.weight,0,932,1.2293459177017212,0.5768281235239693
classifier.0.weight,0,933,1.2290453910827637,0.5770946149410546
classifier.0.weight,0,934,1.2287484407424927,0.5773609775994177
classifier.0.weight,0,935,1.2282977104187012,0.5776271448789654
classifier.0.weight,0,936,1.2280749082565308,0.5778932156065675
classifier.0.weight,0,937,1.2275571823120117,0.5781590620438082
classifier.0.weight,0,938,1.2269195318222046,0.5784246323666882
classifier.0.weight,0,939,1.226682424545288,0.5786901000543586
classifier.0.weight,0,940,1.226201057434082,0.5789553594365401
classifier.0.weight,0,941,1.2260105609893799,0.5792205364063898
classifier.0.weight,0,942,1.2252849340438843,0.579485399573703
classifier.0.weight,0,943,1.2249994277954102,0.5797501393227371
classifier.0.weight,0,944,1.2249608039855957,0.5800148623777283
classifier.0.weight,0,945,1.224172592163086,0.5802792448655607
classifier.0.weight,0,946,1.2239066362380981,0.5805435124897677
classifier.0.weight,0,947,1.223491907119751,0.5808076010465419
classifier.0.weight,0,948,1.222999930381775,0.5810714772614055
classifier.0.weight,0,949,1.222747802734375,0.58133524468864
classifier.0.weight,0,950,1.222574234008789,0.5815989372377569
classifier.0.weight,0,951,1.2220431566238403,0.5818624007443682
classifier.0.weight,0,952,1.2215653657913208,0.5821256582748823
classifier.0.weight,0,953,1.221508502960205,0.5823888912971376
classifier.0.weight,0,954,1.2211450338363647,0.5826519676887332
classifier.0.weight,0,955,1.2207458019256592,0.5829148720920408
classifier.0.weight,0,956,1.2203608751296997,0.5831776107229258
classifier.0.weight,0,957,1.2200143337249756,0.5834402001571453
classifier.0.weight,0,958,1.2194322347640991,0.5837025390753379
classifier.0.weight,0,959,1.2190958261489868,0.5839647332689671
classifier.0.weight,0,960,1.218804955482483,0.584226802360861
classifier.0.weight,0,961,1.218225121498108,0.5844886221586917
classifier.0.weight,0,962,1.2182087898254395,0.5847504349365938
classifier.0.weight,0,963,1.2179573774337769,0.5850121396604664
classifier.0.weight,0,964,1.2172261476516724,0.5852735302373152
classifier.0.weight,0,965,1.2170913219451904,0.5855348629116658
classifier.0.weight,0,966,1.2169312238693237,0.5857961268383295
classifier.0.weight,0,967,1.216086983680725,0.5860570283895478
classifier.0.weight,0,968,1.215915322303772,0.5863178562888658
classifier.0.weight,0,969,1.2157087326049805,0.586578595563954
classifier.0.weight,0,970,1.2154170274734497,0.5868392097270685
classifier.0.weight,0,971,1.2149958610534668,0.5870996433053891
classifier.0.weight,0,972,1.2149014472961426,0.5873600364102264
classifier.0.weight,0,973,1.2142070531845093,0.5876201319374037
classifier.0.weight,0,974,1.213746190071106,0.5878800300588989
classifier.0.weight,0,975,1.2136896848678589,0.5881399039821645
classifier.0.weight,0,976,1.2132995128631592,0.5883996108458717
classifier.0.weight,0,977,1.212690830230713,0.5886590571978032
classifier.0.weight,0,978,1.2122690677642822,0.5889183231151142
classifier.0.weight,0,979,1.2118481397628784,0.5891774090173763
classifier.0.weight,0,980,1.2115625143051147,0.5894363728039934
classifier.0.weight,0,981,1.2114635705947876,0.5896952942951593
classifier.0.weight,0,982,1.2113983631134033,0.5899541879139825
classifier.0.weight,0,983,1.210726261138916,0.5902127943363755
classifier.0.weight,0,984,1.2103121280670166,0.5904712238745974
classifier.0.weight,0,985,1.2098191976547241,0.5907294429516747
classifier.0.weight,0,986,1.2092231512069702,0.5909874076557844
classifier.0.weight,0,987,1.2091431617736816,0.5912453382325819
classifier.0.weight,0,988,1.2086443901062012,0.5915030560604937
classifier.0.weight,0,989,1.2082054615020752,0.5917605867379299
classifier.0.weight,0,990,1.2079541683197021,0.5920180102995227
classifier.0.weight,0,991,1.2073607444763184,0.5922751809976208
classifier.0.weight,0,992,1.2071967124938965,0.5925322818220642
classifier.0.weight,0,993,1.2070249319076538,0.5927893094823121
classifier.0.weight,0,994,1.206751823425293,0.593046220842572
classifier.0.weight,0,995,1.206419825553894,0.5933029908609416
classifier.0.weight,0,996,1.2062246799468994,0.5935596778178638
classifier.0.weight,0,997,1.205755352973938,0.593816165066261
classifier.0.weight,0,998,1.205409049987793,0.5940725050052649
classifier.0.weight,0,999,1.2048957347869873,0.5943286266695339
classifier.0.weight,0,1000,1.2043858766555786,0.5945845316211359
classifier.0.weight,0,1001,1.2041958570480347,0.5948403558293094
classifier.0.weight,0,1002,1.2037714719772339,0.595095999753116
classifier.0.weight,0,1003,1.2030340433120728,0.5953513305586629
classifier.0.weight,0,1004,1.2027357816696167,0.5956065347743673
classifier.0.weight,0,1005,1.2024226188659668,0.5958616061095766
classifier.0.weight,0,1006,1.2021909952163696,0.5961165791850522
classifier.0.weight,0,1007,1.2017136812210083,0.5963713498333632
classifier.0.weight,0,1008,1.2015049457550049,0.5966260319829706
classifier.0.weight,0,1009,1.2012547254562378,0.596880608065586
classifier.0.weight,0,1010,1.200920820236206,0.597135042642046
classifier.0.weight,0,1011,1.2009108066558838,0.5973894729754445
classifier.0.weight,0,1012,1.2002716064453125,0.5976436325332944
classifier.0.weight,0,1013,1.2000017166137695,0.5978976778047316
classifier.0.weight,0,1014,1.199630856513977,0.598151566075233
classifier.0.weight,0,1015,1.1994316577911377,0.5984053700364321
classifier.0.weight,0,1016,1.1992934942245483,0.5986591155292048
classifier.0.weight,0,1017,1.1984163522720337,0.5989124899878213
classifier.0.weight,0,1018,1.19818115234375,0.5991657650021897
classifier.0.weight,0,1019,1.1976423263549805,0.5994188122705715
classifier.0.weight,0,1020,1.1974023580551147,0.5996717581443416
classifier.0.weight,0,1021,1.19721519947052,0.5999246249514695
classifier.0.weight,0,1022,1.1966673135757446,0.6001772603708634
classifier.0.weight,0,1023,1.1961461305618286,0.6004296757782038
classifier.0.weight,0,1024,1.1958374977111816,0.6006819609445406
classifier.0.weight,0,1025,1.1954816579818726,0.6009340959905999
classifier.0.weight,0,1026,1.1953446865081787,0.6011861732635762
classifier.0.weight,0,1027,1.1947128772735596,0.6014379841319575
classifier.0.weight,0,1028,1.1946419477462769,0.6016897651014468
classifier.0.weight,0,1029,1.194179892539978,0.6019413513444575
classifier.0.weight,0,1030,1.194124460220337,0.6021929142313801
classifier.0.weight,0,1031,1.193541407585144,0.6024442315181148
classifier.0.weight,0,1032,1.19309401512146,0.602695360430343
classifier.0.weight,0,1033,1.1926034688949585,0.6029462828793528
classifier.0.weight,0,1034,1.19234037399292,0.6031970946308222
classifier.0.weight,0,1035,1.1918662786483765,0.6034477069676843
classifier.0.weight,0,1036,1.1914626359939575,0.6036981495863468
classifier.0.weight,0,1037,1.1912990808486938,0.6039485234519217
classifier.0.weight,0,1038,1.1910877227783203,0.6041988084836453
classifier.0.weight,0,1039,1.190702199935913,0.604448931520615
classifier.0.weight,0,1040,1.1904895305633545,0.6046989652174308
classifier.0.weight,0,1041,1.189984917640686,0.6049487869955504
classifier.0.weight,0,1042,1.1893328428268433,0.6051983350595173
classifier.0.weight,0,1043,1.1891814470291138,0.6054478195952233
classifier.0.weight,0,1044,1.1886690855026245,0.6056970891952848
classifier.0.weight,0,1045,1.1884793043136597,0.6059462792056518
classifier.0.weight,0,1046,1.1881935596466064,0.6061953494055072
classifier.0.weight,0,1047,1.187731146812439,0.6064442257802994
classifier.0.weight,0,1048,1.1876122951507568,0.6066930523493915
classifier.0.weight,0,1049,1.1869049072265625,0.6069415825852615
classifier.0.weight,0,1050,1.1867103576660156,0.6071900313529615
classifier.0.weight,0,1051,1.1861954927444458,0.6074382645839799
classifier.0.weight,0,1052,1.1858391761779785,0.6076863487058024
classifier.0.weight,0,1053,1.185442566871643,0.6079342669096497
classifier.0.weight,0,1054,1.1850394010543823,0.6081820165095487
classifier.0.weight,0,1055,1.1847748756408691,0.6084296555160772
classifier.0.weight,0,1056,1.1841024160385132,0.6086770134903654
classifier.0.weight,0,1057,1.1839524507522583,0.6089243088133831
classifier.0.weight,0,1058,1.1837090253829956,0.6091715024570356
classifier.0.weight,0,1059,1.1835722923278809,0.6094186389961306
classifier.0.weight,0,1060,1.18303644657135,0.6096655518106768
classifier.0.weight,0,1061,1.1827268600463867,0.6099123354138559
classifier.0.weight,0,1062,1.1823537349700928,0.6101589633316792
classifier.0.weight,0,1063,1.1822144985198975,0.6104055331660833
classifier.0.weight,0,1064,1.18211829662323,0.6106520628732167
classifier.0.weight,0,1065,1.1817387342453003,0.6108984342909818
classifier.0.weight,0,1066,1.1813936233520508,0.6111446618308449
classifier.0.weight,0,1067,1.1811130046844482,0.6113907724108116
classifier.0.weight,0,1068,1.1805859804153442,0.6116366634058447
classifier.0.weight,0,1069,1.1804120540618896,0.6118824819558808
classifier.0.weight,0,1070,1.1801494359970093,0.6121281911386659
classifier.0.weight,0,1071,1.1796926259994507,0.6123737101409799
classifier.0.weight,0,1072,1.1793636083602905,0.6126190922113237
classifier.0.weight,0,1073,1.179236650466919,0.6128644214540008
classifier.0.weight,0,1074,1.178762674331665,0.6131095535236375
classifier.0.weight,0,1075,1.1784064769744873,0.6133545374681176
classifier.0.weight,0,1076,1.17815363407135,0.6135994162946987
classifier.0.weight,0,1077,1.1775217056274414,0.6138440324995119
classifier.0.weight,0,1078,1.1768643856048584,0.614088375679633
classifier.0.weight,0,1079,1.1767866611480713,0.6143326865861735
classifier.0.weight,0,1080,1.1765459775924683,0.6145768975670326
classifier.0.weight,0,1081,1.1760461330413818,0.6148209010904684
classifier.0.weight,0,1082,1.1759395599365234,0.6150648603927905
classifier.0.weight,0,1083,1.1752268075942993,0.6153085240508912
classifier.0.weight,0,1084,1.1750391721725464,0.6155521099090587
classifier.0.weight,0,1085,1.1748569011688232,0.6157956202034556
classifier.0.weight,0,1086,1.1745991706848145,0.6160390236709834
classifier.0.weight,0,1087,1.1742136478424072,0.616282267386658
classifier.0.weight,0,1088,1.1740084886550903,0.6165254261104345
classifier.0.weight,0,1089,1.1737428903579712,0.6167684748260837
classifier.0.weight,0,1090,1.1731871366500854,0.6170112934347003
classifier.0.weight,0,1091,1.1729265451431274,0.6172540041842423
classifier.0.weight,0,1092,1.1725451946258545,0.6174965571356276
classifier.0.weight,0,1093,1.1723105907440186,0.6177390130363039
classifier.0.weight,0,1094,1.1721047163009644,0.617981383787036
classifier.0.weight,0,1095,1.171724796295166,0.6182235974416108
classifier.0.weight,0,1096,1.1714457273483276,0.618465695734182
classifier.0.weight,0,1097,1.1713632345199585,0.618707759930987
classifier.0.weight,0,1098,1.1705695390701294,0.6189494962019098
classifier.0.weight,0,1099,1.1704007387161255,0.619191162759373
classifier.0.weight,0,1100,1.1699613332748413,0.6194326478923663
classifier.0.weight,0,1101,1.1696850061416626,0.6196740189685742
classifier.0.weight,0,1102,1.169424295425415,0.6199152824585297
classifier.0.weight,0,1103,1.1693066358566284,0.6201564974023241
classifier.0.weight,0,1104,1.1687871217727661,0.6203974980537874
classifier.0.weight,0,1105,1.1685986518859863,0.6206384209875851
classifier.0.weight,0,1106,1.1684436798095703,0.6208792800263038
classifier.0.weight,0,1107,1.1681952476501465,0.621120036653976
classifier.0.weight,0,1108,1.167815923690796,0.6213606369551602
classifier.0.weight,0,1109,1.1671949625015259,0.621600981456222
classifier.0.weight,0,1110,1.1670085191726685,0.621841249179965
classifier.0.weight,0,1111,1.1669247150421143,0.6220814823971822
classifier.0.weight,0,1112,1.1666218042373657,0.6223215909109091
classifier.0.weight,0,1113,1.1664297580718994,0.6225616203790983
classifier.0.weight,0,1114,1.1662017107009888,0.6228015560006793
classifier.0.weight,0,1115,1.1656765937805176,0.6230412755946432
classifier.0.weight,0,1116,1.1650171279907227,0.6232807240290855
classifier.0.weight,0,1117,1.1647123098373413,0.6235200471800803
classifier.0.weight,0,1118,1.1644458770751953,0.6237592608512754
classifier.0.weight,0,1119,1.1640385389328003,0.6239983071917061
classifier.0.weight,0,1120,1.1634650230407715,0.6242371180363228
classifier.0.weight,0,1121,1.1633354425430298,0.624475875688958
classifier.0.weight,0,1122,1.1629339456558228,0.6247144685672577
classifier.0.weight,0,1123,1.1628074645996094,0.6249530095495087
classifier.0.weight,0,1124,1.162766695022583,0.6251915338049246
classifier.0.weight,0,1125,1.1621708869934082,0.625429813680695
classifier.0.weight,0,1126,1.1621135473251343,0.6256680700443431
classifier.0.weight,0,1127,1.1614686250686646,0.6259060620376194
classifier.0.weight,0,1128,1.1610832214355469,0.6261438961139983
classifier.0.weight,0,1129,1.1608861684799194,0.6263816494693231
classifier.0.weight,0,1130,1.1607532501220703,0.6266193483835196
classifier.0.weight,0,1131,1.1603821516036987,0.6268568953349897
classifier.0.weight,0,1132,1.1599854230880737,0.6270942798821363
classifier.0.weight,0,1133,1.1599152088165283,0.6273316356922346
classifier.0.weight,0,1134,1.1590375900268555,0.6275686324603755
classifier.0.weight,0,1135,1.1588170528411865,0.6278055390474417
classifier.0.weight,0,1136,1.1587499380111694,0.6280424181936193
classifier.0.weight,0,1137,1.1580489873886108,0.6282790108407708
classifier.0.weight,0,1138,1.157645344734192,0.6285154385860193
classifier.0.weight,0,1139,1.157368779182434,0.6287517533779192
classifier.0.weight,0,1140,1.1571022272109985,0.6289879593317007
classifier.0.weight,0,1141,1.156736969947815,0.6292240161848738
classifier.0.weight,0,1142,1.1565020084381104,0.6294599771499704
classifier.0.weight,0,1143,1.155903697013855,0.6296956940314059
classifier.0.weight,0,1144,1.155720591545105,0.629931336239438
classifier.0.weight,0,1145,1.1554332971572876,0.6301668613079643
classifier.0.weight,0,1146,1.1554155349731445,0.6304023791352115
classifier.0.weight,0,1147,1.1549415588378906,0.6306377037732039
classifier.0.weight,0,1148,1.1545231342315674,0.6308728579302199
classifier.0.weight,0,1149,1.1543464660644531,0.6311079401249267
classifier.0.weight,0,1150,1.1540979146957397,0.6313429210957592
classifier.0.weight,0,1151,1.154020071029663,0.631577870368825
classifier.0.weight,0,1152,1.1532565355300903,0.6318125088452773
classifier.0.weight,0,1153,1.1531789302825928,0.6320471157440818
classifier.0.weight,0,1154,1.1528995037078857,0.632281608961552
classifier.0.weight,0,1155,1.1524544954299927,0.6325159211896415
classifier.0.weight,0,1156,1.1522232294082642,0.6327501393870861
classifier.0.weight,0,1157,1.1519924402236938,0.6329842637665761
classifier.0.weight,0,1158,1.1516402959823608,0.6332182450323651
classifier.0.weight,0,1159,1.1512641906738281,0.6334520734948411
classifier.0.weight,0,1160,1.1508777141571045,0.6336857449924049
classifier.0.weight,0,1161,1.1506272554397583,0.6339193147959405
classifier.0.weight,0,1162,1.1500446796417236,0.6341526481412025
classifier.0.weight,0,1163,1.1496871709823608,0.6343858364386642
classifier.0.weight,0,1164,1.1494022607803345,0.6346189091751376
classifier.0.weight,0,1165,1.1493210792541504,0.6348519489892255
classifier.0.weight,0,1166,1.1489510536193848,0.6350848387724375
classifier.0.weight,0,1167,1.1485013961791992,0.6353175463022253
classifier.0.weight,0,1168,1.1484352350234985,0.6355502270218486
classifier.0.weight,0,1169,1.1482062339782715,0.6357828149564131
classifier.0.weight,0,1170,1.14792001247406,0.6360152869477451
classifier.0.weight,0,1171,1.14773428440094,0.6362476837194074
classifier.0.weight,0,1172,1.1470465660095215,0.636479802071834
classifier.0.weight,0,1173,1.1465705633163452,0.6367117278147558
classifier.0.weight,0,1174,1.146340250968933,0.6369435603928972
classifier.0.weight,0,1175,1.1461966037750244,0.6371753348730824
classifier.0.weight,0,1176,1.1457915306091309,0.637406945561066
classifier.0.weight,0,1177,1.1454514265060425,0.6376384187719393
classifier.0.weight,0,1178,1.145332932472229,0.6378698440946609
classifier.0.weight,0,1179,1.145062804222107,0.6381011602663336
classifier.0.weight,0,1180,1.1446536779403687,0.638332311170882
classifier.0.weight,0,1181,1.1441677808761597,0.638563265873366
classifier.0.weight,0,1182,1.144052505493164,0.6387941740406283
classifier.0.weight,0,1183,1.1435569524765015,0.6390248822127752
classifier.0.weight,0,1184,1.1434961557388306,0.639255565854563
classifier.0.weight,0,1185,1.1431032419204712,0.6394860909943427
classifier.0.weight,0,1186,1.1430225372314453,0.6397165835844764
classifier.0.weight,0,1187,1.1426680088043213,0.6399469332141697
classifier.0.weight,0,1188,1.1423141956329346,0.6401771402160578
classifier.0.weight,0,1189,1.1413941383361816,0.6404069765347556
classifier.0.weight,0,1190,1.1410963535308838,0.6406366929424903
classifier.0.weight,0,1191,1.1407097578048706,0.6408662537238617
classifier.0.weight,0,1192,1.14056396484375,0.6410957558291203
classifier.0.weight,0,1193,1.140233039855957,0.6413251247775092
classifier.0.weight,0,1194,1.1397242546081543,0.6415542890773801
classifier.0.weight,0,1195,1.1395297050476074,0.6417833751477873
classifier.0.weight,0,1196,1.139276146888733,0.6420123592810891
classifier.0.weight,0,1197,1.1391749382019043,0.6422413027321489
classifier.0.weight,0,1198,1.1388133764266968,0.6424701008779328
classifier.0.weight,0,1199,1.1384295225143433,0.6426987448101048
classifier.0.weight,0,1200,1.138311505317688,0.6429273413392242
classifier.0.weight,0,1201,1.1378692388534546,0.6431557602703173
classifier.0.weight,0,1202,1.13777756690979,0.6433841423979478
classifier.0.weight,0,1203,1.1373710632324219,0.6436123613625966
classifier.0.weight,0,1204,1.1373181343078613,0.643840559086854
classifier.0.weight,0,1205,1.136670470237732,0.6440684969833989
classifier.0.weight,0,1206,1.1365618705749512,0.6442963913267824
classifier.0.weight,0,1207,1.1360445022583008,0.6445240782402313
classifier.0.weight,0,1208,1.135938286781311,0.644751722580095
classifier.0.weight,0,1209,1.1353620290756226,0.644979136012114
classifier.0.weight,0,1210,1.1352368593215942,0.6452064993038013
classifier.0.weight,0,1211,1.1347720623016357,0.6454336764561013
classifier.0.weight,0,1212,1.1346814632415771,0.6456608173346587
classifier.0.weight,0,1213,1.1341990232467651,0.6458877651043093
classifier.0.weight,0,1214,1.1339513063430786,0.6461146137508637
classifier.0.weight,0,1215,1.1336042881011963,0.6463413235756312
classifier.0.weight,0,1216,1.133338212966919,0.646567926988014
classifier.0.weight,0,1217,1.1331696510314941,0.6467944629997413
classifier.0.weight,0,1218,1.1329175233840942,0.6470208982151976
classifier.0.weight,0,1219,1.1322845220565796,0.6472470804665216
classifier.0.weight,0,1220,1.132083535194397,0.6474731824277322
classifier.0.weight,0,1221,1.1319210529327393,0.6476992194910436
classifier.0.weight,0,1222,1.1316146850585938,0.6479251342116833
classifier.0.weight,0,1223,1.1313380002975464,0.6481509384715457
classifier.0.weight,0,1224,1.1309489011764526,0.648376587437181
classifier.0.weight,0,1225,1.1306791305541992,0.6486021287654126
classifier.0.weight,0,1226,1.1305465698242188,0.6488276172118501
classifier.0.weight,0,1227,1.1303989887237549,0.6490530467917854
classifier.0.weight,0,1228,1.1300584077835083,0.6492783405516204
classifier.0.weight,0,1229,1.1298812627792358,0.6495035636840688
classifier.0.weight,0,1230,1.129531741142273,0.6497286474953606
classifier.0.weight,0,1231,1.1290847063064575,0.649953553179045
classifier.0.weight,0,1232,1.1287118196487427,0.6501783103344925
classifier.0.weight,0,1233,1.1284258365631104,0.6504029536103813
classifier.0.weight,0,1234,1.1282469034194946,0.6506275256490841
classifier.0.weight,0,1235,1.1274734735488892,0.6508517898984395
classifier.0.weight,0,1236,1.1273103952407837,0.651075989277108
classifier.0.weight,0,1237,1.1270049810409546,0.6513000671907413
classifier.0.weight,0,1238,1.1268922090530396,0.6515241002626075
classifier.0.weight,0,1239,1.1264660358428955,0.6517479639148279
classifier.0.weight,0,1240,1.1263688802719116,0.6519717889530781
classifier.0.weight,0,1241,1.1259257793426514,0.652195437925429
classifier.0.weight,0,1242,1.125613808631897,0.6524189629779551
classifier.0.weight,0,1243,1.1253300905227661,0.6526423753628641
classifier.0.weight,0,1244,1.1249935626983643,0.6528656541456548
classifier.0.weight,0,1245,1.1247434616088867,0.6530888336637716
classifier.0.weight,0,1246,1.1246974468231201,0.6533119949211061
classifier.0.weight,0,1247,1.124358057975769,0.6535350215164218
classifier.0.weight,0,1248,1.1237871646881104,0.6537578216855366
classifier.0.weight,0,1249,1.1234856843948364,0.653980502328726
classifier.0.weight,0,1250,1.123300313949585,0.6542031094952254
classifier.0.weight,0,1251,1.1228418350219727,0.6544255349830314
classifier.0.weight,0,1252,1.1225461959838867,0.6546478433590618
classifier.0.weight,0,1253,1.122478723526001,0.6548701250114851
classifier.0.weight,0,1254,1.1220778226852417,0.6550922479134826
classifier.0.weight,0,1255,1.121757984161377,0.6553142442051247
classifier.0.weight,0,1256,1.1211515665054321,0.6555360005411178
classifier.0.weight,0,1257,1.120905876159668,0.6557576596959218
classifier.0.weight,0,1258,1.1208748817443848,0.6559793065926032
classifier.0.weight,0,1259,1.1203532218933105,0.6562007472265107
classifier.0.weight,0,1260,1.12002694606781,0.656422058900723
classifier.0.weight,0,1261,1.119611382484436,0.6566432063788666
classifier.0.weight,0,1262,1.1194560527801514,0.6568642924993103
classifier.0.weight,0,1263,1.1190383434295654,0.6570852136601559
classifier.0.weight,0,1264,1.118712306022644,0.6573060061067894
classifier.0.weight,0,1265,1.1186226606369019,0.6575267631694711
classifier.0.weight,0,1266,1.1182239055633545,0.657747362873801
classifier.0.weight,0,1267,1.1178474426269531,0.6579678140682796
classifier.0.weight,0,1268,1.117676019668579,0.6581881976551457
classifier.0.weight,0,1269,1.1174039840698242,0.6584084739749971
classifier.0.weight,0,1270,1.1171015501022339,0.6586286310720306
classifier.0.weight,0,1271,1.1167922019958496,0.6588486662540041
classifier.0.weight,0,1272,1.1166625022888184,0.659068650330962
classifier.0.weight,0,1273,1.1159483194351196,0.659288353107859
classifier.0.weight,0,1274,1.1158629655838013,0.6595080222778935
classifier.0.weight,0,1275,1.1158066987991333,0.659727669295089
classifier.0.weight,0,1276,1.115402340888977,0.6599471571450812
classifier.0.weight,0,1277,1.1150336265563965,0.6601664999085212
classifier.0.weight,0,1278,1.1149187088012695,0.6603857974624204
classifier.0.weight,0,1279,1.1145302057266235,0.6606049422106858
classifier.0.weight,0,1280,1.1143009662628174,0.6608239968197015
classifier.0.weight,0,1281,1.1140323877334595,0.6610429458445416
classifier.0.weight,0,1282,1.1139475107192993,0.661261861507638
classifier.0.weight,0,1283,1.1134095191955566,0.6614805657670015
classifier.0.weight,0,1284,1.1132161617279053,0.6616991940715091
classifier.0.weight,0,1285,1.1129339933395386,0.661917711558046
classifier.0.weight,0,1286,1.112874150276184,0.6621362055456076
classifier.0.weight,0,1287,1.112575888633728,0.6623545824316215
classifier.0.weight,0,1288,1.1122500896453857,0.6625728314404232
classifier.0.weight,0,1289,1.1117318868637085,0.6627908771300286
classifier.0.weight,0,1290,1.1116877794265747,0.663008905518258
classifier.0.weight,0,1291,1.1109784841537476,0.6632266557759311
classifier.0.weight,0,1292,1.1106975078582764,0.6634442959055957
classifier.0.weight,0,1293,1.110446810722351,0.6636618377986133
classifier.0.weight,0,1294,1.1101659536361694,0.6638792696630279
classifier.0.weight,0,1295,1.110008716583252,0.66409663994039
classifier.0.weight,0,1296,1.109855055809021,0.6643139500398946
classifier.0.weight,0,1297,1.109390377998352,0.6645310782092604
classifier.0.weight,0,1298,1.109087586402893,0.664748087870995
classifier.0.weight,0,1299,1.1088446378707886,0.6649650024700766
classifier.0.weight,0,1300,1.1082684993743896,0.6651816917167873
classifier.0.weight,0,1301,1.1082614660263062,0.6653983782131788
classifier.0.weight,0,1302,1.1078135967254639,0.6656148896107813
classifier.0.weight,0,1303,1.1076430082321167,0.6658313343337925
classifier.0.weight,0,1304,1.1072852611541748,0.6660476392645384
classifier.0.weight,0,1305,1.106985092163086,0.6662638269369144
classifier.0.weight,0,1306,1.1066031455993652,0.6664798654511961
classifier.0.weight,0,1307,1.1063717603683472,0.6666958136297586
classifier.0.weight,0,1308,1.1061731576919556,0.6669116842863916
classifier.0.weight,0,1309,1.1056325435638428,0.6671273439919483
classifier.0.weight,0,1310,1.1055071353912354,0.6673429547771726
classifier.0.weight,0,1311,1.105332374572754,0.6675584973994014
classifier.0.weight,0,1312,1.1049420833587646,0.6677738878329464
classifier.0.weight,0,1313,1.1046245098114014,0.6679891544727193
classifier.0.weight,0,1314,1.104278564453125,0.6682042862995619
classifier.0.weight,0,1315,1.1039940118789673,0.668419307269543
classifier.0.weight,0,1316,1.1039329767227173,0.6686343044649825
classifier.0.weight,0,1317,1.1037110090255737,0.6688492152101837
classifier.0.weight,0,1318,1.1032196283340454,0.6690639346381249
classifier.0.weight,0,1319,1.1030398607254028,0.6692785840954959
classifier.0.weight,0,1320,1.1029207706451416,0.6694931872059631
classifier.0.weight,0,1321,1.102522611618042,0.669707635399151
classifier.0.weight,0,1322,1.1021572351455688,0.6699219414794423
classifier.0.weight,0,1323,1.1021264791488647,0.6701362355993619
classifier.0.weight,0,1324,1.1018098592758179,0.6703504066117573
classifier.0.weight,0,1325,1.101658821105957,0.670564518910246
classifier.0.weight,0,1326,1.10133695602417,0.6707785061151871
classifier.0.weight,0,1327,1.1008639335632324,0.6709923095452776
classifier.0.weight,0,1328,1.1005065441131592,0.6712059741776751
classifier.0.weight,0,1329,1.1002633571624756,0.6714195443904445
classifier.0.weight,0,1330,1.1001331806182861,0.6716330640695168
classifier.0.weight,0,1331,1.1000109910964966,0.6718465363208431
classifier.0.weight,0,1332,1.0996614694595337,0.6720598729347669
classifier.0.weight,0,1333,1.0990235805511475,0.6722729621169242
classifier.0.weight,0,1334,1.0989450216293335,0.6724860208366633
classifier.0.weight,0,1335,1.0985887050628662,0.6726989414165634
classifier.0.weight,0,1336,1.0984532833099365,0.672911809506754
classifier.0.weight,0,1337,1.0981389284133911,0.6731245557773781
classifier.0.weight,0,1338,1.0978121757507324,0.6733371754609804
classifier.0.weight,0,1339,1.0973927974700928,0.6735496327287384
classifier.0.weight,0,1340,1.0973284244537354,0.6737620650717583
classifier.0.weight,0,1341,1.0968397855758667,0.673974308265226
classifier.0.weight,0,1342,1.0967280864715576,0.6741865082323851
classifier.0.weight,0,1343,1.0964579582214355,0.6743986036811185
classifier.0.weight,0,1344,1.0961750745773315,0.6746105897036886
classifier.0.weight,0,1345,1.095880150794983,0.6748224616727455
classifier.0.weight,0,1346,1.0957485437393188,0.6750342827563627
classifier.0.weight,0,1347,1.0950276851654053,0.6752458252307695
classifier.0.weight,0,1348,1.0946660041809082,0.6754572279858688
classifier.0.weight,0,1349,1.094379186630249,0.6756685199746217
classifier.0.weight,0,1350,1.094212293624878,0.6758797475241626
classifier.0.weight,0,1351,1.0940682888031006,0.6760909194797676
classifier.0.weight,0,1352,1.0936068296432495,0.6763019133355531
classifier.0.weight,0,1353,1.0932633876800537,0.6765127746889372
classifier.0.weight,0,1354,1.093090534210205,0.6767235693699427
classifier.0.weight,0,1355,1.0929676294326782,0.6769343166510008
classifier.0.weight,0,1356,1.0928577184677124,0.6771450215478717
classifier.0.weight,0,1357,1.092589020729065,0.6773556228466835
classifier.0.weight,0,1358,1.0925266742706299,0.6775662001110774
classifier.0.weight,0,1359,1.0919287204742432,0.6777765469352998
classifier.0.weight,0,1360,1.0918195247650146,0.6779868516911678
classifier.0.weight,0,1361,1.091101050376892,0.6781968797550332
classifier.0.weight,0,1362,1.0907045602798462,0.678406755204405
classifier.0.weight,0,1363,1.090627908706665,0.6786166011559299
classifier.0.weight,0,1364,1.0899672508239746,0.6788261929522277
classifier.0.weight,0,1365,1.0898520946502686,0.6790357404636824
classifier.0.weight,0,1366,1.0895555019378662,0.679245173937997
classifier.0.weight,0,1367,1.0895464420318604,0.6794546039293506
classifier.0.weight,0,1368,1.089251160621643,0.6796639204195243
classifier.0.weight,0,1369,1.0889780521392822,0.6798731319588026
classifier.0.weight,0,1370,1.088813304901123,0.6800822802012751
classifier.0.weight,0,1371,1.0883744955062866,0.6802912598974604
classifier.0.weight,0,1372,1.0881904363632202,0.6805001689169227
classifier.0.weight,0,1373,1.0878299474716187,0.6807089395471759
classifier.0.weight,0,1374,1.087343692779541,0.6809175235802313
classifier.0.weight,0,1375,1.0872217416763306,0.6811260608283985
classifier.0.weight,0,1376,1.0871102809906006,0.6813345553207739
classifier.0.weight,0,1377,1.0866976976394653,0.6815428915862716
classifier.0.weight,0,1378,1.086588740348816,0.6817511860763663
classifier.0.weight,0,1379,1.0863810777664185,0.6819594009579822
classifier.0.weight,0,1380,1.0859662294387817,0.6821674568509982
classifier.0.weight,0,1381,1.0856435298919678,0.6823753891129746
classifier.0.weight,0,1382,1.0850671529769897,0.6825831006477262
classifier.0.weight,0,1383,1.0850392580032349,0.682790801502893
classifier.0.weight,0,1384,1.0845924615859985,0.682998331339563
classifier.0.weight,0,1385,1.084426999092102,0.6832057978606814
classifier.0.weight,0,1386,1.084228277206421,0.6834131883520425
classifier.0.weight,0,1387,1.0837266445159912,0.6836203869838366
classifier.0.weight,0,1388,1.0835845470428467,0.6838275312837162
classifier.0.weight,0,1389,1.0830883979797363,0.6840344859335651
classifier.0.weight,0,1390,1.0828903913497925,0.684241364920805
classifier.0.weight,0,1391,1.0827178955078125,0.6844481780049338
classifier.0.weight,0,1392,1.08259916305542,0.6846549457326899
classifier.0.weight,0,1393,1.0822807550430298,0.6848615918515961
classifier.0.weight,0,1394,1.082013487815857,0.685068135921352
classifier.0.weight,0,1395,1.0819801092147827,0.6852746672481137
classifier.0.weight,0,1396,1.0814669132232666,0.6854810027008261
classifier.0.weight,0,1397,1.081138253211975,0.685687212761061
classifier.0.weight,0,1398,1.080947756767273,0.685893350159317
classifier.0.weight,0,1399,1.0808252096176147,0.6860994408205896
classifier.0.weight,0,1400,1.0805940628051758,0.6863054433416057
classifier.0.weight,0,1401,1.0804692506790161,0.6865113982774488
classifier.0.weight,0,1402,1.0798720121383667,0.6867171255895452
classifier.0.weight,0,1403,1.0795133113861084,0.6869227162515856
classifier.0.weight,0,1404,1.0794336795806885,0.6871282765833808
classifier.0.weight,0,1405,1.079086184501648,0.687333704587072
classifier.0.weight,0,1406,1.0789645910263062,0.6875390862973384
classifier.0.weight,0,1407,1.078754186630249,0.6877443879141493
classifier.0.weight,0,1408,1.0785492658615112,0.6879496115399408
classifier.0.weight,0,1409,1.0782136917114258,0.6881547074811983
classifier.0.weight,0,1410,1.0781350135803223,0.6883597734915122
classifier.0.weight,0,1411,1.0779329538345337,0.6885647626437285
classifier.0.weight,0,1412,1.0777219533920288,0.6887696715524223
classifier.0.weight,0,1413,1.0769964456558228,0.6889743046702055
classifier.0.weight,0,1414,1.076860785484314,0.6891788862394146
classifier.0.weight,0,1415,1.0765856504440308,0.689383363281895
classifier.0.weight,0,1416,1.0760726928710938,0.6895876455176556
classifier.0.weight,0,1417,1.0755709409713745,0.6897917372921138
classifier.0.weight,0,1418,1.0754534006118774,0.6899957844619649
classifier.0.weight,0,1419,1.07521653175354,0.6901997417588421
classifier.0.weight,0,1420,1.0750727653503418,0.6904036445174087
classifier.0.weight,0,1421,1.0747789144515991,0.6906074358252489
classifier.0.weight,0,1422,1.0745398998260498,0.6908111365029392
classifier.0.weight,0,1423,1.0741161108016968,0.691014676536826
classifier.0.weight,0,1424,1.0739984512329102,0.6912181719812671
classifier.0.weight,0,1425,1.0737273693084717,0.6914215647123854
classifier.0.weight,0,1426,1.073564887046814,0.6916248958911738
classifier.0.weight,0,1427,1.0733799934387207,0.6918281570389873
classifier.0.weight,0,1428,1.0729018449783325,0.6920312371374827
classifier.0.weight,0,1429,1.0727012157440186,0.6922342412924136
classifier.0.weight,0,1430,1.0723239183425903,0.6924371026685929
classifier.0.weight,0,1431,1.0718307495117188,0.6926397774931149
classifier.0.weight,0,1432,1.0716657638549805,0.6928423899274405
classifier.0.weight,0,1433,1.0714447498321533,0.6930449187991982
classifier.0.weight,0,1434,1.0713934898376465,0.6932474282926716
classifier.0.weight,0,1435,1.0711073875427246,0.6934498296453069
classifier.0.weight,0,1436,1.0708166360855103,0.6936521211294048
classifier.0.weight,0,1437,1.0702937841415405,0.6938542151143787
classifier.0.weight,0,1438,1.0700503587722778,0.6940562171821442
classifier.0.weight,0,1439,1.0699400901794434,0.694258177619465
classifier.0.weight,0,1440,1.0696783065795898,0.6944600392410429
classifier.0.weight,0,1441,1.0694737434387207,0.6946618236627774
classifier.0.weight,0,1442,1.0690369606018066,0.6948634432969705
classifier.0.weight,0,1443,1.0688533782958984,0.6950649936901164
classifier.0.weight,0,1444,1.0683414936065674,0.6952663510804471
classifier.0.weight,0,1445,1.0681854486465454,0.6954676496534211
classifier.0.weight,0,1446,1.0679113864898682,0.6956688449461196
classifier.0.weight,0,1447,1.0678002834320068,0.6958699983771997
classifier.0.weight,0,1448,1.0673243999481201,0.6960709725532894
classifier.0.weight,0,1449,1.0669769048690796,0.6962718158859945
classifier.0.weight,0,1450,1.0667026042938232,0.6964725559655554
classifier.0.weight,0,1451,1.0665212869644165,0.696673227807612
classifier.0.weight,0,1452,1.0663933753967285,0.696873851518026
classifier.0.weight,0,1453,1.066101312637329,0.6970743653502435
classifier.0.weight,0,1454,1.0659441947937012,0.6972748200849265
classifier.0.weight,0,1455,1.0657016038894653,0.6974751835897646
classifier.0.weight,0,1456,1.065363883972168,0.6976754201246812
classifier.0.weight,0,1457,1.065016746520996,0.6978755261909815
classifier.0.weight,0,1458,1.0649570226669312,0.6980756098148733
classifier.0.weight,0,1459,1.0646783113479614,0.6982755887241667
classifier.0.weight,0,1460,1.0640279054641724,0.6984753233761496
classifier.0.weight,0,1461,1.0638504028320312,0.6986749913936596
classifier.0.weight,0,1462,1.063493013381958,0.6988745252809262
classifier.0.weight,0,1463,1.0633106231689453,0.6990739907335024
classifier.0.weight,0,1464,1.0631357431411743,0.6992733905803101
classifier.0.weight,0,1465,1.0628303289413452,0.6994726758776869
classifier.0.weight,0,1466,1.0623756647109985,0.6996717907085019
classifier.0.weight,0,1467,1.0621376037597656,0.6998708163125836
classifier.0.weight,0,1468,1.0618839263916016,0.7000697468588084
classifier.0.weight,0,1469,1.06177818775177,0.7002686377894074
classifier.0.weight,0,1470,1.0613696575164795,0.7004673756987292
classifier.0.weight,0,1471,1.0611591339111328,0.7006660347761916
classifier.0.weight,0,1472,1.060986876487732,0.7008646293624344
classifier.0.weight,0,1473,1.0607221126556396,0.7010631248445239
classifier.0.weight,0,1474,1.06022047996521,0.7012614326275414
classifier.0.weight,0,1475,1.0601258277893066,0.7014597050039133
classifier.0.weight,0,1476,1.0599539279937744,0.70165791308562
classifier.0.weight,0,1477,1.059705138206482,0.7018560281324163
classifier.0.weight,0,1478,1.0594013929367065,0.7020540296233152
classifier.0.weight,0,1479,1.0591038465499878,0.7022519199073474
classifier.0.weight,0,1480,1.0587482452392578,0.7024496773276739
classifier.0.weight,0,1481,1.0586001873016357,0.7026473794421076
classifier.0.weight,0,1482,1.0579371452331543,0.7028448339772028
classifier.0.weight,0,1483,1.0576883554458618,0.7030421956544266
classifier.0.weight,0,1484,1.0574040412902832,0.7032394512414649
classifier.0.weight,0,1485,1.0573707818984985,0.7034366944198168
classifier.0.weight,0,1486,1.0570257902145386,0.7036338089088642
classifier.0.weight,0,1487,1.0567091703414917,0.7038308053288579
classifier.0.weight,0,1488,1.056432843208313,0.7040276987340579
classifier.0.weight,0,1489,1.0562400817871094,0.7042245202937255
classifier.0.weight,0,1490,1.0559618473052979,0.7044212381736846
classifier.0.weight,0,1491,1.0558137893676758,0.7046179008933142
classifier.0.weight,0,1492,1.0555118322372437,0.7048144511400449
classifier.0.weight,0,1493,1.0554916858673096,0.7050109938838068
classifier.0.weight,0,1494,1.0550261735916138,0.7052073633000377
classifier.0.weight,0,1495,1.054834008216858,0.7054036611882502
classifier.0.weight,0,1496,1.0546191930770874,0.7055998791331458
classifier.0.weight,0,1497,1.0544847249984741,0.7057960470441181
classifier.0.weight,0,1498,1.0543301105499268,0.7059921574328352
classifier.0.weight,0,1499,1.0540988445281982,0.7061881817978395
classifier.0.weight,0,1500,1.0538544654846191,0.7063841152820045
classifier.0.weight,0,1501,1.053518295288086,0.706579923784031
classifier.0.weight,0,1502,1.0533286333084106,0.7067756617906794
classifier.0.weight,0,1503,1.0531210899353027,0.706971322670166
classifier.0.weight,0,1504,1.0529695749282837,0.7071669272533213
classifier.0.weight,0,1505,1.0527801513671875,0.7073624614663826
classifier.0.weight,0,1506,1.0523377656936646,0.7075578313842487
classifier.0.weight,0,1507,1.0520826578140259,0.7077531065903863
classifier.0.weight,0,1508,1.0517823696136475,0.707948270340506
classifier.0.weight,0,1509,1.051276445388794,0.7081432463819807
classifier.0.weight,0,1510,1.0509989261627197,0.7083381194962788
classifier.0.weight,0,1511,1.050953984260559,0.7085329759449441
classifier.0.weight,0,1512,1.050394892692566,0.708727625127409
classifier.0.weight,0,1513,1.0503191947937012,0.7089222462556567
classifier.0.weight,0,1514,1.0501407384872437,0.7091168012546414
classifier.0.weight,0,1515,1.0498437881469727,0.7093112462397914
classifier.0.weight,0,1516,1.0493526458740234,0.7095055093353795
classifier.0.weight,0,1517,1.0491158962249756,0.7096996847835372
classifier.0.weight,0,1518,1.0489572286605835,0.7098938015022146
classifier.0.weight,0,1519,1.0487194061279297,0.7100878302094937
classifier.0.weight,0,1520,1.0484639406204224,0.7102817643984399
classifier.0.weight,0,1521,1.0483144521713257,0.7104756432896249
classifier.0.weight,0,1522,1.0478500127792358,0.7106693504288175
classifier.0.weight,0,1523,1.0475729703903198,0.7108629551526002
classifier.0.weight,0,1524,1.0473397970199585,0.7110564736992037
classifier.0.weight,0,1525,1.0470439195632935,0.7112498829218079
classifier.0.weight,0,1526,1.0468264818191528,0.7114432118228561
classifier.0.weight,0,1527,1.046604037284851,0.7116364585701015
classifier.0.weight,0,1528,1.0461941957473755,0.7118295539993047
classifier.0.weight,0,1529,1.0459259748458862,0.7120225504304614
classifier.0.weight,0,1530,1.0458608865737915,0.7122155228419194
classifier.0.weight,0,1531,1.0453821420669556,0.7124083186269473
classifier.0.weight,0,1532,1.0453096628189087,0.7126010876787673
classifier.0.weight,0,1533,1.0451414585113525,0.7127937946973404
classifier.0.weight,0,1534,1.044767141342163,0.712986363704685
classifier.0.weight,0,1535,1.0445971488952637,0.7131788700519165
classifier.0.weight,0,1536,1.0444473028182983,0.7133713211735484
classifier.0.weight,0,1537,1.0441675186157227,0.7135636692022401
classifier.0.weight,0,1538,1.044047474861145,0.7137559730065103
classifier.0.weight,0,1539,1.0436968803405762,0.7139481476799859
classifier.0.weight,0,1540,1.04342782497406,0.7141402232845391
classifier.0.weight,0,1541,1.0432112216949463,0.7143322191521205
classifier.0.weight,0,1542,1.042899489402771,0.7145241002924669
classifier.0.weight,0,1543,1.0427552461624146,0.714715928358392
classifier.0.weight,0,1544,1.0424649715423584,0.714907649639779
classifier.0.weight,0,1545,1.0422393083572388,0.7150992879260469
classifier.0.weight,0,1546,1.0419807434082031,0.7152908311385695
classifier.0.weight,0,1547,1.041632056236267,0.7154822461769651
classifier.0.weight,0,1548,1.0413707494735718,0.7156735651895715
classifier.0.weight,0,1549,1.0412681102752686,0.7158648464906089
classifier.0.weight,0,1550,1.0409460067749023,0.716056009468908
classifier.0.weight,0,1551,1.0407493114471436,0.7162471002103918
classifier.0.weight,0,1552,1.0406298637390137,0.7164381470910899
classifier.0.weight,0,1553,1.040250539779663,0.7166290547187186
classifier.0.weight,0,1554,1.039969563484192,0.7168198592302776
classifier.0.weight,0,1555,1.0399483442306519,0.71701065595567
classifier.0.weight,0,1556,1.0395278930664062,0.7172012984339998
classifier.0.weight,0,1557,1.0393824577331543,0.7173918875723221
classifier.0.weight,0,1558,1.0391497611999512,0.7175823913821553
classifier.0.weight,0,1559,1.0387299060821533,0.7177727412818511
classifier.0.weight,0,1560,1.0384808778762817,0.7179629999223823
classifier.0.weight,0,1561,1.0382789373397827,0.7181531845756168
classifier.0.weight,0,1562,1.0381202697753906,0.7183433111060699
classifier.0.weight,0,1563,1.037965178489685,0.7185333808323812
classifier.0.weight,0,1564,1.0377533435821533,0.7187233729851955
classifier.0.weight,0,1565,1.037058711051941,0.7189131108761254
classifier.0.weight,0,1566,1.0368881225585938,0.7191027863512277
classifier.0.weight,0,1567,1.0367846488952637,0.7192924239718372
classifier.0.weight,0,1568,1.036419153213501,0.7194819279108488
classifier.0.weight,0,1569,1.0361698865890503,0.7196713407065684
classifier.0.weight,0,1570,1.0360560417175293,0.7198607118826829
classifier.0.weight,0,1571,1.0356111526489258,0.720049920459335
classifier.0.weight,0,1572,1.0353809595108032,0.7202390449316874
classifier.0.weight,0,1573,1.0350522994995117,0.7204280493558869
classifier.0.weight,0,1574,1.0350072383880615,0.7206170373237893
classifier.0.weight,0,1575,1.034792184829712,0.7208059467641006
classifier.0.weight,0,1576,1.034630537033081,0.720994797188872
classifier.0.weight,0,1577,1.0344611406326294,0.721183585779081
classifier.0.weight,0,1578,1.0341405868530273,0.7213722573856404
classifier.0.weight,0,1579,1.034063696861267,0.7215609009371767
classifier.0.weight,0,1580,1.033318281173706,0.7217492726153649
classifier.0.weight,0,1581,1.0331809520721436,0.7219375942272864
classifier.0.weight,0,1582,1.0329933166503906,0.7221258474434514
classifier.0.weight,0,1583,1.0324499607086182,0.7223139026687874
classifier.0.weight,0,1584,1.0321847200393677,0.722501861282203
classifier.0.weight,0,1585,1.0320453643798828,0.722689769146314
classifier.0.weight,0,1586,1.031841516494751,0.722877602787258
classifier.0.weight,0,1587,1.031538724899292,0.7230653262056492
classifier.0.weight,0,1588,1.0313981771469116,0.723252998472675
classifier.0.weight,0,1589,1.0310559272766113,0.7234405462094203
classifier.0.weight,0,1590,1.0308274030685425,0.7236280108188645
classifier.0.weight,0,1591,1.0305911302566528,0.7238153895017719
classifier.0.weight,0,1592,1.030273675918579,0.7240026527654554
classifier.0.weight,0,1593,1.030260443687439,0.7241899112189707
classifier.0.weight,0,1594,1.0299992561340332,0.7243770747384758
classifier.0.weight,0,1595,1.029798150062561,0.7245641651782281
classifier.0.weight,0,1596,1.0297044515609741,0.72475122157384
classifier.0.weight,0,1597,1.0291962623596191,0.7249380933794315
classifier.0.weight,0,1598,1.0290724039077759,0.7251249202096172
classifier.0.weight,0,1599,1.0288996696472168,0.7253116843256813
classifier.0.weight,0,1600,1.028485655784607,0.7254982981698024
classifier.0.weight,0,1601,1.0282152891159058,0.7256848139133201
classifier.0.weight,0,1602,1.0280773639678955,0.7258712796216236
classifier.0.weight,0,1603,1.0277559757232666,0.7260576287657039
classifier.0.weight,0,1604,1.027449607849121,0.7262438668272254
classifier.0.weight,0,1605,1.0273327827453613,0.7264300625391391
classifier.0.weight,0,1606,1.0269955396652222,0.7266161360259864
classifier.0.weight,0,1607,1.0267937183380127,0.7268021363870866
classifier.0.weight,0,1608,1.026675820350647,0.7269880940369606
classifier.0.weight,0,1609,1.026435375213623,0.7271739645953188
classifier.0.weight,0,1610,1.026340365409851,0.7273598007458449
classifier.0.weight,0,1611,1.0261975526809692,0.7275455851826859
classifier.0.weight,0,1612,1.0256370306015015,0.727731166719338
classifier.0.weight,0,1613,1.0253037214279175,0.7279166276558638
classifier.0.weight,0,1614,1.0250020027160645,0.7281019794563349
classifier.0.weight,0,1615,1.024841070175171,0.7282872730582962
classifier.0.weight,0,1616,1.0245271921157837,0.7284724531779009
classifier.0.weight,0,1617,1.024364948272705,0.7286575746520042
classifier.0.weight,0,1618,1.024085283279419,0.7288425950587514
classifier.0.weight,0,1619,1.0237374305725098,0.729027489794483
classifier.0.weight,0,1620,1.0236692428588867,0.7292123599005996
classifier.0.weight,0,1621,1.0233464241027832,0.729397113425842
classifier.0.weight,0,1622,1.023078203201294,0.7295817701153274
classifier.0.weight,0,1623,1.0227729082107544,0.7297663166150917
classifier.0.weight,0,1624,1.022714614868164,0.7299508420788553
classifier.0.weight,0,1625,1.0223016738891602,0.7301352185611899
classifier.0.weight,0,1626,1.0220810174942017,0.7303195154594638
classifier.0.weight,0,1627,1.0219089984893799,0.7305037503276234
classifier.0.weight,0,1628,1.021644115447998,0.7306878896992804
classifier.0.weight,0,1629,1.021405816078186,0.7308719431796218
classifier.0.weight,0,1630,1.0212348699569702,0.7310559350574245
classifier.0.weight,0,1631,1.020878791809082,0.7312397986511914
classifier.0.weight,0,1632,1.0206654071807861,0.7314235853904587
classifier.0.weight,0,1633,1.0206444263458252,0.7316073645739501
classifier.0.weight,0,1634,1.0202009677886963,0.7317909840921469
classifier.0.weight,0,1635,1.0200328826904297,0.7319745431101811
classifier.0.weight,0,1636,1.0196446180343628,0.7321579624152388
classifier.0.weight,0,1637,1.019201397895813,0.7323412222971807
classifier.0.weight,0,1638,1.019091248512268,0.73252444256993
classifier.0.weight,0,1639,1.0188627243041992,0.7327075806801187
classifier.0.weight,0,1640,1.0186351537704468,0.732890636988938
classifier.0.weight,0,1641,1.0185282230377197,0.7330736548672794
classifier.0.weight,0,1642,1.0181294679641724,0.733256529470216
classifier.0.weight,0,1643,1.0179086923599243,0.7334393247711095
classifier.0.weight,0,1644,1.01771879196167,0.7336220518740147
classifier.0.weight,0,1645,1.0173792839050293,0.7338046570827852
classifier.0.weight,0,1646,1.017315149307251,0.7339872392697727
classifier.0.weight,0,1647,1.0168166160583496,0.7341696425525376
classifier.0.weight,0,1648,1.0165436267852783,0.734351947907211
classifier.0.weight,0,1649,1.016342282295227,0.7345341810514203
classifier.0.weight,0,1650,1.0160741806030273,0.7347163180654751
classifier.0.weight,0,1651,1.0159956216812134,0.734898426916361
classifier.0.weight,0,1652,1.015810251235962,0.7350804693210568
classifier.0.weight,0,1653,1.0156164169311523,0.7352624422586521
classifier.0.weight,0,1654,1.015286922454834,0.7354442971411419
classifier.0.weight,0,1655,1.0149543285369873,0.7356260328968715
classifier.0.weight,0,1656,1.0147238969802856,0.7358076861407123
classifier.0.weight,0,1657,1.014676809310913,0.7359893225259192
classifier.0.weight,0,1658,1.0144672393798828,0.7361708838890236
classifier.0.weight,0,1659,1.014237880706787,0.7363523631637879
classifier.0.weight,0,1660,1.0136394500732422,0.73653362834535
classifier.0.weight,0,1661,1.0134432315826416,0.7367148233557327
classifier.0.weight,0,1662,1.0134303569793701,0.7368960137624061
classifier.0.weight,0,1663,1.0130599737167358,0.7370770717522241
classifier.0.weight,0,1664,1.0125731229782104,0.7372579557601705
classifier.0.weight,0,1665,1.0124378204345703,0.7374387914310029
classifier.0.weight,0,1666,1.012059211730957,0.7376194918774178
classifier.0.weight,0,1667,1.0119800567626953,0.7378001640591253
classifier.0.weight,0,1668,1.011675238609314,0.7379807274168174
classifier.0.weight,0,1669,1.0113228559494019,0.7381611650102077
classifier.0.weight,0,1670,1.0112851858139038,0.7383415891618331
classifier.0.weight,0,1671,1.0111171007156372,0.7385219533420647
classifier.0.weight,0,1672,1.0110282897949219,0.7387022858393086
classifier.0.weight,0,1673,1.0105586051940918,0.7388824508244782
classifier.0.weight,0,1674,1.010482907295227,0.7390625888194269
classifier.0.weight,0,1675,1.010444164276123,0.7392427130012651
classifier.0.weight,0,1676,1.0101256370544434,0.7394227236381613
classifier.0.weight,0,1677,1.009813666343689,0.7396026231020071
classifier.0.weight,0,1678,1.0097228288650513,0.7397824902017063
classifier.0.weight,0,1679,1.0092576742172241,0.7399621916188169
classifier.0.weight,0,1680,1.008705973625183,0.740141696625668
classifier.0.weight,0,1681,1.008676290512085,0.7403211910681144
classifier.0.weight,0,1682,1.008360505104065,0.740500573139816
classifier.0.weight,0,1683,1.0081919431686401,0.740679895243953
classifier.0.weight,0,1684,1.0078325271606445,0.7408590895157916
classifier.0.weight,0,1685,1.0076594352722168,0.7410382222408742
classifier.0.weight,0,1686,1.0075362920761108,0.7412173111860295
classifier.0.weight,0,1687,1.007392406463623,0.7413963489836821
classifier.0.weight,0,1688,1.0072039365768433,0.741575319796361
classifier.0.weight,0,1689,1.007023572921753,0.7417542265168764
classifier.0.weight,0,1690,1.006833553314209,0.7419330657264052
classifier.0.weight,0,1691,1.0064656734466553,0.7421117742701949
classifier.0.weight,0,1692,1.0060985088348389,0.7422903524499069
classifier.0.weight,0,1693,1.0059995651245117,0.7424688955071757
classifier.0.weight,0,1694,1.0059764385223389,0.7426474303556004
classifier.0.weight,0,1695,1.005906105041504,0.7428259402401435
classifier.0.weight,0,1696,1.0052536725997925,0.7430042186361423
classifier.0.weight,0,1697,1.004997730255127,0.7431824062626503
classifier.0.weight,0,1698,1.0049903392791748,0.7433605912683054
classifier.0.weight,0,1699,1.0046989917755127,0.7435386729769843
classifier.0.weight,0,1700,1.0041468143463135,0.7437165589938601
classifier.0.weight,0,1701,1.0040411949157715,0.7438944075914434
classifier.0.weight,0,1702,1.003770112991333,0.744072160167007
classifier.0.weight,0,1703,1.0035206079483032,0.7442498243863793
classifier.0.weight,0,1704,1.0034511089324951,0.7444274639982633
classifier.0.weight,0,1705,1.003069519996643,0.7446049685314748
classifier.0.weight,0,1706,1.0028293132781982,0.7447823880602569
classifier.0.weight,0,1707,1.0024771690368652,0.7449596830089231
classifier.0.weight,0,1708,1.0023365020751953,0.7451369282052503
classifier.0.weight,0,1709,1.002241849899292,0.7453141399280858
classifier.0.weight,0,1710,1.0019268989562988,0.7454912402921116
classifier.0.weight,0,1711,1.0017515420913696,0.7456682786694854
classifier.0.weight,0,1712,1.0012574195861816,0.7458451424385495
classifier.0.weight,0,1713,1.0012173652648926,0.7460219920573734
classifier.0.weight,0,1714,1.0009303092956543,0.7461987402827076
classifier.0.weight,0,1715,1.0008761882781982,0.7463754693947529
classifier.0.weight,0,1716,1.0006284713745117,0.7465521110366967
classifier.0.weight,0,1717,1.0004373788833618,0.7467286852177013
classifier.0.weight,0,1718,1.0002262592315674,0.7469051848826053
classifier.0.weight,0,1719,0.9997967481613159,0.747081532997232
classifier.0.weight,0,1720,0.9996103644371033,0.7472578153677868
classifier.0.weight,0,1721,0.9992641806602478,0.7474339756597164
classifier.0.weight,0,1722,0.999176561832428,0.7476101050603522
classifier.0.weight,0,1723,0.9990671277046204,0.7477861958821973
classifier.0.weight,0,1724,0.9988836646080017,0.7479622220373141
classifier.0.weight,0,1725,0.9986223578453064,0.7481381561080171
classifier.0.weight,0,1726,0.998131513595581,0.7483139172705066
classifier.0.weight,0,1727,0.9980708360671997,0.7484896570642111
classifier.0.weight,0,1728,0.9979254603385925,0.7486653456662787
classifier.0.weight,0,1729,0.997600257396698,0.7488409197805554
classifier.0.weight,0,1730,0.9972606897354126,0.7490163743897613
classifier.0.weight,0,1731,0.9971558451652527,0.7491917921089218
classifier.0.weight,0,1732,0.9967178702354431,0.7493670557665258
classifier.0.weight,0,1733,0.9965547323226929,0.7495422620562262
classifier.0.weight,0,1734,0.996325671672821,0.749717387811957
classifier.0.weight,0,1735,0.9958694577217102,0.7498923532254954
classifier.0.weight,0,1736,0.9957950115203857,0.75006729248094
classifier.0.weight,0,1737,0.9957258105278015,0.7502422074230479
classifier.0.weight,0,1738,0.9955281019210815,0.7504170529107824
classifier.0.weight,0,1739,0.9951766729354858,0.7505917749767334
classifier.0.weight,0,1740,0.9947097897529602,0.7507663331408141
classifier.0.weight,0,1741,0.9945653676986694,0.7509408406203256
classifier.0.weight,0,1742,0.9944237470626831,0.7511152984055658
classifier.0.weight,0,1743,0.9943292140960693,0.7512897230233999
classifier.0.weight,0,1744,0.9940611124038696,0.7514640535934476
classifier.0.weight,0,1745,0.9938747882843018,0.7516383188175214
classifier.0.weight,0,1746,0.9937012791633606,0.7518125232010006
classifier.0.weight,0,1747,0.9932897090911865,0.7519865833108142
classifier.0.weight,0,1748,0.9929112792015076,0.752160510816817
classifier.0.weight,0,1749,0.9928714036941528,0.7523344243531762
classifier.0.weight,0,1750,0.9925853610038757,0.7525082376962381
classifier.0.weight,0,1751,0.992405354976654,0.7526819880026815
classifier.0.weight,0,1752,0.9921929240226746,0.7528556639322732
classifier.0.weight,0,1753,0.9918285608291626,0.7530292123271981
classifier.0.weight,0,1754,0.9915604591369629,0.7532026669108907
classifier.0.weight,0,1755,0.9914165139198303,0.7533760711373001
classifier.0.weight,0,1756,0.9912827610969543,0.7535494285786501
classifier.0.weight,0,1757,0.9909470677375793,0.7537226686264765
classifier.0.weight,0,1758,0.9907575845718384,0.7538958424287174
classifier.0.weight,0,1759,0.9906237721443176,0.7540689694561624
classifier.0.weight,0,1760,0.9903378486633301,0.7542419965588124
classifier.0.weight,0,1761,0.9900311827659607,0.7544149165196496
classifier.0.weight,0,1762,0.9898030161857605,0.7545877567860078
classifier.0.weight,0,1763,0.9895980358123779,0.7547605254720753
classifier.0.weight,0,1764,0.9893864989280701,0.7549332203038259
classifier.0.weight,0,1765,0.9892320036888123,0.7551058612063056
classifier.0.weight,0,1766,0.9890756607055664,0.7552784475431007
classifier.0.weight,0,1767,0.9886308908462524,0.755450878696739
classifier.0.weight,0,1768,0.9884545207023621,0.75562324833299
classifier.0.weight,0,1769,0.9882030487060547,0.7557955302755297
classifier.0.weight,0,1770,0.9877968430519104,0.7559676706125238
classifier.0.weight,0,1771,0.9874392747879028,0.7561396863474168
classifier.0.weight,0,1772,0.9873201251029968,0.7563116605721439
classifier.0.weight,0,1773,0.9871151447296143,0.7564835633961561
classifier.0.weight,0,1774,0.9868482947349548,0.7566553732906501
classifier.0.weight,0,1775,0.9868192076683044,0.7568271730572002
classifier.0.weight,0,1776,0.9862555265426636,0.7569987766122719
classifier.0.weight,0,1777,0.9860666990280151,0.7571703144635379
classifier.0.weight,0,1778,0.9857313632965088,0.7573417356634862
classifier.0.weight,0,1779,0.9855324029922485,0.7575130876710088
classifier.0.weight,0,1780,0.9853360652923584,0.7576843714118608
classifier.0.weight,0,1781,0.9851325154304504,0.7578555843927318
classifier.0.weight,0,1782,0.9850067496299744,0.7580267536609798
classifier.0.weight,0,1783,0.9846421480178833,0.758197796235597
classifier.0.weight,0,1784,0.9845384955406189,0.7583688028010844
classifier.0.weight,0,1785,0.9842774868011475,0.7585397187082749
classifier.0.weight,0,1786,0.9840861558914185,0.7587105681742063
classifier.0.weight,0,1787,0.9839810132980347,0.7588813811339922
classifier.0.weight,0,1788,0.9837626814842224,0.7590521183001085
classifier.0.weight,0,1789,0.9835559725761414,0.7592227837229358
classifier.0.weight,0,1790,0.9834052324295044,0.759393396837282
classifier.0.weight,0,1791,0.9831327199935913,0.7595639154071783
classifier.0.weight,0,1792,0.9829218983650208,0.7597343608533805
classifier.0.weight,0,1793,0.9827268719673157,0.759904738668444
classifier.0.weight,0,1794,0.982443630695343,0.7600750182851657
classifier.0.weight,0,1795,0.9823480248451233,0.7602452647622041
classifier.0.weight,0,1796,0.9819769859313965,0.7604153826572393
classifier.0.weight,0,1797,0.9818563461303711,0.7605854587555143
classifier.0.weight,0,1798,0.9815874695777893,0.7607554417175301
classifier.0.weight,0,1799,0.9812431335449219,0.7609253054420976
classifier.0.weight,0,1800,0.9812074303627014,0.7610951568056814
classifier.0.weight,0,1801,0.9807412028312683,0.7612648467955009
classifier.0.weight,0,1802,0.9806915521621704,0.7614345196044205
classifier.0.weight,0,1803,0.9803417325019836,0.761604071387931
classifier.0.weight,0,1804,0.9802584648132324,0.7617735943700854
classifier.0.weight,0,1805,0.9798839092254639,0.7619429878279326
classifier.0.weight,0,1806,0.979834258556366,0.7621123641198984
classifier.0.weight,0,1807,0.9795909523963928,0.7622816563054383
classifier.0.weight,0,1808,0.9791781306266785,0.7624508058339369
classifier.0.weight,0,1809,0.9790489673614502,0.7626199107403924
classifier.0.weight,0,1810,0.978857159614563,0.7627889493938719
classifier.0.weight,0,1811,0.9781209230422974,0.7629577338618763
classifier.0.weight,0,1812,0.9780937433242798,0.7631265089497511
classifier.0.weight,0,1813,0.9778401255607605,0.763295196522884
classifier.0.weight,0,1814,0.9778209328651428,0.7634638774742033
classifier.0.weight,0,1815,0.9775632619857788,0.7636324695371774
classifier.0.weight,0,1816,0.977398157119751,0.7638010046564827
classifier.0.weight,0,1817,0.977242112159729,0.7639694859656667
classifier.0.weight,0,1818,0.9769933223724365,0.7641378815006238
classifier.0.weight,0,1819,0.976868212223053,0.764306233910124
classifier.0.weight,0,1820,0.9767557382583618,0.7644745475545737
classifier.0.weight,0,1821,0.9765601754188538,0.7646427938073556
classifier.0.weight,0,1822,0.9760076999664307,0.7648108497479912
classifier.0.weight,0,1823,0.9759538173675537,0.7649788871333616
classifier.0.weight,0,1824,0.9755290150642395,0.7651467782676866
classifier.0.weight,0,1825,0.9754331111907959,0.7653146363930116
classifier.0.weight,0,1826,0.9753170609474182,0.7654824545795293
classifier.0.weight,0,1827,0.975263774394989,0.7656502544290186
classifier.0.weight,0,1828,0.9749836921691895,0.7658179579127697
classifier.0.weight,0,1829,0.9745585918426514,0.7659855151884056
classifier.0.weight,0,1830,0.9744203090667725,0.7661530249170976
classifier.0.weight,0,1831,0.9742284417152405,0.7663204686855801
classifier.0.weight,0,1832,0.9737623929977417,0.7664877522898041
classifier.0.weight,0,1833,0.9736694097518921,0.7666550039481862
classifier.0.weight,0,1834,0.9734776616096497,0.7668221897381395
classifier.0.weight,0,1835,0.9734039306640625,0.7669893502038353
classifier.0.weight,0,1836,0.9732586145401001,0.7671564607636349
classifier.0.weight,0,1837,0.9727334380149841,0.7673233910242556
classifier.0.weight,0,1838,0.9724733829498291,0.7674902320409883
classifier.0.weight,0,1839,0.9722800254821777,0.7676570067181175
classifier.0.weight,0,1840,0.9720123410224915,0.7678236895763413
classifier.0.weight,0,1841,0.9718495607376099,0.7679903166113825
classifier.0.weight,0,1842,0.9717448949813843,0.76815690775773
classifier.0.weight,0,1843,0.9716607928276062,0.7683234700692098
classifier.0.weight,0,1844,0.9712134003639221,0.7684898790317682
classifier.0.weight,0,1845,0.9709924459457397,0.7686562122857068
classifier.0.weight,0,1846,0.9706275463104248,0.7688224205468316
classifier.0.weight,0,1847,0.9703501462936401,0.7689885338187175
classifier.0.weight,0,1848,0.9700796008110046,0.7691545544746946
classifier.0.weight,0,1849,0.9697792530059814,0.7693204723427761
classifier.0.weight,0,1850,0.9696781039237976,0.7694863556018168
classifier.0.weight,0,1851,0.969558596611023,0.7696521979750401
classifier.0.weight,0,1852,0.9694338440895081,0.7698179976733324
classifier.0.weight,0,1853,0.9693655371665955,0.7699837740077442
classifier.0.weight,0,1854,0.9690507650375366,0.7701494426979381
classifier.0.weight,0,1855,0.9688469767570496,0.7703150417162659
classifier.0.weight,0,1856,0.9687078595161438,0.77048059318111
classifier.0.weight,0,1857,0.9681645035743713,0.7706459589797732
classifier.0.weight,0,1858,0.9680318832397461,0.7708112794775285
classifier.0.weight,0,1859,0.9679029583930969,0.7709765559426421
classifier.0.weight,0,1860,0.9675091505050659,0.7711416979439973
classifier.0.weight,0,1861,0.9673829674720764,0.7713067968723549
classifier.0.weight,0,1862,0.9670464992523193,0.7714717809736299
classifier.0.weight,0,1863,0.9669215679168701,0.7716367224495447
classifier.0.weight,0,1864,0.9666376113891602,0.7718015670627292
classifier.0.weight,0,1865,0.9662984609603882,0.7719662960228231
classifier.0.weight,0,1866,0.9661393165588379,0.772130970727355
classifier.0.weight,0,1867,0.9658719301223755,0.7722955542945354
classifier.0.weight,0,1868,0.9655809998512268,0.7724600387282199
classifier.0.weight,0,1869,0.9653421640396118,0.7726244418017394
classifier.0.weight,0,1870,0.9652395248413086,0.7727888099170789
classifier.0.weight,0,1871,0.9652001261711121,0.7729531646144989
classifier.0.weight,0,1872,0.9646106362342834,0.773117318616019
classifier.0.weight,0,1873,0.9645252227783203,0.7732814435481107
classifier.0.weight,0,1874,0.9642729759216309,0.7734454826460869
classifier.0.weight,0,1875,0.9641059041023254,0.7736094649055185
classifier.0.weight,0,1876,0.9638675451278687,0.7737733660912605
classifier.0.weight,0,1877,0.9636523723602295,0.7739371941069172
classifier.0.weight,0,1878,0.9633973836898804,0.7741009354341326
classifier.0.weight,0,1879,0.9632341265678406,0.774264621270907
classifier.0.weight,0,1880,0.9628021717071533,0.7744281603333152
classifier.0.weight,0,1881,0.9626719951629639,0.7745916551758172
classifier.0.weight,0,1882,0.9624837636947632,0.7747550860882045
classifier.0.weight,0,1883,0.962134063243866,0.7749183982630435
classifier.0.weight,0,1884,0.9620562791824341,0.7750816840328912
classifier.0.weight,0,1885,0.961871862411499,0.7752449072081716
classifier.0.weight,0,1886,0.9617457985877991,0.7754080876018924
classifier.0.weight,0,1887,0.9613571166992188,0.7755711361261581
classifier.0.weight,0,1888,0.9612396359443665,0.7757341448028106
classifier.0.weight,0,1889,0.961176872253418,0.7758971321930078
classifier.0.weight,0,1890,0.960993766784668,0.7760600574904922
classifier.0.weight,0,1891,0.9606107473373413,0.7762228529408878
classifier.0.weight,0,1892,0.9602822661399841,0.7763855370743912
classifier.0.weight,0,1893,0.9601752758026123,0.776548184958843
classifier.0.weight,0,1894,0.9598444700241089,0.7767107207896048
classifier.0.weight,0,1895,0.9596620202064514,0.7768731948357436
classifier.0.weight,0,1896,0.9593810439109802,0.7770355737553241
classifier.0.weight,0,1897,0.9593086838722229,0.7771979281814004
classifier.0.weight,0,1898,0.959202766418457,0.7773602467582901
classifier.0.weight,0,1899,0.9587977528572083,0.7775224282893998
classifier.0.weight,0,1900,0.9585837125778198,0.7776845374183673
classifier.0.weight,0,1901,0.9584494233131409,0.7778466011303503
classifier.0.weight,0,1902,0.9584389328956604,0.7780086612947144
classifier.0.weight,0,1903,0.9583682417869568,0.7781706975539764
classifier.0.weight,0,1904,0.9580800533294678,0.7783326363768741
classifier.0.weight,0,1905,0.9580330848693848,0.7784945593225375
classifier.0.weight,0,1906,0.9578483700752258,0.7786564198346992
classifier.0.weight,0,1907,0.957579493522644,0.7788181894882458
classifier.0.weight,0,1908,0.957044780254364,0.7789797785275877
classifier.0.weight,0,1909,0.9568353891372681,0.7791412968667729
classifier.0.weight,0,1910,0.9567849636077881,0.7793027981822709
classifier.0.weight,0,1911,0.9565511345863342,0.7794642205686856
classifier.0.weight,0,1912,0.9562574028968811,0.7796255438331848
classifier.0.weight,0,1913,0.9561731815338135,0.7797868386821825
classifier.0.weight,0,1914,0.9557369351387024,0.7799479863857754
classifier.0.weight,0,1915,0.9555702805519104,0.7801090778946952
classifier.0.weight,0,1916,0.955303966999054,0.7802700796250295
classifier.0.weight,0,1917,0.9552156329154968,0.7804310515820492
classifier.0.weight,0,1918,0.9550713300704956,0.7805919749072083
classifier.0.weight,0,1919,0.9546781182289124,0.7807527657523543
classifier.0.weight,0,1920,0.9545894861221313,0.7809135267433126
classifier.0.weight,0,1921,0.9543030858039856,0.7810741912842413
classifier.0.weight,0,1922,0.954018771648407,0.7812347601063163
classifier.0.weight,0,1923,0.953868567943573,0.7813952783714546
classifier.0.weight,0,1924,0.9533337354660034,0.7815556166824227
classifier.0.weight,0,1925,0.953151285648346,0.7817158936278998
classifier.0.weight,0,1926,0.9528408050537109,0.7818760661727909
classifier.0.weight,0,1927,0.952822208404541,0.7820362324655493
classifier.0.weight,0,1928,0.9526146650314331,0.7821963289911843
classifier.0.weight,0,1929,0.9524038434028625,0.7823563546632482
classifier.0.weight,0,1930,0.9521152973175049,0.7825162833852906
classifier.0.weight,0,1931,0.9518663287162781,0.7826761284787547
classifier.0.weight,0,1932,0.9518439769744873,0.7828359660653363
classifier.0.weight,0,1933,0.9516427516937256,0.7829957360778947
classifier.0.weight,0,1934,0.9513570666313171,0.7831554101782957
classifier.0.weight,0,1935,0.9511487483978271,0.783315014358819
classifier.0.weight,0,1936,0.9508987665176392,0.7834745346557015
classifier.0.weight,0,1937,0.9507865905761719,0.7836340173181171
classifier.0.weight,0,1938,0.9503792524337769,0.7837933633579589
classifier.0.weight,0,1939,0.9502561092376709,0.7839526681066861
classifier.0.weight,0,1940,0.9499480724334717,0.7841118695911002
classifier.0.weight,0,1941,0.9497932195663452,0.7842710191762631
classifier.0.weight,0,1942,0.9497695565223694,0.7844301608314539
classifier.0.weight,0,1943,0.9496356844902039,0.7845892576270993
classifier.0.weight,0,1944,0.9493371844291687,0.7847482544203119
classifier.0.weight,0,1945,0.9491083025932312,0.7849071745556383
classifier.0.weight,0,1946,0.9487720131874084,0.7850659820932985
classifier.0.weight,0,1947,0.9487026333808899,0.7852247664059199
classifier.0.weight,0,1948,0.9484747052192688,0.7853834744310565
classifier.0.weight,0,1949,0.9483195543289185,0.7855421305377236
classifier.0.weight,0,1950,0.9480379819869995,0.7857006924429389
classifier.0.weight,0,1951,0.9479087591171265,0.7858592111253545
classifier.0.weight,0,1952,0.9474133253097534,0.7860175641483856
classifier.0.weight,0,1953,0.947189450263977,0.7861758423421933
classifier.0.weight,0,1954,0.947007417678833,0.7863340597054668
classifier.0.weight,0,1955,0.9468249678611755,0.7864922161105093
classifier.0.weight,0,1956,0.9466726779937744,0.7866503216430426
classifier.0.weight,0,1957,0.9464394450187683,0.7868083492798427
classifier.0.weight,0,1958,0.9462562203407288,0.7869663157362675
classifier.0.weight,0,1959,0.9462063312530518,0.7871242655363272
classifier.0.weight,0,1960,0.9460691809654236,0.7872821695508327
classifier.0.weight,0,1961,0.9456686973571777,0.7874399399079145
classifier.0.weight,0,1962,0.94544917345047,0.7875976370250861
classifier.0.weight,0,1963,0.9453354477882385,0.7877552962065739
classifier.0.weight,0,1964,0.9449582695960999,0.7879128296046859
classifier.0.weight,0,1965,0.9446921944618225,0.7880702743008514
classifier.0.weight,0,1966,0.9444655776023865,0.7882276434690444
classifier.0.weight,0,1967,0.9443346858024597,0.7883849690212351
classifier.0.weight,0,1968,0.9441050291061401,0.7885422180614146
classifier.0.weight,0,1969,0.9438707232475281,0.7886993890598544
classifier.0.weight,0,1970,0.9436843991279602,0.7888564980119636
classifier.0.weight,0,1971,0.9434446096420288,0.7890135271316869
classifier.0.weight,0,1972,0.9433861374855042,0.7891705367875296
classifier.0.weight,0,1973,0.9431666731834412,0.7893274734000973
classifier.0.weight,0,1974,0.9429262280464172,0.7894843300059462
classifier.0.weight,0,1975,0.9427747130393982,0.7896411362065363
classifier.0.weight,0,1976,0.942420244216919,0.7897978245158438
classifier.0.weight,0,1977,0.9422339200973511,0.7899544508741788
classifier.0.weight,0,1978,0.942169725894928,0.7901110558913979
classifier.0.weight,0,1979,0.9419347047805786,0.7902675827891569
classifier.0.weight,0,1980,0.9418279528617859,0.7904240742097226
classifier.0.weight,0,1981,0.9414936304092407,0.790580454549895
classifier.0.weight,0,1982,0.9414087533950806,0.79073680669551
classifier.0.weight,0,1983,0.9411731958389282,0.7908930806066251
classifier.0.weight,0,1984,0.940903902053833,0.7910492651025878
classifier.0.weight,0,1985,0.9407198429107666,0.7912053884990635
classifier.0.weight,0,1986,0.9404109716415405,0.7913614093908128
classifier.0.weight,0,1987,0.9403699636459351,0.7915174166758204
classifier.0.weight,0,1988,0.9402120113372803,0.7916733715566845
classifier.0.weight,0,1989,0.9400622248649597,0.7918292767507323
classifier.0.weight,0,1990,0.9397581815719604,0.7919850811125975
classifier.0.weight,0,1991,0.9396853446960449,0.79214086132386
classifier.0.weight,0,1992,0.939439594745636,0.792296560065355
classifier.0.weight,0,1993,0.9392324686050415,0.7924521901579992
classifier.0.weight,0,1994,0.9387800097465515,0.792607670342595
classifier.0.weight,0,1995,0.9386377334594727,0.7927631034033348
classifier.0.weight,0,1996,0.9383643269538879,0.7929184459281428
classifier.0.weight,0,1997,0.9383090138435364,0.7930737701397548
classifier.0.weight,0,1998,0.9380689859390259,0.7932290148948637
classifier.0.weight,0,1999,0.9378281831741333,0.7933841799573943
classifier.0.weight,0,2000,0.9376303553581238,0.7935392795650187
classifier.0.weight,0,2001,0.9374658465385437,0.7936943247524446
classifier.0.weight,0,2002,0.9372128248214722,0.7938492862578769
classifier.0.weight,0,2003,0.937035858631134,0.7940041892486207
classifier.0.weight,0,2004,0.936629056930542,0.7941589577703985
classifier.0.weight,0,2005,0.9365262389183044,0.7943136923147586
classifier.0.weight,0,2006,0.936374843120575,0.7944683768353921
classifier.0.weight,0,2007,0.9361069202423096,0.7946229728496048
classifier.0.weight,0,2008,0.9356642961502075,0.794777422701576
classifier.0.weight,0,2009,0.9355937838554382,0.7949318492755335
classifier.0.weight,0,2010,0.9354376196861267,0.7950862243017245
classifier.0.weight,0,2011,0.9349895715713501,0.7952404514808042
classifier.0.weight,0,2012,0.9348177313804626,0.7953946219747761
classifier.0.weight,0,2013,0.9347063302993774,0.7955487557263203
classifier.0.weight,0,2014,0.9345709681510925,0.7957028448384642
classifier.0.weight,0,2015,0.9344993233680725,0.7958569103263823
classifier.0.weight,0,2016,0.9341676831245422,0.7960108664824938
classifier.0.weight,0,2017,0.9338796734809875,0.7961647277219792
classifier.0.weight,0,2018,0.9335532784461975,0.7963184814299055
classifier.0.weight,0,2019,0.9334356784820557,0.7964721964034776
classifier.0.weight,0,2020,0.9332672357559204,0.796625855904919
classifier.0.weight,0,2021,0.9329992532730103,0.7967794271740917
classifier.0.weight,0,2022,0.9328932166099548,0.7969329635380713
classifier.0.weight,0,2023,0.9326037764549255,0.7970864046442138
classifier.0.weight,0,2024,0.9322617650032043,0.7972397332288458
classifier.0.weight,0,2025,0.9320394992828369,0.7973929887103494
classifier.0.weight,0,2026,0.9318803548812866,0.7975461918600157
classifier.0.weight,0,2027,0.9314199686050415,0.7976992436700725
classifier.0.weight,0,2028,0.9313420653343201,0.7978522698789217
classifier.0.weight,0,2029,0.9312134385108948,0.7980052538220628
classifier.0.weight,0,2030,0.9311255216598511,0.798158208879814
classifier.0.weight,0,2031,0.9310644268989563,0.7983111438662733
classifier.0.weight,0,2032,0.9308284521102905,0.7984640013409583
classifier.0.weight,0,2033,0.9303369522094727,0.7986166974333856
classifier.0.weight,0,2034,0.9302828907966614,0.7987693757801421
classifier.0.weight,0,2035,0.9301460981369019,0.7989220092292835
classifier.0.weight,0,2036,0.9298086166381836,0.7990745319396484
classifier.0.weight,0,2037,0.9296755194664001,0.7992270109875046
classifier.0.weight,0,2038,0.9294686913490295,0.799379422197829
classifier.0.weight,0,2039,0.929214358329773,0.7995317500101857
classifier.0.weight,0,2040,0.9291289448738098,0.799684049819861
classifier.0.weight,0,2041,0.9288397431373596,0.7998362548342661
classifier.0.weight,0,2042,0.9287004470825195,0.7999884142003914
classifier.0.weight,0,2043,0.9283435344696045,0.8001404566350314
classifier.0.weight,0,2044,0.9281966686248779,0.8002924509666289
classifier.0.weight,0,2045,0.9280492067337036,0.8004443970076174
classifier.0.weight,0,2046,0.9278117418289185,0.8005962653000647
classifier.0.weight,0,2047,0.9274945855140686,0.8007480297831864
classifier.0.weight,0,2048,0.9271175861358643,0.8008996709157495
classifier.0.weight,0,2049,0.9269029498100281,0.8010512418437808
classifier.0.weight,0,2050,0.9267848134040833,0.8012027741379864
classifier.0.weight,0,2051,0.926692545413971,0.8013542762614683
classifier.0.weight,0,2052,0.9266551733016968,0.8015057661654923
classifier.0.weight,0,2053,0.9262929558753967,0.8016571376618058
classifier.0.weight,0,2054,0.9262087345123291,0.8018084816330603
classifier.0.weight,0,2055,0.9259390830993652,0.8019597374942083
classifier.0.weight,0,2056,0.9257755279541016,0.8021109399252985
classifier.0.weight,0,2057,0.9254928827285767,0.8022620500443324
classifier.0.weight,0,2058,0.9251748323440552,0.8024130563216744
classifier.0.weight,0,2059,0.9249774813652039,0.8025639981829576
classifier.0.weight,0,2060,0.9248688220977783,0.8027149045833373
classifier.0.weight,0,2061,0.9246187806129456,0.8028657293986122
classifier.0.weight,0,2062,0.9243032336235046,0.8030164512867211
classifier.0.weight,0,2063,0.9241830110549927,0.8031671339690942
classifier.0.weight,0,2064,0.9240053296089172,0.8033177587171776
classifier.0.weight,0,2065,0.9238725900650024,0.803468340191865
classifier.0.weight,0,2066,0.9235032796859741,0.8036188013032317
classifier.0.weight,0,2067,0.923313319683075,0.8037692005227695
classifier.0.weight,0,2068,0.9230164289474487,0.8039195030363351
classifier.0.weight,0,2069,0.9229095578193665,0.8040697707464699
classifier.0.weight,0,2070,0.9228511452674866,0.8042200194357968
classifier.0.weight,0,2071,0.9227532744407654,0.8043702362582648
classifier.0.weight,0,2072,0.9223989248275757,0.8045203377323421
classifier.0.weight,0,2073,0.9222666621208191,0.8046703961634294
classifier.0.weight,0,2074,0.92192542552948,0.8048203435724951
classifier.0.weight,0,2075,0.9217506051063538,0.8049702341192956
classifier.0.weight,0,2076,0.9214320182800293,0.8051200210699587
classifier.0.weight,0,2077,0.9212635159492493,0.8052697532425329
classifier.0.weight,0,2078,0.9212144017219543,0.8054194694505459
classifier.0.weight,0,2079,0.9209660291671753,0.8055691049381876
classifier.0.weight,0,2080,0.9208938479423523,0.8057187169712193
classifier.0.weight,0,2081,0.9206382632255554,0.8058682459691808
classifier.0.weight,0,2082,0.920250415802002,0.8060176490062236
classifier.0.weight,0,2083,0.9200022220611572,0.8061669714654203
classifier.0.weight,0,2084,0.919856607913971,0.8063162466600751
classifier.0.weight,0,2085,0.9197241067886353,0.8064654788530128
classifier.0.weight,0,2086,0.9194731712341309,0.8066146296246759
classifier.0.weight,0,2087,0.9192723631858826,0.8067637152559831
classifier.0.weight,0,2088,0.9191524386405945,0.8069127619916137
classifier.0.weight,0,2089,0.9190127849578857,0.8070617634391215
classifier.0.weight,0,2090,0.9186818599700928,0.8072106575988409
classifier.0.weight,0,2091,0.9184612035751343,0.8073594802419575
classifier.0.weight,0,2092,0.9181140065193176,0.8075081903903557
classifier.0.weight,0,2093,0.9180188179016113,0.8076568697042833
classifier.0.weight,0,2094,0.9178746342658997,0.807805502318862
classifier.0.weight,0,2095,0.9177080392837524,0.8079540809844594
classifier.0.weight,0,2096,0.9176302552223206,0.8081026344643514
classifier.0.weight,0,2097,0.9173725247383118,0.8082511045089306
classifier.0.weight,0,2098,0.9173135757446289,0.8083995554731946
classifier.0.weight,0,2099,0.9170188307762146,0.8085479110542738
classifier.0.weight,0,2100,0.91666579246521,0.8086961524280538
classifier.0.weight,0,2101,0.9165437817573547,0.8088443543418007
classifier.0.weight,0,2102,0.916455090045929,0.8089925275746582
classifier.0.weight,0,2103,0.9162321090698242,0.8091406287127825
classifier.0.weight,0,2104,0.9160326719284058,0.8092886653832841
classifier.0.weight,0,2105,0.915706992149353,0.8094365968086759
classifier.0.weight,0,2106,0.9154888987541199,0.8095844577769779
classifier.0.weight,0,2107,0.9151417016983032,0.8097322066146835
classifier.0.weight,0,2108,0.9149552583694458,0.8098798952562926
classifier.0.weight,0,2109,0.9147441387176514,0.8100275157494825
classifier.0.weight,0,2110,0.914524495601654,0.8101750653596111
classifier.0.weight,0,2111,0.9143697619438171,0.8103225650444298
classifier.0.weight,0,2112,0.9141899347305298,0.8104700067180365
classifier.0.weight,0,2113,0.9138485193252563,0.8106173382844172
classifier.0.weight,0,2114,0.9136444926261902,0.8107646040713672
classifier.0.weight,0,2115,0.9134014248847961,0.8109117915109931
classifier.0.weight,0,2116,0.9131796956062317,0.8110589074994415
classifier.0.weight,0,2117,0.913019597530365,0.8112059719078513
classifier.0.weight,0,2118,0.9128959774971008,0.8113529964948237
classifier.0.weight,0,2119,0.9127885103225708,0.8114999864680236
classifier.0.weight,0,2120,0.9124831557273865,0.8116468781127371
classifier.0.weight,0,2121,0.9122381210327148,0.8117936908766159
classifier.0.weight,0,2122,0.9120479822158813,0.8119404424461739
classifier.0.weight,0,2123,0.9118630290031433,0.8120871345025863
classifier.0.weight,0,2124,0.9116614460945129,0.8122337617085947
classifier.0.weight,0,2125,0.9114513993263245,0.8123803213565797
classifier.0.weight,0,2126,0.9112728834152222,0.8125268236001502
classifier.0.weight,0,2127,0.9110191464424133,0.8126732442702179
classifier.0.weight,0,2128,0.9109412431716919,0.812819639899843
classifier.0.weight,0,2129,0.9107641577720642,0.8129659786168868
classifier.0.weight,0,2130,0.9105814695358276,0.8131122586322775
classifier.0.weight,0,2131,0.9103822112083435,0.8132584746351156
classifier.0.weight,0,2132,0.9099224209785461,0.8134045429819214
classifier.0.weight,0,2133,0.9098751544952393,0.8135505961539002
classifier.0.weight,0,2134,0.9095731377601624,0.8136965523825102
classifier.0.weight,0,2135,0.909464955329895,0.8138424738938228
classifier.0.weight,0,2136,0.9092516899108887,0.8139883269772904
classifier.0.weight,0,2137,0.9090649485588074,0.8141341201565415
classifier.0.weight,0,2138,0.9087648987770081,0.8142798171094617
classifier.0.weight,0,2139,0.9085834622383118,0.8144254558908746
classifier.0.weight,0,2140,0.9085167050361633,0.814571073271765
classifier.0.weight,0,2141,0.9082947373390198,0.8147166195072246
classifier.0.weight,0,2142,0.9080723524093628,0.8148620944809546
classifier.0.weight,0,2143,0.9076188802719116,0.8150074241967095
classifier.0.weight,0,2144,0.9076152443885803,0.8151527527480972
classifier.0.weight,0,2145,0.9072468876838684,0.8152979633598988
classifier.0.weight,0,2146,0.9071069955825806,0.8154431291939189
classifier.0.weight,0,2147,0.9069127440452576,0.8155882328618058
classifier.0.weight,0,2148,0.9068110585212708,0.815733303992681
classifier.0.weight,0,2149,0.9065538644790649,0.8158782928437053
classifier.0.weight,0,2150,0.9063887596130371,0.8160232288877516
classifier.0.weight,0,2151,0.9062785506248474,0.8161681296880164
classifier.0.weight,0,2152,0.9058995246887207,0.8163129093121224
classifier.0.weight,0,2153,0.9058122038841248,0.8164576610265902
classifier.0.weight,0,2154,0.9056994318962097,0.8166023767006463
classifier.0.weight,0,2155,0.9054495692253113,0.8167470125379356
classifier.0.weight,0,2156,0.9052252173423767,0.8168915767085008
classifier.0.weight,0,2157,0.9049120545387268,0.8170360408723735
classifier.0.weight,0,2158,0.90464848279953,0.8171804208929847
classifier.0.weight,0,2159,0.9043611288070679,0.8173247092059617
classifier.0.weight,0,2160,0.9042778611183167,0.8174689709499037
classifier.0.weight,0,2161,0.9040543437004089,0.8176131613860569
classifier.0.weight,0,2162,0.9038221836090088,0.8177572777758503
classifier.0.weight,0,2163,0.9036613702774048,0.8179013428861432
classifier.0.weight,0,2164,0.9034176468849182,0.8180453302963074
classifier.0.weight,0,2165,0.9032187461853027,0.8181892543115532
classifier.0.weight,0,2166,0.9031713604927063,0.8183331632257834
classifier.0.weight,0,2167,0.9030147194862366,0.8184770222268224
classifier.0.weight,0,2168,0.9029451608657837,0.8186208590659895
classifier.0.weight,0,2169,0.9024696946144104,0.8187645444639404
classifier.0.weight,0,2170,0.9023310542106628,0.8189081857184223
classifier.0.weight,0,2171,0.9019960165023804,0.8190517203240152
classifier.0.weight,0,2172,0.9019377827644348,0.8191952363967397
classifier.0.weight,0,2173,0.9017842411994934,0.8193387036106466
classifier.0.weight,0,2174,0.9013754725456238,0.8194820407898828
classifier.0.weight,0,2175,0.9011462330818176,0.8196253050708414
classifier.0.weight,0,2176,0.9009389877319336,0.8197685034636216
classifier.0.weight,0,2177,0.900876522064209,0.8199116820000668
classifier.0.weight,0,2178,0.9005503058433533,0.8200547568625826
classifier.0.weight,0,2179,0.9001737833023071,0.8201977121101282
classifier.0.weight,0,2180,0.9000053405761719,0.8203406138624062
classifier.0.weight,0,2181,0.8998837471008301,0.8204834770043646
classifier.0.weight,0,2182,0.899641752243042,0.820626263319739
classifier.0.weight,0,2183,0.8995665907859802,0.8207690257776631
classifier.0.weight,0,2184,0.8993232846260071,0.820911711019985
classifier.0.weight,0,2185,0.8990882635116577,0.8210543216958778
classifier.0.weight,0,2186,0.898883581161499,0.8211968674469643
classifier.0.weight,0,2187,0.8988329172134399,0.8213393971298366
classifier.0.weight,0,2188,0.8987574577331543,0.8214819028822005
classifier.0.weight,0,2189,0.898306667804718,0.8216242657171466
classifier.0.weight,0,2190,0.8981430530548096,0.8217665766977782
classifier.0.weight,0,2191,0.8977901339530945,0.8219087758601515
classifier.0.weight,0,2192,0.8977429866790771,0.8220509600877944
classifier.0.weight,0,2193,0.8975880146026611,0.8221930952308253
classifier.0.weight,0,2194,0.8974146246910095,0.8223351754657711
classifier.0.weight,0,2195,0.8973353505134583,0.8224772306001759
classifier.0.weight,0,2196,0.8971409797668457,0.8226192242004571
classifier.0.weight,0,2197,0.8970264792442322,0.8227611815582653
classifier.0.weight,0,2198,0.8968696594238281,0.8229030892859188
classifier.0.weight,0,2199,0.8967972993850708,0.823044974116077
classifier.0.weight,0,2200,0.896470308303833,0.8231867554967361
classifier.0.weight,0,2201,0.896331250667572,0.8233284928954487
classifier.0.weight,0,2202,0.8962128162384033,0.8234701928404212
classifier.0.weight,0,2203,0.8957875967025757,0.8236117583546209
classifier.0.weight,0,2204,0.8956384658813477,0.8237532767370581
classifier.0.weight,0,2205,0.8953866958618164,0.8238947155671328
classifier.0.weight,0,2206,0.8953363299369812,0.8240361384856529
classifier.0.weight,0,2207,0.8950172066688538,0.8241774606078591
classifier.0.weight,0,2208,0.8944926857948303,0.8243186171361934
classifier.0.weight,0,2209,0.8943179249763489,0.8244597185132201
classifier.0.weight,0,2210,0.8941567540168762,0.8246007690372011
classifier.0.weight,0,2211,0.8939858078956604,0.8247417656338704
classifier.0.weight,0,2212,0.8937467932701111,0.8248826868473658
classifier.0.weight,0,2213,0.893538236618042,0.8250235423003403
classifier.0.weight,0,2214,0.8935094475746155,0.8251643886769746
classifier.0.weight,0,2215,0.893430233001709,0.8253052100810896
classifier.0.weight,0,2216,0.8931481242179871,0.8254459425679472
classifier.0.weight,0,2217,0.8929443359375,0.8255866108406867
classifier.0.weight,0,2218,0.8927388787269592,0.8257272143882585
classifier.0.weight,0,2219,0.892527163028717,0.8258677512546333
classifier.0.weight,0,2220,0.8923318982124329,0.8260082266351404
classifier.0.weight,0,2221,0.8919867873191833,0.8261485933784705
classifier.0.weight,0,2222,0.8917133212089539,0.8262888740674692
classifier.0.weight,0,2223,0.8916283249855042,0.8264291280152268
classifier.0.weight,0,2224,0.8915339708328247,0.8265693522805666
classifier.0.weight,0,2225,0.891153872013092,0.8267094570042677
classifier.0.weight,0,2226,0.8910976052284241,0.8268495440363137
classifier.0.weight,0,2227,0.8909711837768555,0.8269895913224339
classifier.0.weight,0,2228,0.890644907951355,0.827129536056018
classifier.0.weight,0,2229,0.8902568817138672,0.827269358877044
classifier.0.weight,0,2230,0.8902032375335693,0.8274091648479792
classifier.0.weight,0,2231,0.8898195624351501,0.827548850332922
classifier.0.weight,0,2232,0.8896642327308655,0.8276884870542451
classifier.0.weight,0,2233,0.8895036578178406,0.827828073374237
classifier.0.weight,0,2234,0.889263391494751,0.8279675842963098
classifier.0.weight,0,2235,0.8890761733055115,0.8281070364816057
classifier.0.weight,0,2236,0.8889460563659668,0.8282464478520325
classifier.0.weight,0,2237,0.888568103313446,0.8283857407006404
classifier.0.weight,0,2238,0.8884190917015076,0.8285249868347391
classifier.0.weight,0,2239,0.8883435726165771,0.8286642092969158
classifier.0.weight,0,2240,0.8881105184555054,0.8288033587195184
classifier.0.weight,0,2241,0.887730598449707,0.8289423891156243
classifier.0.weight,0,2242,0.8875077962875366,0.8290813497329355
classifier.0.weight,0,2243,0.8874119520187378,0.8292202803384322
classifier.0.weight,0,2244,0.8873366117477417,0.8293591873548278
classifier.0.weight,0,2245,0.8870872259140015,0.8294980163025997
classifier.0.weight,0,2246,0.8866217136383057,0.8296366995834726
classifier.0.weight,0,2247,0.8866100907325745,0.8297753792283145
classifier.0.weight,0,2248,0.886406660079956,0.8299139952410042
classifier.0.weight,0,2249,0.8862208724021912,0.8300525531529385
classifier.0.weight,0,2250,0.8861606121063232,0.8301910922224891
classifier.0.weight,0,2251,0.8859733939170837,0.8303295727602261
classifier.0.weight,0,2252,0.8857943415641785,0.8304679973306829
classifier.0.weight,0,2253,0.8854789137840271,0.8306063233338339
classifier.0.weight,0,2254,0.8854222297668457,0.8307446316276471
classifier.0.weight,0,2255,0.8852959871292114,0.8308829004845487
classifier.0.weight,0,2256,0.8851405382156372,0.8310211207885215
classifier.0.weight,0,2257,0.8850218057632446,0.8311593040133316
classifier.0.weight,0,2258,0.8846515417098999,0.8312973716396834
classifier.0.weight,0,2259,0.8844679594039917,0.831435381968575
classifier.0.weight,0,2260,0.8842963576316833,0.8315733387499767
classifier.0.weight,0,2261,0.8841452598571777,0.8317112483906622
classifier.0.weight,0,2262,0.8839909434318542,0.8318491098947656
classifier.0.weight,0,2263,0.8837936520576477,0.831986909869165
classifier.0.weight,0,2264,0.8834447264671326,0.8321246010569809
classifier.0.weight,0,2265,0.8833948373794556,0.8322622766940927
classifier.0.weight,0,2266,0.8831517100334167,0.8323998765596364
classifier.0.weight,0,2267,0.8828520774841309,0.8325373830722397
classifier.0.weight,0,2268,0.8825832605361938,0.8326748058597107
classifier.0.weight,0,2269,0.882327675819397,0.8328121490669762
classifier.0.weight,0,2270,0.8821573257446289,0.8329494392459447
classifier.0.weight,0,2271,0.8819180727005005,0.8330866549650906
classifier.0.weight,0,2272,0.8818343877792358,0.8332238446447615
classifier.0.weight,0,2273,0.8817975521087646,0.8333610228633953
classifier.0.weight,0,2274,0.8815394639968872,0.8334981207940168
classifier.0.weight,0,2275,0.8813875317573547,0.8336351714713921
classifier.0.weight,0,2276,0.8812902569770813,0.8337721918991023
classifier.0.weight,0,2277,0.8811997175216675,0.8339091841746401
classifier.0.weight,0,2278,0.880815863609314,0.834046057127471
classifier.0.weight,0,2279,0.8807424902915955,0.8341829072777962
classifier.0.weight,0,2280,0.8804911375045776,0.8343196793286571
classifier.0.weight,0,2281,0.8803770542144775,0.8344564159393095
classifier.0.weight,0,2282,0.8801480531692505,0.8345930814241775
classifier.0.weight,0,2283,0.8799517750740051,0.8347296859614585
classifier.0.weight,0,2284,0.8797629475593567,0.8348662318775095
classifier.0.weight,0,2285,0.8796354532241821,0.8350027382202427
classifier.0.weight,0,2286,0.8793922662734985,0.8351391690954121
classifier.0.weight,0,2287,0.8789540529251099,0.8352754640336695
classifier.0.weight,0,2288,0.8787311911582947,0.8354116898646058
classifier.0.weight,0,2289,0.8786640167236328,0.835547894868824
classifier.0.weight,0,2290,0.8784412741661072,0.8356840308254768
classifier.0.weight,0,2291,0.8782935738563538,0.8358201210064288
classifier.0.weight,0,2292,0.8780927658081055,0.8359561489647244
classifier.0.weight,0,2293,0.8780141472816467,0.8360921525660515
classifier.0.weight,0,2294,0.8779258131980896,0.8362281288030153
classifier.0.weight,0,2295,0.8776755332946777,0.8363640275225669
classifier.0.weight,0,2296,0.8774558305740356,0.8364998582133761
classifier.0.weight,0,2297,0.877400279045105,0.8366356717059095
classifier.0.weight,0,2298,0.8771622776985168,0.8367714115275977
classifier.0.weight,0,2299,0.8768417835235596,0.8369070521752205
classifier.0.weight,0,2300,0.8766263723373413,0.8370426261861379
classifier.0.weight,0,2301,0.8765521049499512,0.8371781772264913
classifier.0.weight,0,2302,0.8760229349136353,0.8373135646533021
classifier.0.weight,0,2303,0.8757666349411011,0.8374488728705026
classifier.0.weight,0,2304,0.8757230639457703,0.8375841676243744
classifier.0.weight,0,2305,0.8755841255187988,0.8377194194510929
classifier.0.weight,0,2306,0.8754472136497498,0.837854628983457
classifier.0.weight,0,2307,0.8751206398010254,0.8379897376584289
classifier.0.weight,0,2308,0.8750078082084656,0.8381248114958173
classifier.0.weight,0,2309,0.8749552369117737,0.8382598691029655
classifier.0.weight,0,2310,0.8746756315231323,0.8383948404044392
classifier.0.weight,0,2311,0.8744533658027649,0.8385297431189287
classifier.0.weight,0,2312,0.8743435740470886,0.8386646119601971
classifier.0.weight,0,2313,0.8741892576217651,0.8387994331985749
classifier.0.weight,0,2314,0.8738966584205627,0.8389341642002345
classifier.0.weight,0,2315,0.8736939430236816,0.8390688327027863
classifier.0.weight,0,2316,0.8736234903335571,0.839203479487491
classifier.0.weight,0,2317,0.8734300136566162,0.839338066639807
classifier.0.weight,0,2318,0.8732972145080566,0.8394726128690949
classifier.0.weight,0,2319,0.8730038404464722,0.8396070687150793
classifier.0.weight,0,2320,0.8728526830673218,0.8397414780040319
classifier.0.weight,0,2321,0.8728256821632385,0.8398758789774549
classifier.0.weight,0,2322,0.8723986148834229,0.84001014846021
classifier.0.weight,0,2323,0.8721915483474731,0.8401443542119675
classifier.0.weight,0,2324,0.8719903230667114,0.8402784980450446
classifier.0.weight,0,2325,0.8716662526130676,0.8404125421889999
classifier.0.weight,0,2326,0.8715515732765198,0.8405465510646808
classifier.0.weight,0,2327,0.8714081048965454,0.8406805158248912
classifier.0.weight,0,2328,0.8713537454605103,0.8408144638718723
classifier.0.weight,0,2329,0.8711687326431274,0.8409483550430445
classifier.0.weight,0,2330,0.8708789944648743,0.8410821571684751
classifier.0.weight,0,2331,0.870612382888794,0.8412158773818714
classifier.0.weight,0,2332,0.8704079389572144,0.8413495348002126
classifier.0.weight,0,2333,0.8702296018600464,0.8414831374542691
classifier.0.weight,0,2334,0.8700433373451233,0.8416166829216469
classifier.0.weight,0,2335,0.8698369264602661,0.8417501650313342
classifier.0.weight,0,2336,0.8696327209472656,0.8418835844750611
classifier.0.weight,0,2337,0.869446873664856,0.8420169468993338
classifier.0.weight,0,2338,0.869265079498291,0.8421502535594723
classifier.0.weight,0,2339,0.8689814805984497,0.842283473250846
classifier.0.weight,0,2340,0.8687338829040527,0.8424166170368292
classifier.0.weight,0,2341,0.8686457872390747,0.8425497338207678
classifier.0.weight,0,2342,0.868279218673706,0.8426827382778335
classifier.0.weight,0,2343,0.868238627910614,0.8428157302996683
classifier.0.weight,0,2344,0.8680383563041687,0.842948660975571
classifier.0.weight,0,2345,0.8679311275482178,0.843081558811656
classifier.0.weight,0,2346,0.8676856756210327,0.8432143814910462
classifier.0.weight,0,2347,0.8675594925880432,0.8433471655418169
classifier.0.weight,0,2348,0.8673081994056702,0.843479872680527
classifier.0.weight,0,2349,0.8672066330909729,0.8436125487396606
classifier.0.weight,0,2350,0.8668766617774963,0.8437451238517699
classifier.0.weight,0,2351,0.866707980632782,0.8438776473746579
classifier.0.weight,0,2352,0.8664332628250122,0.8440100868996997
classifier.0.weight,0,2353,0.8662427067756653,0.8441424681758758
classifier.0.weight,0,2354,0.8660109043121338,0.8442747786123207
classifier.0.weight,0,2355,0.8659766316413879,0.8444070785765134
classifier.0.weight,0,2356,0.8658338189125061,0.8445393349077482
classifier.0.weight,0,2357,0.8656938076019287,0.8446715484689165
classifier.0.weight,0,2358,0.8654675483703613,0.8448036929279858
classifier.0.weight,0,2359,0.8652840852737427,0.8449357813686359
classifier.0.weight,0,2360,0.86518794298172,0.8450678404580471
classifier.0.weight,0,2361,0.8648351430892944,0.845199791869274
classifier.0.weight,0,2362,0.8647711277008057,0.845331723747048
classifier.0.weight,0,2363,0.8646096587181091,0.8454636063611115
classifier.0.weight,0,2364,0.8644402623176575,0.8455954373027206
classifier.0.weight,0,2365,0.8644344210624695,0.8457272664627014
classifier.0.weight,0,2366,0.8640459179878235,0.8458589771532559
classifier.0.weight,0,2367,0.8637442588806152,0.8459905958931564
classifier.0.weight,0,2368,0.8635954260826111,0.8461221692782023
classifier.0.weight,0,2369,0.8634971380233765,0.8462537127155288
classifier.0.weight,0,2370,0.8633411526679993,0.84638520863215
classifier.0.weight,0,2371,0.8629547953605652,0.8465165868825618
classifier.0.weight,0,2372,0.8627082109451294,0.8466478900625278
classifier.0.weight,0,2373,0.8625590801239014,0.8467791478513446
classifier.0.weight,0,2374,0.8622969388961792,0.846910325870902
classifier.0.weight,0,2375,0.8621269464492798,0.8470414521749229
classifier.0.weight,0,2376,0.8620303273200989,0.8471725490897697
classifier.0.weight,0,2377,0.8617604374885559,0.8473035639281874
classifier.0.weight,0,2378,0.8616461157798767,0.8474345440078811
classifier.0.weight,0,2379,0.8612715601921082,0.8475654102388452
classifier.0.weight,0,2380,0.8611250519752502,0.8476962319511039
classifier.0.weight,0,2381,0.8609025478363037,0.847826986066649
classifier.0.weight,0,2382,0.8607386946678162,0.8479576904148018
classifier.0.weight,0,2383,0.8603871464729309,0.8480882880186094
classifier.0.weight,0,2384,0.8602451682090759,0.8482188425243969
classifier.0.weight,0,2385,0.8601493835449219,0.8483493679584182
classifier.0.weight,0,2386,0.8598501682281494,0.8484798025979404
classifier.0.weight,0,2387,0.8598144054412842,0.8486102263876442
classifier.0.weight,0,2388,0.859664797782898,0.8487406047938323
classifier.0.weight,0,2389,0.8594360947608948,0.8488709138381733
classifier.0.weight,0,2390,0.8590558767318726,0.8490011076095145
classifier.0.weight,0,2391,0.8589840531349182,0.8491312796113893
classifier.0.weight,0,2392,0.8587366342544556,0.8492613766354518
classifier.0.weight,0,2393,0.858498752117157,0.8493914015920829
classifier.0.weight,0,2394,0.8582475185394287,0.8495213504580846
classifier.0.weight,0,2395,0.8580993413925171,0.8496512544564008
classifier.0.weight,0,2396,0.8579135537147522,0.8497811022095985
classifier.0.weight,0,2397,0.8577553629875183,0.8499109020819423
classifier.0.weight,0,2398,0.8575055599212646,0.8500406263623725
classifier.0.weight,0,2399,0.8574201464653015,0.8501703248012273
classifier.0.weight,0,2400,0.8572107553482056,0.8502999599003414
classifier.0.weight,0,2401,0.8569533228874207,0.8504295171486557
classifier.0.weight,0,2402,0.8568927645683289,0.8505590560867731
classifier.0.weight,0,2403,0.8567625284194946,0.8506885556515382
classifier.0.weight,0,2404,0.8563026785850525,0.8508179162411026
classifier.0.weight,0,2405,0.8562378287315369,0.850947257237834
classifier.0.weight,0,2406,0.856094241142273,0.8510765548582883
classifier.0.weight,0,2407,0.8559600114822388,0.8512058119359749
classifier.0.weight,0,2408,0.8558348417282104,0.8513350312130785
classifier.0.weight,0,2409,0.855485737323761,0.8514641450917666
classifier.0.weight,0,2410,0.8553261160850525,0.8515932107933931
classifier.0.weight,0,2411,0.8552718162536621,0.8517222601082327
classifier.0.weight,0,2412,0.8550991415977478,0.8518512573196447
classifier.0.weight,0,2413,0.8549002408981323,0.8519801945271337
classifier.0.weight,0,2414,0.8546422719955444,0.8521090539319274
classifier.0.weight,0,2415,0.8544028401374817,0.8522378411457566
classifier.0.weight,0,2416,0.8542599081993103,0.8523665852738996
classifier.0.weight,0,2417,0.8540515899658203,0.852495266619091
classifier.0.weight,0,2418,0.8538337349891663,0.8526238823235265
classifier.0.weight,0,2419,0.8536749482154846,0.8527524501952917
classifier.0.weight,0,2420,0.853529691696167,0.8528809743180099
classifier.0.weight,0,2421,0.8532270789146423,0.8530094073222866
classifier.0.weight,0,2422,0.8530208468437195,0.8531377782474192
classifier.0.weight,0,2423,0.8528304696083069,0.8532660918792867
classifier.0.weight,0,2424,0.852741539478302,0.8533943787523708
classifier.0.weight,0,2425,0.8525208830833435,0.8535225992427228
classifier.0.weight,0,2426,0.8524095416069031,0.8536507862433933
classifier.0.weight,0,2427,0.8523275256156921,0.8537789485778028
classifier.0.weight,0,2428,0.8520727157592773,0.8539070342934394
classifier.0.weight,0,2429,0.8518844246864319,0.8540350634065546
classifier.0.weight,0,2430,0.8516895771026611,0.8541630339593542
classifier.0.weight,0,2431,0.8515089750289917,0.8542909502452063
classifier.0.weight,0,2432,0.8513333797454834,0.8544188137795755
classifier.0.weight,0,2433,0.85103839635849,0.8545465887209569
classifier.0.weight,0,2434,0.8507879972457886,0.8546742884835326
classifier.0.weight,0,2435,0.850572407245636,0.8548019235359718
classifier.0.weight,0,2436,0.8504661321640015,0.8549295266955869
classifier.0.weight,0,2437,0.8502745628356934,0.8550570723759029
classifier.0.weight,0,2438,0.8500975370407104,0.8551845649521372
classifier.0.weight,0,2439,0.8499520421028137,0.8553120138911738
classifier.0.weight,0,2440,0.8496947288513184,0.8554393856744764
classifier.0.weight,0,2441,0.8494671583175659,0.8555666892399071
classifier.0.weight,0,2442,0.8494501113891602,0.8556939876959867
classifier.0.weight,0,2443,0.8492498397827148,0.8558212261338013
classifier.0.weight,0,2444,0.8489034175872803,0.8559483607877191
classifier.0.weight,0,2445,0.8487947583198547,0.8560754628973591
classifier.0.weight,0,2446,0.8486108183860779,0.8562025099250842
classifier.0.weight,0,2447,0.8483285903930664,0.8563294724611568
classifier.0.weight,0,2448,0.8481727242469788,0.8564563883470434
classifier.0.weight,0,2449,0.848077654838562,0.8565832757832013
classifier.0.weight,0,2450,0.8478514552116394,0.8567100955414457
classifier.0.weight,0,2451,0.8477957844734192,0.8568368986460234
classifier.0.weight,0,2452,0.8472797870635986,0.8569635474441911
classifier.0.weight,0,2453,0.8471031188964844,0.8570901434322276
classifier.0.weight,0,2454,0.8470451235771179,0.8572167220865458
classifier.0.weight,0,2455,0.8466952443122864,0.8573431961936593
classifier.0.weight,0,2456,0.8463562726974487,0.8574695690540707
classifier.0.weight,0,2457,0.8461706042289734,0.8575958864747515
classifier.0.weight,0,2458,0.8459733724594116,0.8577221450162777
classifier.0.weight,0,2459,0.845891535282135,0.8578483791311656
classifier.0.weight,0,2460,0.84581059217453,0.8579745890886
classifier.0.weight,0,2461,0.8455697894096375,0.8581007271921687
classifier.0.weight,0,2462,0.845447838306427,0.8582268289141829
classifier.0.weight,0,2463,0.845271110534668,0.8583528779224847
classifier.0.weight,0,2464,0.8450909852981567,0.8584788732150308
classifier.0.weight,0,2465,0.8448925018310547,0.8586048093304084
classifier.0.weight,0,2466,0.8446338772773743,0.8587306683586142
classifier.0.weight,0,2467,0.8444865942001343,0.8588564834972976
classifier.0.weight,0,2468,0.8441506028175354,0.8589821985410991
classifier.0.weight,0,2469,0.8438747525215149,0.8591078314363697
classifier.0.weight,0,2470,0.8436618447303772,0.859233400945817
classifier.0.weight,0,2471,0.8435871005058289,0.8593589482065875
classifier.0.weight,0,2472,0.8433069586753845,0.8594844120967148
classifier.0.weight,0,2473,0.8430231809616089,0.8596097915623865
classifier.0.weight,0,2474,0.84296715259552,0.8597351543628625
classifier.0.weight,0,2475,0.8428314328193665,0.8598604767991522
classifier.0.weight,0,2476,0.8426671028137207,0.8599857503710351
classifier.0.weight,0,2477,0.8423375487327576,0.8601109259769624
classifier.0.weight,0,2478,0.842032790184021,0.8602360110219619
classifier.0.weight,0,2479,0.8419958353042603,0.8603610850878133
classifier.0.weight,0,2480,0.8417432308197021,0.8604860841187789
classifier.0.weight,0,2481,0.8416102528572083,0.8606110436583584
classifier.0.weight,0,2482,0.8415056467056274,0.8607359721367094
classifier.0.weight,0,2483,0.8413240909576416,0.8608608467139686
classifier.0.weight,0,2484,0.84107506275177,0.8609856473775246
classifier.0.weight,0,2485,0.8409339785575867,0.8611104061757939
classifier.0.weight,0,2486,0.840814471244812,0.8612351295169889
classifier.0.weight,0,2487,0.8406276702880859,0.8613597974455994
classifier.0.weight,0,2488,0.8404392004013062,0.8614844094790325
classifier.0.weight,0,2489,0.8402104377746582,0.861608953684367
classifier.0.weight,0,2490,0.8400688767433167,0.8617334559261168
classifier.0.weight,0,2491,0.8398604989051819,0.8618578964103345
classifier.0.weight,0,2492,0.8396501541137695,0.8619822745696067
classifier.0.weight,0,2493,0.8394821286201477,0.8621066029543141
classifier.0.weight,0,2494,0.8391548991203308,0.8622308344316914
classifier.0.weight,0,2495,0.8390582799911499,0.8623550373030362
classifier.0.weight,0,2496,0.8388261795043945,0.8624791714698334
classifier.0.weight,0,2497,0.8384008407592773,0.8626031797805577
classifier.0.weight,0,2498,0.8383350372314453,0.8627271686259768
classifier.0.weight,0,2499,0.8382046222686768,0.8628511188979325
classifier.0.weight,0,2500,0.8380171656608582,0.8629750137354544
classifier.0.weight,0,2501,0.8376991748809814,0.8630988145654958
classifier.0.weight,0,2502,0.8375621438026428,0.8632225748960971
classifier.0.weight,0,2503,0.8372564911842346,0.8633462449151506
classifier.0.weight,0,2504,0.8372328281402588,0.8634699079438306
classifier.0.weight,0,2505,0.8370956182479858,0.8635935304428041
classifier.0.weight,0,2506,0.8367533683776855,0.8637170518753423
classifier.0.weight,0,2507,0.8365495800971985,0.8638405131488038
classifier.0.weight,0,2508,0.8365032076835632,0.8639639607349988
classifier.0.weight,0,2509,0.836237907409668,0.8640873300298385
classifier.0.weight,0,2510,0.8361290693283081,0.8642106672132338
classifier.0.weight,0,2511,0.8357793688774109,0.8643339012497568
classifier.0.weight,0,2512,0.8356959819793701,0.864457110697036
classifier.0.weight,0,2513,0.8355174660682678,0.8645802675115442
classifier.0.weight,0,2514,0.8352168202400208,0.8647033357105003
classifier.0.weight,0,2515,0.8350167870521545,0.8648263449672138
classifier.0.weight,0,2516,0.8349764347076416,0.8649493423353232
classifier.0.weight,0,2517,0.8348476886749268,0.8650723017761291
classifier.0.weight,0,2518,0.8347507119178772,0.8651952326524067
classifier.0.weight,0,2519,0.8345866799354553,0.8653181152205753
classifier.0.weight,0,2520,0.834382176399231,0.8654409375748885
classifier.0.weight,0,2521,0.8343080282211304,0.8655637381007173
classifier.0.weight,0,2522,0.834014892578125,0.8656864523493294
classifier.0.weight,0,2523,0.8335902094841003,0.8658090416567714
classifier.0.weight,0,2524,0.8334951996803284,0.8659316030211733
classifier.0.weight,0,2525,0.8332695364952087,0.8660540980292393
classifier.0.weight,0,2526,0.8330591917037964,0.8661765312015277
classifier.0.weight,0,2527,0.832755982875824,0.8662988752659514
classifier.0.weight,0,2528,0.8326293230056763,0.8664211821168212
classifier.0.weight,0,2529,0.8325358033180237,0.8665434614945866
classifier.0.weight,0,2530,0.8322427272796631,0.8666656547959392
classifier.0.weight,0,2531,0.8322022557258606,0.8667878362131806
classifier.0.weight,0,2532,0.8319188356399536,0.8669099344228343
classifier.0.weight,0,2533,0.8318734765052795,0.8670320193184052
classifier.0.weight,0,2534,0.8315985202789307,0.8671540235227277
classifier.0.weight,0,2535,0.8314355611801147,0.8672759799161254
classifier.0.weight,0,2536,0.8311491012573242,0.8673978522871348
classifier.0.weight,0,2537,0.831045389175415,0.8675196942451927
classifier.0.weight,0,2538,0.8309319019317627,0.8676415029281395
classifier.0.weight,0,2539,0.8306585550308228,0.8677632314828606
classifier.0.weight,0,2540,0.8304761648178101,0.8678849065868363
classifier.0.weight,0,2541,0.8302300572395325,0.8680065095858451
classifier.0.weight,0,2542,0.8301275968551636,0.8681280825721579
classifier.0.weight,0,2543,0.830075740814209,0.8682496403702108
classifier.0.weight,0,2544,0.8299676179885864,0.8683711665029205
classifier.0.weight,0,2545,0.8298081159591675,0.8684926459306701
classifier.0.weight,0,2546,0.8295609354972839,0.8686140529974288
classifier.0.weight,0,2547,0.8292772173881531,0.8687353770335343
classifier.0.weight,0,2548,0.829114556312561,0.8688566534793714
classifier.0.weight,0,2549,0.829034149646759,0.8689779064038222
classifier.0.weight,0,2550,0.8289296627044678,0.8690991287660847
classifier.0.weight,0,2551,0.828633725643158,0.8692202645883488
classifier.0.weight,0,2552,0.8283708691596985,0.8693413235701825
classifier.0.weight,0,2553,0.8281464576721191,0.8694623169694435
classifier.0.weight,0,2554,0.8279820680618286,0.8695832623383511
classifier.0.weight,0,2555,0.827882707118988,0.8697041786812078
classifier.0.weight,0,2556,0.8275800943374634,0.8698250066440484
classifier.0.weight,0,2557,0.8275665044784546,0.8699458306386413
classifier.0.weight,0,2558,0.827417254447937,0.870066611056413
classifier.0.weight,0,2559,0.8273239135742188,0.8701873642252633
classifier.0.weight,0,2560,0.8271436095237732,0.8703080647668112
classifier.0.weight,0,2561,0.8267230987548828,0.8704286426138835
classifier.0.weight,0,2562,0.826603353023529,0.8705491855335736
classifier.0.weight,0,2563,0.8265259265899658,0.8706697058722491
classifier.0.weight,0,2564,0.826391339302063,0.8707901869642793
classifier.0.weight,0,2565,0.8260732293128967,0.8709105753184977
classifier.0.weight,0,2566,0.8259473443031311,0.8710309269836337
classifier.0.weight,0,2567,0.8257157206535339,0.8711512111568566
classifier.0.weight,0,2568,0.8253040313720703,0.8712713754162672
classifier.0.weight,0,2569,0.8252805471420288,0.8713915328371677
classifier.0.weight,0,2570,0.8251460194587708,0.871511651087917
classifier.0.weight,0,2571,0.8250077366828918,0.8716317290818074
classifier.0.weight,0,2572,0.824779212474823,0.871751740562557
classifier.0.weight,0,2573,0.8244251012802124,0.8718716490138284
classifier.0.weight,0,2574,0.8242664337158203,0.8719915113147556
classifier.0.weight,0,2575,0.8242071866989136,0.8721113563852626
classifier.0.weight,0,2576,0.8239943385124207,0.8722311395647485
classifier.0.weight,0,2577,0.8239235281944275,0.872350902157878
classifier.0.weight,0,2578,0.8236141204833984,0.8724705748190883
classifier.0.weight,0,2579,0.8234777450561523,0.872590207852374
classifier.0.weight,0,2580,0.8233702778816223,0.8727098096625083
classifier.0.weight,0,2581,0.8233006000518799,0.872829391230858
classifier.0.weight,0,2582,0.8229962587356567,0.8729488844064985
classifier.0.weight,0,2583,0.822777271270752,0.8730683139997691
classifier.0.weight,0,2584,0.8226913213729858,0.8731877186423623
classifier.0.weight,0,2585,0.8224084973335266,0.8733070412014384
classifier.0.weight,0,2586,0.8221312761306763,0.8734262833304891
classifier.0.weight,0,2587,0.8218873143196106,0.8735454547014737
classifier.0.weight,0,2588,0.8217588067054749,0.8736645888088796
classifier.0.weight,0,2589,0.8215981721878052,0.8737836763450063
classifier.0.weight,0,2590,0.8213768005371094,0.8739026997158177
classifier.0.weight,0,2591,0.821078896522522,0.8740216367654425
classifier.0.weight,0,2592,0.8208839893341064,0.8741405173553665
classifier.0.weight,0,2593,0.8208203911781311,0.8742593795254077
classifier.0.weight,0,2594,0.820624828338623,0.8743781850636821
classifier.0.weight,0,2595,0.8204860687255859,0.87449695042765
classifier.0.weight,0,2596,0.8201509714126587,0.8746156188007516
classifier.0.weight,0,2597,0.8200287222862244,0.87473425179982
classifier.0.weight,0,2598,0.8198939561843872,0.8748528458090515
classifier.0.weight,0,2599,0.8197610974311829,0.8749714013865433
classifier.0.weight,0,2600,0.819636881351471,0.8750899210379747
classifier.0.weight,0,2601,0.8194113373756409,0.8752083754709756
classifier.0.weight,0,2602,0.8192177414894104,0.8753267739379901
classifier.0.weight,0,2603,0.8190985321998596,0.8754451379497687
classifier.0.weight,0,2604,0.8188450932502747,0.8755634287263777
classifier.0.weight,0,2605,0.8185699582099915,0.8756816400240474
classifier.0.weight,0,2606,0.8185305595397949,0.8757998399427118
classifier.0.weight,0,2607,0.8183038830757141,0.8759179744040043
classifier.0.weight,0,2608,0.8182352781295776,0.8760360890578176
classifier.0.weight,0,2609,0.8180725574493408,0.8761541567378905
classifier.0.weight,0,2610,0.8178451657295227,0.8762721587908223
classifier.0.weight,0,2611,0.8176800012588501,0.8763901131873532
classifier.0.weight,0,2612,0.8175628781318665,0.8765080337951198
classifier.0.weight,0,2613,0.8174231052398682,0.8766259140862431
classifier.0.weight,0,2614,0.8172569870948792,0.8767437464705594
classifier.0.weight,0,2615,0.8169827461242676,0.8768614997878351
classifier.0.weight,0,2616,0.8167715072631836,0.8769791922204445
classifier.0.weight,0,2617,0.816533625125885,0.8770968161079341
classifier.0.weight,0,2618,0.8163344264030457,0.8772143826121894
classifier.0.weight,0,2619,0.8161237239837646,0.8773318884345742
classifier.0.weight,0,2620,0.8158904314041138,0.8774493270874416
classifier.0.weight,0,2621,0.8158270716667175,0.8775667475011116
classifier.0.weight,0,2622,0.815493106842041,0.8776840718006347
classifier.0.weight,0,2623,0.8152844905853271,0.8778013360809489
classifier.0.weight,0,2624,0.8150224089622498,0.8779185249817518
classifier.0.weight,0,2625,0.8149933218955994,0.8780357055180718
classifier.0.weight,0,2626,0.8148325085639954,0.8781528398151581
classifier.0.weight,0,2627,0.8146762251853943,0.8782699291842675
classifier.0.weight,0,2628,0.8144919872283936,0.8783869656001514
classifier.0.weight,0,2629,0.8142746090888977,0.8785039395531412
classifier.0.weight,0,2630,0.8140844106674194,0.8786208588669158
classifier.0.weight,0,2631,0.813840925693512,0.87873770825222
classifier.0.weight,0,2632,0.8136229515075684,0.878854495053454
classifier.0.weight,0,2633,0.813352644443512,0.8789712042682498
classifier.0.weight,0,2634,0.8133084177970886,0.8790879007910924
classifier.0.weight,0,2635,0.8131370544433594,0.8792045481434104
classifier.0.weight,0,2636,0.8129163980484009,0.8793211321964561
classifier.0.weight,0,2637,0.8127838373184204,0.8794376782303226
classifier.0.weight,0,2638,0.8126429915428162,0.8795541838756047
classifier.0.weight,0,2639,0.8124403953552246,0.8796706314371833
classifier.0.weight,0,2640,0.8122074007987976,0.8797870122178444
classifier.0.weight,0,2641,0.8121628761291504,0.8799033802390211
classifier.0.weight,0,2642,0.8119715452194214,0.8800196934382469
classifier.0.weight,0,2643,0.8118553161621094,0.8801359733407247
classifier.0.weight,0,2644,0.8116664886474609,0.8802521991589559
classifier.0.weight,0,2645,0.8115898966789246,0.8803684030431924
classifier.0.weight,0,2646,0.811234712600708,0.8804845052387853
classifier.0.weight,0,2647,0.8111251592636108,0.8806005760784118
classifier.0.weight,0,2648,0.8109565377235413,0.8807165986640565
classifier.0.weight,0,2649,0.8107820749282837,0.8808325713347024
classifier.0.weight,0,2650,0.8105260729789734,0.8809484707808813
classifier.0.weight,0,2651,0.8104950189590454,0.8810643613462239
classifier.0.weight,0,2652,0.8102417588233948,0.8811801794968718
classifier.0.weight,0,2653,0.810086727142334,0.8812959533304633
classifier.0.weight,0,2654,0.8099232912063599,0.8814116804537572
classifier.0.weight,0,2655,0.809783399105072,0.8815273676031115
classifier.0.weight,0,2656,0.8095611929893494,0.8816429912716258
classifier.0.weight,0,2657,0.8092933893203735,0.8817585384559379
classifier.0.weight,0,2658,0.8091723322868347,0.8818740510749034
classifier.0.weight,0,2659,0.8090556859970093,0.8819895303928111
classifier.0.weight,0,2660,0.8087107539176941,0.8821049112650103
classifier.0.weight,0,2661,0.8085837960243225,0.8822202559132256
classifier.0.weight,0,2662,0.8083099722862244,0.8823355224526414
classifier.0.weight,0,2663,0.8082842230796814,0.8824507816484024
classifier.0.weight,0,2664,0.8081951141357422,0.8825660154321642
classifier.0.weight,0,2665,0.8079618811607361,0.8826811827160431
classifier.0.weight,0,2666,0.8076944351196289,0.8827962737687605
classifier.0.weight,0,2667,0.807378351688385,0.8829112747595558
classifier.0.weight,0,2668,0.807278573513031,0.8830262473277904
classifier.0.weight,0,2669,0.806951642036438,0.8831411267917574
classifier.0.weight,0,2670,0.8068366646766663,0.8832559735211817
classifier.0.weight,0,2671,0.8066386580467224,0.8833707638882108
classifier.0.weight,0,2672,0.8064806461334229,0.8834855092872265
classifier.0.weight,0,2673,0.8062905073165894,0.8836002005870331
classifier.0.weight,0,2674,0.8057823777198792,0.8837147473739634
classifier.0.weight,0,2675,0.8057242035865784,0.8838292776218881
classifier.0.weight,0,2676,0.8056592345237732,0.8839437894004091
classifier.0.weight,0,2677,0.8055623173713684,0.8840582736300917
classifier.0.weight,0,2678,0.8054534792900085,0.8841727269263457
classifier.0.weight,0,2679,0.8050885200500488,0.8842870765261712
classifier.0.weight,0,2680,0.805027186870575,0.8844014087039191
classifier.0.weight,0,2681,0.8048908114433289,0.8845157021481206
classifier.0.weight,0,2682,0.8046460151672363,0.884629926081391
classifier.0.weight,0,2683,0.8043800592422485,0.8847440745193236
classifier.0.weight,0,2684,0.8043354153633118,0.884858210286908
classifier.0.weight,0,2685,0.8042311668395996,0.8849723164705305
classifier.0.weight,0,2686,0.8038884997367859,0.8850863254380615
classifier.0.weight,0,2687,0.8037987947463989,0.8852003089627537
classifier.0.weight,0,2688,0.80360347032547,0.8853142370978109
classifier.0.weight,0,2689,0.8033955693244934,0.8854281062915861
classifier.0.weight,0,2690,0.8032985925674438,0.8855419479970377
classifier.0.weight,0,2691,0.8030656576156616,0.8856557236900059
classifier.0.weight,0,2692,0.8030068278312683,0.8857694827139653
classifier.0.weight,0,2693,0.8028348088264465,0.8858831930045455
classifier.0.weight,0,2694,0.8026121258735657,0.8859968402240399
classifier.0.weight,0,2695,0.8024647235870361,0.8861104457040161
classifier.0.weight,0,2696,0.8022823333740234,0.8862239995476465
classifier.0.weight,0,2697,0.8021008372306824,0.8863375020197021
classifier.0.weight,0,2698,0.8017339110374451,0.8864509006706363
classifier.0.weight,0,2699,0.8016291260719299,0.8865642696815689
classifier.0.weight,0,2700,0.8014422059059143,0.8866775858289441
classifier.0.weight,0,2701,0.8011611104011536,0.886790822501908
classifier.0.weight,0,2702,0.8010643720626831,0.8869040318303937
classifier.0.weight,0,2703,0.8008063435554504,0.8870171682395723
classifier.0.weight,0,2704,0.8006318211555481,0.8871302553417337
classifier.0.weight,0,2705,0.8005842566490173,0.8872433290075757
classifier.0.weight,0,2706,0.8004867434501648,0.887356375129775
classifier.0.weight,0,2707,0.8002281785011292,0.8874693482337906
classifier.0.weight,0,2708,0.8000501394271851,0.8875822710736693
classifier.0.weight,0,2709,0.7999102473258972,0.8876951544269421
classifier.0.weight,0,2710,0.7997334003448486,0.8878079878724322
classifier.0.weight,0,2711,0.7996858358383179,0.8879208078966805
classifier.0.weight,0,2712,0.799321174621582,0.8880335250512639
classifier.0.weight,0,2713,0.7988288998603821,0.8881461034112661
classifier.0.weight,0,2714,0.7987286448478699,0.8882586535153135
classifier.0.weight,0,2715,0.7986710071563721,0.8883711873763124
classifier.0.weight,0,2716,0.7984752058982849,0.8884836660667329
classifier.0.weight,0,2717,0.7981076836585999,0.8885960412375795
classifier.0.weight,0,2718,0.7980251312255859,0.8887083931625304
classifier.0.weight,0,2719,0.7976863384246826,0.8888206497121803
classifier.0.weight,0,2720,0.7976102828979492,0.8889328848566148
classifier.0.weight,0,2721,0.7973568439483643,0.8890450486874302
classifier.0.weight,0,2722,0.797324001789093,0.8891572032786519
classifier.0.weight,0,2723,0.7970718145370483,0.8892692869338801
classifier.0.weight,0,2724,0.7968670725822449,0.889381313015176
classifier.0.weight,0,2725,0.7966539859771729,0.889493279191711
classifier.0.weight,0,2726,0.7965032458305359,0.8896052030005397
classifier.0.weight,0,2727,0.7963964343070984,0.8897170967932924
classifier.0.weight,0,2728,0.7962305545806885,0.8898289439786573
classifier.0.weight,0,2729,0.7961515784263611,0.889940768977427
classifier.0.weight,0,2730,0.7958744764328003,0.8900525161479579
classifier.0.weight,0,2731,0.7957654595375061,0.8901642327068897
classifier.0.weight,0,2732,0.7953914999961853,0.8902758442910297
classifier.0.weight,0,2733,0.7952817678451538,0.8903874250814425
classifier.0.weight,0,2734,0.7949127554893494,0.8904989023484516
classifier.0.weight,0,2735,0.794851541519165,0.8906103624470273
classifier.0.weight,0,2736,0.7948325276374817,0.890721817213126
classifier.0.weight,0,2737,0.7944859862327576,0.8908331748134193
classifier.0.weight,0,2738,0.7941677570343018,0.8909444432236114
classifier.0.weight,0,2739,0.7940229773521423,0.8910556710682265
classifier.0.weight,0,2740,0.7938807010650635,0.8911668590558918
classifier.0.weight,0,2741,0.7937912344932556,0.8912780219842565
classifier.0.weight,0,2742,0.7935410141944885,0.891389114841711
classifier.0.weight,0,2743,0.7934359908103943,0.8915001782953275
classifier.0.weight,0,2744,0.7932260632514954,0.8916111829863075
classifier.0.weight,0,2745,0.79312664270401,0.8917221598530491
classifier.0.weight,0,2746,0.7929087281227112,0.8918330757455304
classifier.0.weight,0,2747,0.7928271889686584,0.8919439688270053
classifier.0.weight,0,2748,0.7926687598228455,0.8920548175938023
classifier.0.weight,0,2749,0.7925975322723389,0.8921656464402195
classifier.0.weight,0,2750,0.7923443913459778,0.8922764045045926
classifier.0.weight,0,2751,0.7920525670051575,0.8923870809985087
classifier.0.weight,0,2752,0.7918965220451355,0.8924977138872188
classifier.0.weight,0,2753,0.7918356657028198,0.89260832977256
classifier.0.weight,0,2754,0.7916231155395508,0.8927188862812656
classifier.0.weight,0,2755,0.7912705540657043,0.8928293443358327
classifier.0.weight,0,2756,0.791096031665802,0.8929397536705813
classifier.0.weight,0,2757,0.791053831577301,0.8930501512263317
classifier.0.weight,0,2758,0.7908370494842529,0.8931604882832056
classifier.0.weight,0,2759,0.7906445264816284,0.893270771625257
classifier.0.weight,0,2760,0.7904039025306702,0.8933809878504829
classifier.0.weight,0,2761,0.790219783782959,0.893491152733579
classifier.0.weight,0,2762,0.7899953722953796,0.893601255054954
classifier.0.weight,0,2763,0.7899020314216614,0.8937113313598735
classifier.0.weight,0,2764,0.789741575717926,0.893821362948926
classifier.0.weight,0,2765,0.789461612701416,0.8939313165395132
classifier.0.weight,0,2766,0.7892491221427917,0.8940412109481082
classifier.0.weight,0,2767,0.7891513109207153,0.8941510781200801
classifier.0.weight,0,2768,0.7889460325241089,0.8942608881409755
classifier.0.weight,0,2769,0.7886613011360168,0.8943706189150875
classifier.0.weight,0,2770,0.788496196269989,0.8944803037501167
classifier.0.weight,0,2771,0.788396954536438,0.8945899609765712
classifier.0.weight,0,2772,0.7883018851280212,0.8946995917584305
classifier.0.weight,0,2773,0.7879949808120728,0.8948091371932644
classifier.0.weight,0,2774,0.7878426313400269,0.8949186402735753
classifier.0.weight,0,2775,0.7877655625343323,0.8950281219311843
classifier.0.weight,0,2776,0.7875806093215942,0.8951375521861726
classifier.0.weight,0,2777,0.7875412702560425,0.8952469715095143
classifier.0.weight,0,2778,0.7874511480331421,0.8953563657915057
classifier.0.weight,0,2779,0.7871278524398804,0.8954656702662007
classifier.0.weight,0,2780,0.7870349287986755,0.8955749489347445
classifier.0.weight,0,2781,0.7867786288261414,0.8956841564411117
classifier.0.weight,0,2782,0.7866138219833374,0.8957933182007881
classifier.0.weight,0,2783,0.7864436507225037,0.8959024327347881
classifier.0.weight,0,2784,0.7863792181015015,0.8960115293902092
classifier.0.weight,0,2785,0.7861552834510803,0.8961205639202783
classifier.0.weight,0,2786,0.786120593547821,0.89622958882804
classifier.0.weight,0,2787,0.7859933972358704,0.8963385784576412
classifier.0.weight,0,2788,0.785647988319397,0.896447472316163
classifier.0.weight,0,2789,0.7855793237686157,0.8965563471411705
classifier.0.weight,0,2790,0.7852910161018372,0.8966651420667053
classifier.0.weight,0,2791,0.785205066204071,0.8967739131783908
classifier.0.weight,0,2792,0.7849757075309753,0.8968826207551979
classifier.0.weight,0,2793,0.7846624255180359,0.8969912415794282
classifier.0.weight,0,2794,0.7844356298446655,0.8970997996220801
classifier.0.weight,0,2795,0.784374475479126,0.8972083407390871
classifier.0.weight,0,2796,0.7841600775718689,0.8973168225277792
classifier.0.weight,0,2797,0.7838349938392639,0.8974252143900499
classifier.0.weight,0,2798,0.7837955951690674,0.8975335953561805
classifier.0.weight,0,2799,0.7834910750389099,0.8976418921223621
classifier.0.weight,0,2800,0.7833361029624939,0.8977501460512597
classifier.0.weight,0,2801,0.7832459211349487,0.8978583750560534
classifier.0.weight,0,2802,0.7830630540847778,0.8979665535295696
classifier.0.weight,0,2803,0.7827131748199463,0.8980746353545493
classifier.0.weight,0,2804,0.7826544046401978,0.8981827009494463
classifier.0.weight,0,2805,0.7823823690414429,0.8982906914343597
classifier.0.weight,0,2806,0.7823693752288818,0.8983986783322891
classifier.0.weight,0,2807,0.7822999954223633,0.8985066460787076
classifier.0.weight,0,2808,0.7821298837661743,0.8986145668749141
classifier.0.weight,0,2809,0.7818787097930908,0.8987224183666659
classifier.0.weight,0,2810,0.7816674113273621,0.898830211573737
classifier.0.weight,0,2811,0.7814527750015259,0.8989379455915388
classifier.0.weight,0,2812,0.781230092048645,0.8990456182182706
classifier.0.weight,0,2813,0.7811723351478577,0.8991532749249619
classifier.0.weight,0,2814,0.7810453176498413,0.8992608966248482
classifier.0.weight,0,2815,0.780680239200592,0.899368417738559
classifier.0.weight,0,2816,0.7804809808731079,0.899475883972584
classifier.0.weight,0,2817,0.780255138874054,0.8995832880221913
classifier.0.weight,0,2818,0.7801611423492432,0.8996906661956491
classifier.0.weight,0,2819,0.7799801230430603,0.8997979945453811
classifier.0.weight,0,2820,0.7796772122383118,0.899905239547851
classifier.0.weight,0,2821,0.7795990705490112,0.9000124630545387
classifier.0.weight,0,2822,0.7794152498245239,0.9001196360029852
classifier.0.weight,0,2823,0.7792496681213379,0.9002267634198762
classifier.0.weight,0,2824,0.7790965437889099,0.9003338487393413
classifier.0.weight,0,2825,0.7789588570594788,0.9004408962125996
classifier.0.weight,0,2826,0.7786214351654053,0.9005478509663571
classifier.0.weight,0,2827,0.7785397171974182,0.9006547832710373
classifier.0.weight,0,2828,0.7784238457679749,0.9007616837482417
classifier.0.weight,0,2829,0.778136670589447,0.9008685053648072
classifier.0.weight,0,2830,0.7779980897903442,0.9009752889363678
classifier.0.weight,0,2831,0.7777700424194336,0.9010820099161454
classifier.0.weight,0,2832,0.777642011642456,0.9011886957635714
classifier.0.weight,0,2833,0.7775224447250366,0.9012953488063981
classifier.0.weight,0,2834,0.7773293852806091,0.9014019488917286
classifier.0.weight,0,2835,0.7769918441772461,0.9015084564188752
classifier.0.weight,0,2836,0.776832640171051,0.9016149203041535
classifier.0.weight,0,2837,0.7766222357749939,0.9017213265259539
classifier.0.weight,0,2838,0.7765377759933472,0.9018277096050803
classifier.0.weight,0,2839,0.7763224244117737,0.901934033687495
classifier.0.weight,0,2840,0.7762278914451599,0.9020403318772686
classifier.0.weight,0,2841,0.7759652137756348,0.9021465581360111
classifier.0.weight,0,2842,0.7759049534797668,0.9022527678966501
classifier.0.weight,0,2843,0.7758357524871826,0.9023589587129762
classifier.0.weight,0,2844,0.7757062911987305,0.9024651140927996
classifier.0.weight,0,2845,0.7754203081130981,0.9025711912135004
classifier.0.weight,0,2846,0.7753602862358093,0.9026772519129096
classifier.0.weight,0,2847,0.7752076387405396,0.9027832708554562
classifier.0.weight,0,2848,0.7749795317649841,0.9028892274144528
classifier.0.weight,0,2849,0.7747938632965088,0.9029951332096946
classifier.0.weight,0,2850,0.7746649980545044,0.903101003778945
classifier.0.weight,0,2851,0.774421215057373,0.9032068077248583
classifier.0.weight,0,2852,0.7741008996963501,0.9033125241638192
classifier.0.weight,0,2853,0.7738401293754578,0.9034181693896698
classifier.0.weight,0,2854,0.7736349701881409,0.9035237586059784
classifier.0.weight,0,2855,0.7735025882720947,0.903629311689208
classifier.0.weight,0,2856,0.7734262347221375,0.9037348439348736
classifier.0.weight,0,2857,0.7731391787528992,0.9038402978588118
classifier.0.weight,0,2858,0.7729516625404358,0.9039457006356268
classifier.0.weight,0,2859,0.7727360725402832,0.9040510446232142
classifier.0.weight,0,2860,0.7724349498748779,0.9041563065251251
classifier.0.weight,0,2861,0.7723437547683716,0.9042615435736713
classifier.0.weight,0,2862,0.7722728848457336,0.9043667613100932
classifier.0.weight,0,2863,0.7719940543174744,0.9044719030821213
classifier.0.weight,0,2864,0.7717444896697998,0.904576976886196
classifier.0.weight,0,2865,0.7716889977455139,0.904682035580249
classifier.0.weight,0,2866,0.7715291380882263,0.9047870507518276
classifier.0.weight,0,2867,0.7715133428573608,0.9048920616235768
classifier.0.weight,0,2868,0.7712640762329102,0.9049970046508039
classifier.0.weight,0,2869,0.7711079716682434,0.9051019052011979
classifier.0.weight,0,2870,0.7709262371063232,0.9052067563115401
classifier.0.weight,0,2871,0.7708379030227661,0.9053115833952098
classifier.0.weight,0,2872,0.7706149816513062,0.9054163498570076
classifier.0.weight,0,2873,0.7704045176506042,0.905521059100718
classifier.0.weight,0,2874,0.7702842354774475,0.905625735650767
classifier.0.weight,0,2875,0.769987940788269,0.9057303316873138
classifier.0.weight,0,2876,0.7697914242744446,0.9058348743406207
classifier.0.weight,0,2877,0.7697694897651672,0.905939411036316
classifier.0.weight,0,2878,0.7694675326347351,0.9060438657349721
classifier.0.weight,0,2879,0.7693405747413635,0.906148285967575
classifier.0.weight,0,2880,0.7691308259963989,0.9062526492708338
classifier.0.weight,0,2881,0.7689115405082703,0.9063569530729136
classifier.0.weight,0,2882,0.7688442468643188,0.9064612386188601
classifier.0.weight,0,2883,0.768667995929718,0.906565476357157
classifier.0.weight,0,2884,0.7684657573699951,0.9066696592522268
classifier.0.weight,0,2885,0.7683910131454468,0.9067738218817453
classifier.0.weight,0,2886,0.7680920362472534,0.9068779034687718
classifier.0.weight,0,2887,0.76803058385849,0.9069819684020488
classifier.0.weight,0,2888,0.7679030299186707,0.9070859987721448
classifier.0.weight,0,2889,0.7677361965179443,0.907189983944203
classifier.0.weight,0,2890,0.7675556540489197,0.9072939202152654
classifier.0.weight,0,2891,0.767417311668396,0.9073978190232584
classifier.0.weight,0,2892,0.7672306299209595,0.9075016672886025
classifier.0.weight,0,2893,0.7669866681098938,0.9076054495216953
classifier.0.weight,0,2894,0.7667325139045715,0.907709162986133
classifier.0.weight,0,2895,0.7663857340812683,0.9078127826561825
classifier.0.weight,0,2896,0.7663031220436096,0.9079163799882098
classifier.0.weight,0,2897,0.7660714983940125,0.9080199147028084
classifier.0.weight,0,2898,0.766009509563446,0.9081234326624793
classifier.0.weight,0,2899,0.7658398151397705,0.9082269047624721
classifier.0.weight,0,2900,0.7656058073043823,0.9083303136388446
classifier.0.weight,0,2901,0.7655418515205383,0.9084337052391739
classifier.0.weight,0,2902,0.7651711702346802,0.9085369967377188
classifier.0.weight,0,2903,0.7649393081665039,0.9086402256469952
classifier.0.weight,0,2904,0.7648328542709351,0.9087434258262672
classifier.0.weight,0,2905,0.7647229433059692,0.9088465963467289
classifier.0.weight,0,2906,0.764459490776062,0.9089496957934694
classifier.0.weight,0,2907,0.764301598072052,0.9090527526559538
classifier.0.weight,0,2908,0.7641414403915405,0.909155766332296
classifier.0.weight,0,2909,0.7640050649642944,0.9092587432424591
classifier.0.weight,0,2910,0.7637954950332642,0.909361663666337
classifier.0.weight,0,2911,0.7635825872421265,0.9094645267201301
classifier.0.weight,0,2912,0.7634623646736145,0.9095673573858433
classifier.0.weight,0,2913,0.7633320689201355,0.9096701529555088
classifier.0.weight,0,2914,0.7630605697631836,0.9097728754142743
classifier.0.weight,0,2915,0.7629346251487732,0.9098755639667596
classifier.0.weight,0,2916,0.7627647519111633,0.9099782067955504
classifier.0.weight,0,2917,0.7626904249191284,0.9100808296214214
classifier.0.weight,0,2918,0.7626562714576721,0.9101834432565485
classifier.0.weight,0,2919,0.762333333492279,0.9102859700089635
classifier.0.weight,0,2920,0.7619877457618713,0.9103884038257689
classifier.0.weight,0,2921,0.7619038820266724,0.9104908150962544
classifier.0.weight,0,2922,0.7616485357284546,0.9105931577335242
classifier.0.weight,0,2923,0.761543333530426,0.9106954721007289
classifier.0.weight,0,2924,0.761368453502655,0.9107977394825968
classifier.0.weight,0,2925,0.7612120509147644,0.9108999648526366
classifier.0.weight,0,2926,0.76102215051651,0.91100213922449
classifier.0.weight,0,2927,0.7609522342681885,0.9111042948233797
classifier.0.weight,0,2928,0.7609055042266846,0.9112064378759136
classifier.0.weight,0,2929,0.7605996131896973,0.9113084988200547
classifier.0.weight,0,2930,0.7604389786720276,0.9114105166593112
classifier.0.weight,0,2931,0.7602311968803406,0.9115124787556242
classifier.0.weight,0,2932,0.7601120471954346,0.9116144088937655
classifier.0.weight,0,2933,0.7599978446960449,0.911716308405364
classifier.0.weight,0,2934,0.7598481178283691,0.9118181677705545
classifier.0.weight,0,2935,0.7596140503883362,0.9119199643908671
classifier.0.weight,0,2936,0.7592378258705139,0.9120216601997213
classifier.0.weight,0,2937,0.7591671943664551,0.9121233370880382
classifier.0.weight,0,2938,0.7588003873825073,0.9122249157456019
classifier.0.weight,0,2939,0.758753776550293,0.9123264819242044
classifier.0.weight,0,2940,0.7586241364479065,0.9124280133987293
classifier.0.weight,0,2941,0.7583329677581787,0.9125294669503099
classifier.0.weight,0,2942,0.7581386566162109,0.912630868516732
classifier.0.weight,0,2943,0.7578760981559753,0.9127321998605668
classifier.0.weight,0,2944,0.7578392624855042,0.9128335213544612
classifier.0.weight,0,2945,0.7576483488082886,0.9129347918052821
classifier.0.weight,0,2946,0.7575293183326721,0.9130360304383792
classifier.0.weight,0,2947,0.757314145565033,0.9131372115668952
classifier.0.weight,0,2948,0.7572206258773804,0.9132383677075157
classifier.0.weight,0,2949,0.7569364905357361,0.9133394479478212
classifier.0.weight,0,2950,0.7567620873451233,0.9134404816143764
classifier.0.weight,0,2951,0.756704568862915,0.9135414999231793
classifier.0.weight,0,2952,0.7562810182571411,0.9136424051775799
classifier.0.weight,0,2953,0.7562423944473267,0.9137433001256373
classifier.0.weight,0,2954,0.7561449408531189,0.9138441690716036
classifier.0.weight,0,2955,0.7559190988540649,0.9139449777723943
classifier.0.weight,0,2956,0.7558495402336121,0.9140457679214864
classifier.0.weight,0,2957,0.7556961178779602,0.9141465171579581
classifier.0.weight,0,2958,0.7554273009300232,0.9142471947299484
classifier.0.weight,0,2959,0.755199670791626,0.9143478116374727
classifier.0.weight,0,2960,0.7550386190414429,0.9144483856350175
classifier.0.weight,0,2961,0.754725456237793,0.9145488762209261
classifier.0.weight,0,2962,0.7546351552009583,0.9146493427613724
classifier.0.weight,0,2963,0.7543674111366272,0.9147497380235388
classifier.0.weight,0,2964,0.7543070316314697,0.9148501172150914
classifier.0.weight,0,2965,0.7540701031684875,0.9149504333581729
classifier.0.weight,0,2966,0.7538679838180542,0.9150506957314094
classifier.0.weight,0,2967,0.7537763714790344,0.9151509337377471
classifier.0.weight,0,2968,0.753546953201294,0.9152511107367833
classifier.0.weight,0,2969,0.753446638584137,0.9153512610658201
classifier.0.weight,0,2970,0.7534154653549194,0.9154514031077547
classifier.0.weight,0,2971,0.7531884908676147,0.9155514848210503
classifier.0.weight,0,2972,0.7528657913208008,0.9156514807937768
classifier.0.weight,0,2973,0.7528135776519775,0.9157514628968983
classifier.0.weight,0,2974,0.7524681687355042,0.9158513532726966
classifier.0.weight,0,2975,0.7524063587188721,0.9159512272385723
classifier.0.weight,0,2976,0.752260148525238,0.9160510623925135
classifier.0.weight,0,2977,0.7519873380661011,0.9161508251482676
classifier.0.weight,0,2978,0.7515569925308228,0.9162504737527063
classifier.0.weight,0,2979,0.7515004277229309,0.9163501073579045
classifier.0.weight,0,2980,0.7512295246124268,0.9164496691436128
classifier.0.weight,0,2981,0.7511482238769531,0.916549209380625
classifier.0.weight,0,2982,0.7508440613746643,0.9166486690202886
classifier.0.weight,0,2983,0.7507005929946899,0.9167480906548566
classifier.0.weight,0,2984,0.7506215572357178,0.9168474913557775
classifier.0.weight,0,2985,0.750491738319397,0.9169468576772556
classifier.0.weight,0,2986,0.7501033544540405,0.9170461211800398
classifier.0.weight,0,2987,0.7499338388442993,0.917145339822841
classifier.0.weight,0,2988,0.7498523592948914,0.9172445369068041
classifier.0.weight,0,2989,0.749542236328125,0.9173436519561317
classifier.0.weight,0,2990,0.7494792342185974,0.917442750344104
classifier.0.weight,0,2991,0.7492423057556152,0.9175417860871984
classifier.0.weight,0,2992,0.7491766810417175,0.9176408044823463
classifier.0.weight,0,2993,0.749140739440918,0.917739813376947
classifier.0.weight,0,2994,0.7489392161369324,0.917838769010752
classifier.0.weight,0,2995,0.7487359642982483,0.9179376709414399
classifier.0.weight,0,2996,0.7485824823379517,0.9180365323288464
classifier.0.weight,0,2997,0.7484217882156372,0.9181353512767378
classifier.0.weight,0,2998,0.748165488243103,0.9182341025543468
classifier.0.weight,0,2999,0.7480572462081909,0.9183328252600256
classifier.0.weight,0,3000,0.7479779720306396,0.9184315270428496
classifier.0.weight,0,3001,0.7477787137031555,0.918530176245161
classifier.0.weight,0,3002,0.7477603554725647,0.9186288206037868
classifier.0.weight,0,3003,0.7474507689476013,0.9187273832981677
classifier.0.weight,0,3004,0.747165858745575,0.9188258708674265
classifier.0.weight,0,3005,0.7468113303184509,0.9189242649946237
classifier.0.weight,0,3006,0.7466603517532349,0.9190226193422891
classifier.0.weight,0,3007,0.746493935585022,0.9191209298522722
classifier.0.weight,0,3008,0.7464011907577515,0.9192192159354665
classifier.0.weight,0,3009,0.746164083480835,0.9193174395840229
classifier.0.weight,0,3010,0.7460293769836426,0.9194156277707562
classifier.0.weight,0,3011,0.7458329796791077,0.9195137642668794
classifier.0.weight,0,3012,0.7457380294799805,0.9196118757775514
classifier.0.weight,0,3013,0.7456084489822388,0.9197099531951953
classifier.0.weight,0,3014,0.7454167008399963,0.919807980174182
classifier.0.weight,0,3015,0.7452540397644043,0.91990596437593
classifier.0.weight,0,3016,0.7451815009117126,0.9200039295041398
classifier.0.weight,0,3017,0.7450690269470215,0.9201018650618495
classifier.0.weight,0,3018,0.7448905110359192,0.9201997536951529
classifier.0.weight,0,3019,0.7445902228355408,0.9202975634205467
classifier.0.weight,0,3020,0.7445279955863953,0.9203953567982215
classifier.0.weight,0,3021,0.7443675994873047,0.9204931080445413
classifier.0.weight,0,3022,0.7439554929733276,0.9205907510841791
classifier.0.weight,0,3023,0.7438697814941406,0.9206883716261074
classifier.0.weight,0,3024,0.7435427904129028,0.9207859063626127
classifier.0.weight,0,3025,0.7434859275817871,0.9208834261816465
classifier.0.weight,0,3026,0.7432222962379456,0.9209808768541858
classifier.0.weight,0,3027,0.7431598901748657,0.9210783111621528
classifier.0.weight,0,3028,0.742887020111084,0.9211756739322847
classifier.0.weight,0,3029,0.74270099401474,0.9212729879473629
classifier.0.weight,0,3030,0.7424787282943726,0.9213702437254564
classifier.0.weight,0,3031,0.7423966526985168,0.9214674780029077
classifier.0.weight,0,3032,0.7422101497650146,0.9215646634326169
classifier.0.weight,0,3033,0.7421460151672363,0.9216618320674085
classifier.0.weight,0,3034,0.7420075535774231,0.921758964448233
classifier.0.weight,0,3035,0.7418854832649231,0.9218560648724968
classifier.0.weight,0,3036,0.7415957450866699,0.9219530894677896
classifier.0.weight,0,3037,0.7412793040275574,0.9220500312793949
classifier.0.weight,0,3038,0.7411535382270813,0.9221469401994027
classifier.0.weight,0,3039,0.7410149574279785,0.922243812882762
classifier.0.weight,0,3040,0.7408865690231323,0.9223406520006672
classifier.0.weight,0,3041,0.7407419085502625,0.922437453305969
classifier.0.weight,0,3042,0.7405725717544556,0.9225342103579378
classifier.0.weight,0,3043,0.7402803301811218,0.9226308910612675
classifier.0.weight,0,3044,0.7400704026222229,0.9227275169392415
classifier.0.weight,0,3045,0.7400147914886475,0.9228241282962382
classifier.0.weight,0,3046,0.739600419998169,0.9229206314884137
classifier.0.weight,0,3047,0.7395539879798889,0.923017122564054
classifier.0.weight,0,3048,0.7393770217895508,0.9231135674669595
classifier.0.weight,0,3049,0.7391315698623657,0.9232099483466203
classifier.0.weight,0,3050,0.739078164100647,0.9233063152988328
classifier.0.weight,0,3051,0.7387903928756714,0.923402607221804
classifier.0.weight,0,3052,0.7387126088142395,0.9234988788695181
classifier.0.weight,0,3053,0.7385925054550171,0.9235951192151854
classifier.0.weight,0,3054,0.7384539246559143,0.9236913234494307
classifier.0.weight,0,3055,0.7382389307022095,0.9237874716739045
classifier.0.weight,0,3056,0.7379945516586304,0.9238835562530701
classifier.0.weight,0,3057,0.7378767132759094,0.9239796101503088
classifier.0.weight,0,3058,0.7376947999000549,0.9240756166918457
classifier.0.weight,0,3059,0.7375853657722473,0.9241715947511083
classifier.0.weight,0,3060,0.7374430298805237,0.9242675357711204
classifier.0.weight,0,3061,0.7371496558189392,0.9243634004706391
classifier.0.weight,0,3062,0.7370749711990356,0.9244592457459991
classifier.0.weight,0,3063,0.736900269985199,0.9245550455923262
classifier.0.weight,0,3064,0.7365921139717102,0.9246507653324912
classifier.0.weight,0,3065,0.7365671396255493,0.9247464785819614
classifier.0.weight,0,3066,0.7364131808280945,0.9248421518232477
classifier.0.weight,0,3067,0.7361384630203247,0.9249377536963365
classifier.0.weight,0,3068,0.7360895276069641,0.9250333428594206
classifier.0.weight,0,3069,0.7360507249832153,0.9251289219448919
classifier.0.weight,0,3070,0.7357658743858337,0.9252244270667342
classifier.0.weight,0,3071,0.7356078624725342,0.9253198911719243
classifier.0.weight,0,3072,0.7352290749549866,0.9254152569875139
classifier.0.weight,0,3073,0.7351474165916443,0.9255106016206336
classifier.0.weight,0,3074,0.7348697185516357,0.9256058742354986
classifier.0.weight,0,3075,0.7347820401191711,0.9257011241174763
classifier.0.weight,0,3076,0.7347014546394348,0.9257963531079894
classifier.0.weight,0,3077,0.7345534563064575,0.9258915437364922
classifier.0.weight,0,3078,0.7343125343322754,0.9259866719331787
classifier.0.weight,0,3079,0.7340927124023438,0.9260817431837208
classifier.0.weight,0,3080,0.7338935732841492,0.9261767628608398
classifier.0.weight,0,3081,0.7337523102760315,0.9262717459618826
classifier.0.weight,0,3082,0.7336356043815613,0.9263666988505334
classifier.0.weight,0,3083,0.7335567474365234,0.9264616313277094
classifier.0.weight,0,3084,0.7332863807678223,0.9265564938393437
classifier.0.weight,0,3085,0.7332192659378052,0.9266513389869844
classifier.0.weight,0,3086,0.7328383326530457,0.9267460856094227
classifier.0.weight,0,3087,0.7326448559761047,0.9268407822103459
classifier.0.weight,0,3088,0.7324646711349487,0.9269354322381071
classifier.0.weight,0,3089,0.7324354648590088,0.9270300747178737
classifier.0.weight,0,3090,0.7322209477424622,0.9271246617676133
classifier.0.weight,0,3091,0.7320153713226318,0.9272191957127881
classifier.0.weight,0,3092,0.7319263815879822,0.9273137066747315
classifier.0.weight,0,3093,0.731624186038971,0.9274081396099861
classifier.0.weight,0,3094,0.7314581274986267,0.9275025296827546
classifier.0.weight,0,3095,0.731249988079071,0.9275968660449988
classifier.0.weight,0,3096,0.7312270998954773,0.9276911965018639
classifier.0.weight,0,3097,0.7309466004371643,0.9277854546020917
classifier.0.weight,0,3098,0.7307853102684021,0.9278796711090552
classifier.0.weight,0,3099,0.730617880821228,0.9279738444492763
classifier.0.weight,0,3100,0.7302190661430359,0.9280679150067411
classifier.0.weight,0,3101,0.7301726937294006,0.9281619736167219
classifier.0.weight,0,3102,0.7299845814704895,0.9282559837688557
classifier.0.weight,0,3103,0.7298792004585266,0.9283499667802246
classifier.0.weight,0,3104,0.7296591997146606,0.9284438931432708
classifier.0.weight,0,3105,0.7295850515365601,0.9285378004176388
classifier.0.weight,0,3106,0.7292597889900208,0.9286316239794623
classifier.0.weight,0,3107,0.729205310344696,0.928725433523813
classifier.0.weight,0,3108,0.7287335991859436,0.9288191217396554
classifier.0.weight,0,3109,0.7286474704742432,0.9289127878108665
classifier.0.weight,0,3110,0.7284135818481445,0.9290063937599647
classifier.0.weight,0,3111,0.7283107042312622,0.9290999732700258
classifier.0.weight,0,3112,0.7281967997550964,0.9291935235115576
classifier.0.weight,0,3113,0.7279749512672424,0.9292870167607538
classifier.0.weight,0,3114,0.7277913093566895,0.9293804628459279
classifier.0.weight,0,3115,0.7277305722236633,0.9294738933348442
classifier.0.weight,0,3116,0.7271832227706909,0.9295671833324928
classifier.0.weight,0,3117,0.7271207571029663,0.9296604573034468
classifier.0.weight,0,3118,0.726929783821106,0.929753682285297
classifier.0.weight,0,3119,0.7267656922340393,0.9298468651841042
classifier.0.weight,0,3120,0.7266603112220764,0.9299400210618334
classifier.0.weight,0,3121,0.7264969348907471,0.9300331350554679
classifier.0.weight,0,3122,0.7262750864028931,0.930126192189827
classifier.0.weight,0,3123,0.7260624170303345,0.9302191948338001
classifier.0.weight,0,3124,0.7258904576301575,0.9303121534298108
classifier.0.weight,0,3125,0.7258809208869934,0.930405109583259
classifier.0.weight,0,3126,0.725756049156189,0.9304980337573645
classifier.0.weight,0,3127,0.7254378199577332,0.9305908764586327
classifier.0.weight,0,3128,0.7252997756004333,0.9306836838289844
classifier.0.weight,0,3129,0.7251853346824646,0.9307764619145543
classifier.0.weight,0,3130,0.7250897884368896,0.9308692155539217
classifier.0.weight,0,3131,0.7248778939247131,0.9309619149900283
classifier.0.weight,0,3132,0.7246512174606323,0.9310545564591448
classifier.0.weight,0,3133,0.7245212197303772,0.9311471646926848
classifier.0.weight,0,3134,0.7242476344108582,0.9312397030001303
classifier.0.weight,0,3135,0.7241280674934387,0.9313322107555759
classifier.0.weight,0,3136,0.7238946557044983,0.9314246588836665
classifier.0.weight,0,3137,0.7237481474876404,0.9315170695946008
classifier.0.weight,0,3138,0.7236588597297668,0.931609457505791
classifier.0.weight,0,3139,0.7234839797019958,0.9317018007692913
classifier.0.weight,0,3140,0.7233538627624512,0.9317941108203287
classifier.0.weight,0,3141,0.7231083512306213,0.9318863582206023
classifier.0.weight,0,3142,0.7228935360908508,0.9319785508208042
classifier.0.weight,0,3143,0.7228038907051086,0.9320707205569787
classifier.0.weight,0,3144,0.7226338386535645,0.9321628469292224
classifier.0.weight,0,3145,0.7225485444068909,0.9322549515549456
classifier.0.weight,0,3146,0.7222358584403992,0.9323469764805782
classifier.0.weight,0,3147,0.7221478223800659,0.9324389789730454
classifier.0.weight,0,3148,0.721807599067688,0.9325308947962234
classifier.0.weight,0,3149,0.7216699719429016,0.9326227755715453
classifier.0.weight,0,3150,0.7216107249259949,0.9327146412611946
classifier.0.weight,0,3151,0.7213566899299622,0.9328064422816491
classifier.0.weight,0,3152,0.7212370038032532,0.9328982128417301
classifier.0.weight,0,3153,0.7210305333137512,0.9329899308665134
classifier.0.weight,0,3154,0.7209634184837341,0.9330816318175312
classifier.0.weight,0,3155,0.7207154035568237,0.9331732696882535
classifier.0.weight,0,3156,0.7203622460365295,0.9332648177740925
classifier.0.weight,0,3157,0.7202818989753723,0.9333563454390683
classifier.0.weight,0,3158,0.7201831340789795,0.9334478480052582
classifier.0.weight,0,3159,0.7198641300201416,0.9335392695275472
classifier.0.weight,0,3160,0.7197709679603577,0.9336306673885205
classifier.0.weight,0,3161,0.7196696400642395,0.9337220395176945
classifier.0.weight,0,3162,0.7192784547805786,0.9338133123409763
classifier.0.weight,0,3163,0.7191073298454285,0.9339045417396347
classifier.0.weight,0,3164,0.7190707325935364,0.9339957618527241
classifier.0.weight,0,3165,0.7187803387641907,0.9340869083029377
classifier.0.weight,0,3166,0.7187176942825317,0.9341780388663136
classifier.0.weight,0,3167,0.7184001803398132,0.9342690889284487
classifier.0.weight,0,3168,0.7182886004447937,0.9343601107095015
classifier.0.weight,0,3169,0.71805340051651,0.9344510728910803
classifier.0.weight,0,3170,0.7179350852966309,0.9345420050990558
classifier.0.weight,0,3171,0.7176986336708069,0.934632877419924
classifier.0.weight,0,3172,0.7175253629684448,0.9347237058683103
classifier.0.weight,0,3173,0.7174405455589294,0.934814512844624
classifier.0.weight,0,3174,0.717180073261261,0.9349052538965672
classifier.0.weight,0,3175,0.7169990539550781,0.9349959491474351
classifier.0.weight,0,3176,0.7168667912483215,0.9350866109408169
classifier.0.weight,0,3177,0.7166195511817932,0.9351772102083217
classifier.0.weight,0,3178,0.7163994908332825,0.935267753841717
classifier.0.weight,0,3179,0.7162273526191711,0.9353582539682507
classifier.0.weight,0,3180,0.716142475605011,0.9354487326464959
classifier.0.weight,0,3181,0.7159621119499207,0.9355391657555684
classifier.0.weight,0,3182,0.7158049941062927,0.935629559177915
classifier.0.weight,0,3183,0.7157019376754761,0.9357199265737518
classifier.0.weight,0,3184,0.7154174447059631,0.9358102221414215
classifier.0.weight,0,3185,0.7153641581535339,0.9359005042585937
classifier.0.weight,0,3186,0.7150118350982666,0.935990697468213
classifier.0.weight,0,3187,0.7149254679679871,0.9360808688900579
classifier.0.weight,0,3188,0.7146692276000977,0.9361709756858164
classifier.0.weight,0,3189,0.7145852446556091,0.9362610613053743
classifier.0.weight,0,3190,0.7144404649734497,0.9363511104247493
classifier.0.weight,0,3191,0.7142785787582397,0.9364411187399978
classifier.0.weight,0,3192,0.714212954044342,0.9365311105168852
classifier.0.weight,0,3193,0.714030385017395,0.9366210562917751
classifier.0.weight,0,3194,0.7139527797698975,0.9367109825159989
classifier.0.weight,0,3195,0.7135933041572571,0.9368008182072147
classifier.0.weight,0,3196,0.7134347558021545,0.936890613982925
classifier.0.weight,0,3197,0.7132748365402222,0.9369803695069803
classifier.0.weight,0,3198,0.7131526470184326,0.9370700942820324
classifier.0.weight,0,3199,0.7131026387214661,0.9371598064740115
classifier.0.weight,0,3200,0.7128252387046814,0.9372494488827033
classifier.0.weight,0,3201,0.7125644683837891,0.937339025716265
classifier.0.weight,0,3202,0.7123302817344666,0.9374285436800621
classifier.0.weight,0,3203,0.7122554779052734,0.9375180428437742
classifier.0.weight,0,3204,0.7120792269706726,0.9376074977189971
classifier.0.weight,0,3205,0.7119686603546143,0.9376969248165385
classifier.0.weight,0,3206,0.7114046812057495,0.9377862102925583
classifier.0.weight,0,3207,0.7111486196517944,0.9378754315056801
classifier.0.weight,0,3208,0.7111066579818726,0.9379646421900305
classifier.0.weight,0,3209,0.7109208703041077,0.9380538062651119
classifier.0.weight,0,3210,0.7107549905776978,0.9381429287356
classifier.0.weight,0,3211,0.7106262445449829,0.9382320189217556
classifier.0.weight,0,3212,0.7104718089103699,0.9383210703893736
classifier.0.weight,0,3213,0.7103824019432068,0.9384100994456291
classifier.0.weight,0,3214,0.7102909684181213,0.9384991055854481
classifier.0.weight,0,3215,0.7099927663803101,0.9385880370059143
classifier.0.weight,0,3216,0.7099595665931702,0.9386769601095769
classifier.0.weight,0,3217,0.7097466588020325,0.9387658298874343
classifier.0.weight,0,3218,0.7094533443450928,0.9388546262266807
classifier.0.weight,0,3219,0.7093655467033386,0.9389434005894945
classifier.0.weight,0,3220,0.7091953754425049,0.9390321323648632
classifier.0.weight,0,3221,0.708694577217102,0.9391207388686135
classifier.0.weight,0,3222,0.7085638046264648,0.9392093126749695
classifier.0.weight,0,3223,0.7083534002304077,0.9392978338860588
classifier.0.weight,0,3224,0.7082845568656921,0.9393863378916065
classifier.0.weight,0,3225,0.70808345079422,0.9394747916456956
classifier.0.weight,0,3226,0.7079878449440002,0.9395632215152399
classifier.0.weight,0,3227,0.7078009247779846,0.9396516046971355
classifier.0.weight,0,3228,0.7076212167739868,0.9397399430044108
classifier.0.weight,0,3229,0.7074328064918518,0.9398282342762689
classifier.0.weight,0,3230,0.7072842121124268,0.9399164884613288
classifier.0.weight,0,3231,0.7072374224662781,0.9400047309700484
classifier.0.weight,0,3232,0.7069310545921326,0.9400928970438586
classifier.0.weight,0,3233,0.7066372632980347,0.9401809898515632
classifier.0.weight,0,3234,0.706479012966156,0.9402690432071874
classifier.0.weight,0,3235,0.7063938975334167,0.9403570753470422
classifier.0.weight,0,3236,0.7059990763664246,0.9404450091076808
classifier.0.weight,0,3237,0.7058324217796326,0.9405329013588178
classifier.0.weight,0,3238,0.7057414054870605,0.9406207709442035
classifier.0.weight,0,3239,0.7055894732475281,0.9407086027004756
classifier.0.weight,0,3240,0.7054652571678162,0.9407964035346422
classifier.0.weight,0,3241,0.7053030133247375,0.9408841639883463
classifier.0.weight,0,3242,0.7052919864654541,0.9409719216979401
classifier.0.weight,0,3243,0.7050586342811584,0.9410596213462887
classifier.0.weight,0,3244,0.7049016952514648,0.941147281956846
classifier.0.weight,0,3245,0.7047616839408875,0.9412349077476317
classifier.0.weight,0,3246,0.7046273350715637,0.9413225001333554
classifier.0.weight,0,3247,0.7043190002441406,0.9414100158775051
classifier.0.weight,0,3248,0.7041087746620178,0.9414974793859419
classifier.0.weight,0,3249,0.7038958668708801,0.9415848900080985
classifier.0.weight,0,3250,0.7038167119026184,0.9416722809722451
classifier.0.weight,0,3251,0.7037747502326965,0.9417596615161746
classifier.0.weight,0,3252,0.7035268545150757,0.9418469805135719
classifier.0.weight,0,3253,0.70332270860672,0.9419342488427405
classifier.0.weight,0,3254,0.703037679195404,0.9420214464533045
classifier.0.weight,0,3255,0.7027709484100342,0.9421085779112975
classifier.0.weight,0,3256,0.7026081085205078,0.9421956689953016
classifier.0.weight,0,3257,0.7024052143096924,0.9422827097874712
classifier.0.weight,0,3258,0.7022045850753784,0.9423697008635133
classifier.0.weight,0,3259,0.7020677328109741,0.9424566580355739
classifier.0.weight,0,3260,0.7019138932228088,0.9425435771030778
classifier.0.weight,0,3261,0.7018027305603027,0.9426304686418777
classifier.0.weight,0,3262,0.7016795873641968,0.9427173296901635
classifier.0.weight,0,3263,0.701453685760498,0.9428041348186481
classifier.0.weight,0,3264,0.7013611197471619,0.942890917038494
classifier.0.weight,0,3265,0.701163113117218,0.9429776502649504
classifier.0.weight,0,3266,0.7010026574134827,0.9430643437995057
classifier.0.weight,0,3267,0.7007467150688171,0.9431509740404467
classifier.0.weight,0,3268,0.7004727721214294,0.9432375365618985
classifier.0.weight,0,3269,0.7004016637802124,0.9433240815094912
classifier.0.weight,0,3270,0.7003595232963562,0.9434106160432416
classifier.0.weight,0,3271,0.7001621723175049,0.9434971018155538
classifier.0.weight,0,3272,0.699954628944397,0.9435835363229181
classifier.0.weight,0,3273,0.6998738050460815,0.9436699508702159
classifier.0.weight,0,3274,0.6994945406913757,0.9437562717861272
classifier.0.weight,0,3275,0.6993409991264343,0.9438425548106952
classifier.0.weight,0,3276,0.6991870999336243,0.943928799864011
classifier.0.weight,0,3277,0.6990677714347839,0.9440150154813876
classifier.0.weight,0,3278,0.6989372372627258,0.9441011989043647
classifier.0.weight,0,3279,0.6987564563751221,0.9441873377502327
classifier.0.weight,0,3280,0.6984464526176453,0.9442734001819446
classifier.0.weight,0,3281,0.6982750296592712,0.9443594203734358
classifier.0.weight,0,3282,0.6981582641601562,0.9444454117987522
classifier.0.weight,0,3283,0.6980466246604919,0.9445313757252258
classifier.0.weight,0,3284,0.6979321241378784,0.9446173114527027
classifier.0.weight,0,3285,0.697638213634491,0.9447031748175705
classifier.0.weight,0,3286,0.6974484324455261,0.9447889914733137
classifier.0.weight,0,3287,0.6972965002059937,0.9448747707445109
classifier.0.weight,0,3288,0.6971639394760132,0.9449605174043815
classifier.0.weight,0,3289,0.6968227624893188,0.9450461801596578
classifier.0.weight,0,3290,0.6965066194534302,0.9451317652035229
classifier.0.weight,0,3291,0.6964420676231384,0.9452173343841785
classifier.0.weight,0,3292,0.6963092684745789,0.9453028709348956
classifier.0.weight,0,3293,0.6962460279464722,0.9453883919490366
classifier.0.weight,0,3294,0.6960618495941162,0.9454738677233182
classifier.0.weight,0,3295,0.6957989931106567,0.945559278952706
classifier.0.weight,0,3296,0.6956800222396851,0.9456446609765912
classifier.0.weight,0,3297,0.6955554485321045,0.9457300124249169
classifier.0.weight,0,3298,0.6952723264694214,0.9458152944036984
classifier.0.weight,0,3299,0.6950292587280273,0.945900516763612
classifier.0.weight,0,3300,0.694948136806488,0.9459857192308432
classifier.0.weight,0,3301,0.694480299949646,0.9460708070206322
classifier.0.weight,0,3302,0.6943328976631165,0.9461558586947711
classifier.0.weight,0,3303,0.6942345499992371,0.946240886276602
classifier.0.weight,0,3304,0.6942023634910583,0.9463259059744188
classifier.0.weight,0,3305,0.6938985586166382,0.9464108512739099
classifier.0.weight,0,3306,0.6938157677650452,0.9464957763045185
classifier.0.weight,0,3307,0.6935651302337646,0.9465806399887111
classifier.0.weight,0,3308,0.6934102773666382,0.9466654657819625
classifier.0.weight,0,3309,0.693279504776001,0.9467502595830642
classifier.0.weight,0,3310,0.6931260824203491,0.9468350158586797
classifier.0.weight,0,3311,0.6928608417510986,0.9469197072788225
classifier.0.weight,0,3312,0.6927341222763062,0.9470043677228436
classifier.0.weight,0,3313,0.6925944685935974,0.947088994035585
classifier.0.weight,0,3314,0.6921918988227844,0.9471735219990156
classifier.0.weight,0,3315,0.6920682191848755,0.9472580197585276
classifier.0.weight,0,3316,0.692014753818512,0.9473425044628839
classifier.0.weight,0,3317,0.6918297410011292,0.9474269439986549
classifier.0.weight,0,3318,0.6917385458946228,0.9475113612747154
classifier.0.weight,0,3319,0.6915826201438904,0.947595740497833
classifier.0.weight,0,3320,0.6913728713989258,0.9476800685462918
classifier.0.weight,0,3321,0.6911128759384155,0.9477643331824064
classifier.0.weight,0,3322,0.6910325288772583,0.9478485782268665
classifier.0.weight,0,3323,0.6908489465713501,0.9479327785155605
classifier.0.weight,0,3324,0.6907033324241638,0.9480169433132511
classifier.0.weight,0,3325,0.690605640411377,0.9481010843043475
classifier.0.weight,0,3326,0.6903756856918335,0.948185169271005
classifier.0.weight,0,3327,0.6901808381080627,0.948269206781065
classifier.0.weight,0,3328,0.6900634765625,0.9483532157133002
classifier.0.weight,0,3329,0.6896414160728455,0.9484371219129345
classifier.0.weight,0,3330,0.6895739436149597,0.9485210116951076
classifier.0.weight,0,3331,0.6892812252044678,0.9486048302713659
classifier.0.weight,0,3332,0.6891475319862366,0.9486886163358188
classifier.0.weight,0,3333,0.6890730857849121,0.9487723842990177
classifier.0.weight,0,3334,0.6889609694480896,0.9488561250053311
classifier.0.weight,0,3335,0.6886288523674011,0.9489397849958513
classifier.0.weight,0,3336,0.6884689331054688,0.949023406134411
classifier.0.weight,0,3337,0.6882809996604919,0.9491069816265721
classifier.0.weight,0,3338,0.6881077885627747,0.9491905150592219
classifier.0.weight,0,3339,0.6878592371940613,0.9492739881565591
classifier.0.weight,0,3340,0.6878246068954468,0.9493574528491956
classifier.0.weight,0,3341,0.6876494288444519,0.9494408750329711
classifier.0.weight,0,3342,0.6874494552612305,0.949524248704215
classifier.0.weight,0,3343,0.6870636940002441,0.9496075288316838
classifier.0.weight,0,3344,0.6869309544563293,0.9496907767831013
classifier.0.weight,0,3345,0.6867630481719971,0.9497739840429595
classifier.0.weight,0,3346,0.6865622401237488,0.9498571426506814
classifier.0.weight,0,3347,0.6863965392112732,0.9499402611228016
classifier.0.weight,0,3348,0.6862284541130066,0.9500233388917272
classifier.0.weight,0,3349,0.6860715746879578,0.9501063786799984
classifier.0.weight,0,3350,0.6858032941818237,0.9501893535374331
classifier.0.weight,0,3351,0.6857067942619324,0.9502723050455959
classifier.0.weight,0,3352,0.6855778098106384,0.9503552253496098
classifier.0.weight,0,3353,0.6854159832000732,0.9504381065125435
classifier.0.weight,0,3354,0.6853668689727783,0.9505209757980232
classifier.0.weight,0,3355,0.6851787567138672,0.9506037995995733
classifier.0.weight,0,3356,0.6849578619003296,0.9506865700065927
classifier.0.weight,0,3357,0.6847370862960815,0.9507692870650992
classifier.0.weight,0,3358,0.6844883561134338,0.9508519440407136
classifier.0.weight,0,3359,0.6843801140785217,0.95093457487636
classifier.0.weight,0,3360,0.6841456294059753,0.9510171490991833
classifier.0.weight,0,3361,0.6839743852615356,0.9510996819899223
classifier.0.weight,0,3362,0.6839269995689392,0.9511822034453129
classifier.0.weight,0,3363,0.6837718486785889,0.9512646874644711
classifier.0.weight,0,3364,0.6834128499031067,0.9513470848936695
classifier.0.weight,0,3365,0.6831966638565063,0.9514294302010589
classifier.0.weight,0,3366,0.6829618811607361,0.951511718921722
classifier.0.weight,0,3367,0.682784378528595,0.9515939648740643
classifier.0.weight,0,3368,0.682648777961731,0.9516761781616574
classifier.0.weight,0,3369,0.6824249029159546,0.9517583375343059
classifier.0.weight,0,3370,0.6823890805244446,0.9518404882816306
classifier.0.weight,0,3371,0.6822028160095215,0.9519225941874382
classifier.0.weight,0,3372,0.6821021437644958,0.9520046758623991
classifier.0.weight,0,3373,0.6818334460258484,0.9520866928818927
classifier.0.weight,0,3374,0.68171226978302,0.9521686807516544
classifier.0.weight,0,3375,0.6815776824951172,0.9522506362516427
classifier.0.weight,0,3376,0.681480348110199,0.9523325683455871
classifier.0.weight,0,3377,0.6809531450271606,0.9524143737208535
classifier.0.weight,0,3378,0.6808421611785889,0.952496152432507
classifier.0.weight,0,3379,0.6806281805038452,0.952577879748066
classifier.0.weight,0,3380,0.6804958581924438,0.952659575289166
classifier.0.weight,0,3381,0.6802534461021423,0.9527412126360558
classifier.0.weight,0,3382,0.6801906824111938,0.9528228349190754
classifier.0.weight,0,3383,0.6801412105560303,0.9529044453293685
classifier.0.weight,0,3384,0.6798917651176453,0.9529859958885273
classifier.0.weight,0,3385,0.6795727014541626,0.9530674699245801
classifier.0.weight,0,3386,0.6793861985206604,0.9531488992470605
classifier.0.weight,0,3387,0.6792893409729004,0.9532303053530483
classifier.0.weight,0,3388,0.6791563034057617,0.9533116795756866
classifier.0.weight,0,3389,0.6789202094078064,0.9533929972321821
classifier.0.weight,0,3390,0.6786498427391052,0.9534742501352472
classifier.0.weight,0,3391,0.6786123514175415,0.953555494061092
classifier.0.weight,0,3392,0.6784368753433228,0.9536366959761424
classifier.0.weight,0,3393,0.6781349778175354,0.9537178256392157
classifier.0.weight,0,3394,0.6779264807701111,0.9537989054222639
classifier.0.weight,0,3395,0.6778003573417664,0.9538799550394776
classifier.0.weight,0,3396,0.6775618195533752,0.9539609476192636
classifier.0.weight,0,3397,0.6774460673332214,0.9540419125284524
classifier.0.weight,0,3398,0.6772200465202332,0.9541228234209371
classifier.0.weight,0,3399,0.6771082282066345,0.9542037075966325
classifier.0.weight,0,3400,0.6768529415130615,0.9542845307931215
classifier.0.weight,0,3401,0.6766876578330994,0.9543653145212903
classifier.0.weight,0,3402,0.6765807271003723,0.9544460727204558
classifier.0.weight,0,3403,0.6763467788696289,0.9545267750801018
classifier.0.weight,0,3404,0.676307201385498,0.9546074679951758
classifier.0.weight,0,3405,0.676070511341095,0.9546881044392629
classifier.0.weight,0,3406,0.6759884357452393,0.9547687213058583
classifier.0.weight,0,3407,0.6758468747138977,0.954849304411486
classifier.0.weight,0,3408,0.675725519657135,0.9549298585807089
classifier.0.weight,0,3409,0.6753422021865845,0.9550103213842471
classifier.0.weight,0,3410,0.6753300428390503,0.9550907812903908
classifier.0.weight,0,3411,0.6751292943954468,0.9551711933686601
classifier.0.weight,0,3412,0.6749199628829956,0.9552515555893022
classifier.0.weight,0,3413,0.6747432351112366,0.9553318757297642
classifier.0.weight,0,3414,0.6746127009391785,0.9554121647961574
classifier.0.weight,0,3415,0.6745048761367798,0.9554924281990526
classifier.0.weight,0,3416,0.6743218302726746,0.9555726480443962
classifier.0.weight,0,3417,0.6742156147956848,0.9556528426201499
classifier.0.weight,0,3418,0.6739323139190674,0.955732969815618
classifier.0.weight,0,3419,0.6738463044166565,0.9558130765601881
classifier.0.weight,0,3420,0.6737264394760132,0.9558931548082418
classifier.0.weight,0,3421,0.6736060380935669,0.9559732044373496
classifier.0.weight,0,3422,0.6733755469322205,0.9560531992938627
classifier.0.weight,0,3423,0.6732958555221558,0.956133175217328
classifier.0.weight,0,3424,0.673133373260498,0.9562131125452757
classifier.0.weight,0,3425,0.6729033589363098,0.9562929952522828
classifier.0.weight,0,3426,0.6726022362709045,0.9563728064806412
classifier.0.weight,0,3427,0.672421932220459,0.9564525749248449
classifier.0.weight,0,3428,0.6723098158836365,0.9565323167708676
classifier.0.weight,0,3429,0.6722381114959717,0.9566120416082577
classifier.0.weight,0,3430,0.6720861196517944,0.9566917303984349
classifier.0.weight,0,3431,0.6718842387199402,0.9567713713220349
classifier.0.weight,0,3432,0.671606183052063,0.9568509463413417
classifier.0.weight,0,3433,0.671413004398346,0.9569304755898241
classifier.0.weight,0,3434,0.6711118817329407,0.9570099335180048
classifier.0.weight,0,3435,0.6710476279258728,0.9570893762319415
classifier.0.weight,0,3436,0.6707653403282166,0.9571687521220789
classifier.0.weight,0,3437,0.6706138849258423,0.9572480921709184
classifier.0.weight,0,3438,0.6705363988876343,0.9573274138861356
classifier.0.weight,0,3439,0.6701196432113647,0.9574066370310081
classifier.0.weight,0,3440,0.6698433756828308,0.9574857948673314
classifier.0.weight,0,3441,0.6697214841842651,0.9575649238975497
classifier.0.weight,0,3442,0.6694278717041016,0.9576439835610876
classifier.0.weight,0,3443,0.6693823337554932,0.9577230324688965
classifier.0.weight,0,3444,0.6690667271614075,0.9578020068528528
classifier.0.weight,0,3445,0.668968677520752,0.9578809580916062
classifier.0.weight,0,3446,0.6688271760940552,0.9579598759340835
classifier.0.weight,0,3447,0.6687257885932922,0.9580387698520653
classifier.0.weight,0,3448,0.668535590171814,0.9581176188985467
classifier.0.weight,0,3449,0.6683343648910522,0.9581964204859731
classifier.0.weight,0,3450,0.6682225465774536,0.9582751957071854
classifier.0.weight,0,3451,0.667859673500061,0.9583538853950809
classifier.0.weight,0,3452,0.6677232384681702,0.9584325429357038
classifier.0.weight,0,3453,0.66731858253479,0.9585111051685883
classifier.0.weight,0,3454,0.6672731637954712,0.9585896567077015
classifier.0.weight,0,3455,0.6670874357223511,0.9586681645250035
classifier.0.weight,0,3456,0.6668224334716797,0.9587466099798181
classifier.0.weight,0,3457,0.6665651202201843,0.9588249949052938
classifier.0.weight,0,3458,0.6665246486663818,0.9589033703125294
classifier.0.weight,0,3459,0.6662957668304443,0.958981691901419
classifier.0.weight,0,3460,0.6662045121192932,0.9590599920382002
classifier.0.weight,0,3461,0.6661760807037354,0.9591382854919398
classifier.0.weight,0,3462,0.6657899022102356,0.9592164881994479
classifier.0.weight,0,3463,0.6657076478004456,0.9592946715851846
classifier.0.weight,0,3464,0.6655183434486389,0.9593728105119131
classifier.0.weight,0,3465,0.6652876138687134,0.9594508952678239
classifier.0.weight,0,3466,0.6651420593261719,0.9595289458600214
classifier.0.weight,0,3467,0.66494220495224,0.9596069495557445
classifier.0.weight,0,3468,0.6647437810897827,0.9596849067046096
classifier.0.weight,0,3469,0.6645311713218689,0.9597628139942621
classifier.0.weight,0,3470,0.664477527141571,0.9598407087063133
classifier.0.weight,0,3471,0.6644588112831116,0.9599185990304181
classifier.0.weight,0,3472,0.6642977595329285,0.959996451600933
classifier.0.weight,0,3473,0.6640885472297668,0.9600742551417755
classifier.0.weight,0,3474,0.6638123393058777,0.9601519939759293
classifier.0.weight,0,3475,0.6635763645172119,0.9602296775500546
classifier.0.weight,0,3476,0.6633235216140747,0.9603073019358199
classifier.0.weight,0,3477,0.6632909178733826,0.9603849186909705
classifier.0.weight,0,3478,0.6631094813346863,0.9604624929893679
classifier.0.weight,0,3479,0.6629307270050049,0.9605400254700173
classifier.0.weight,0,3480,0.6626817584037781,0.960617499725794
classifier.0.weight,0,3481,0.6625986099243164,0.9606949545409801
classifier.0.weight,0,3482,0.6623615622520447,0.9607723539464532
classifier.0.weight,0,3483,0.6621155142784119,0.9608496958593699
classifier.0.weight,0,3484,0.662003219127655,0.9609270115400503
classifier.0.weight,0,3485,0.661795973777771,0.961004278819736
classifier.0.weight,0,3486,0.6617730855941772,0.9610815407549435
classifier.0.weight,0,3487,0.6614556312561035,0.9611587285824117
classifier.0.weight,0,3488,0.6613852977752686,0.9612358999957784
classifier.0.weight,0,3489,0.6612581014633179,0.9613130417290923
classifier.0.weight,0,3490,0.6611817479133606,0.9613901656487714
classifier.0.weight,0,3491,0.6609174013137817,0.9614672279110609
classifier.0.weight,0,3492,0.6606943607330322,0.9615442381695403
classifier.0.weight,0,3493,0.6604461073875427,0.9616211905662799
classifier.0.weight,0,3494,0.6602557897567749,0.9616980986193934
classifier.0.weight,0,3495,0.6600303053855896,0.9617749541516412
classifier.0.weight,0,3496,0.6598252058029175,0.9618517619267228
classifier.0.weight,0,3497,0.659784734249115,0.9619285602798101
classifier.0.weight,0,3498,0.6595683693885803,0.9620053082718036
classifier.0.weight,0,3499,0.6593780517578125,0.9620820119791125
classifier.0.weight,0,3500,0.6592335104942322,0.9621586820619003
classifier.0.weight,0,3501,0.6589650511741638,0.9622352897127666
classifier.0.weight,0,3502,0.6588554382324219,0.9623118718797578
classifier.0.weight,0,3503,0.6587409377098083,0.9623884274310889
classifier.0.weight,0,3504,0.658570408821106,0.9624649433515344
classifier.0.weight,0,3505,0.6583088636398315,0.9625413985088599
classifier.0.weight,0,3506,0.6580164432525635,0.9626177857586045
classifier.0.weight,0,3507,0.6577860713005066,0.9626941195312678
classifier.0.weight,0,3508,0.6577255129814148,0.962770439249416
classifier.0.weight,0,3509,0.6574319005012512,0.962846690843644
classifier.0.weight,0,3510,0.6573042273521423,0.9629229128246579
classifier.0.weight,0,3511,0.6572312712669373,0.9629991178864173
classifier.0.weight,0,3512,0.6571595668792725,0.9630753063210337
classifier.0.weight,0,3513,0.656792163848877,0.9631514095890074
classifier.0.weight,0,3514,0.6566786170005798,0.9632274865456464
classifier.0.weight,0,3515,0.6565932035446167,0.9633035437130825
classifier.0.weight,0,3516,0.6561963558197021,0.9633795089697517
classifier.0.weight,0,3517,0.6561025977134705,0.9634554525199615
classifier.0.weight,0,3518,0.6559877395629883,0.9635313694829507
classifier.0.weight,0,3519,0.6558952331542969,0.9636072650360568
classifier.0.weight,0,3520,0.6554453372955322,0.9636830565073436
classifier.0.weight,0,3521,0.6552505493164062,0.9637588029372732
classifier.0.weight,0,3522,0.6550284624099731,0.9638344980297733
classifier.0.weight,0,3523,0.6549537777900696,0.9639101758621472
classifier.0.weight,0,3524,0.6547337174415588,0.9639858028485134
classifier.0.weight,0,3525,0.6544955968856812,0.9640613748352216
classifier.0.weight,0,3526,0.6543402671813965,0.9641369109555878
classifier.0.weight,0,3527,0.6541702747344971,0.9642124078336742
classifier.0.weight,0,3528,0.6538811326026917,0.9642878379875304
classifier.0.weight,0,3529,0.6537061929702759,0.9643632277855555
classifier.0.weight,0,3530,0.6535899639129639,0.9644385907773297
classifier.0.weight,0,3531,0.6534841656684875,0.9645139293726862
classifier.0.weight,0,3532,0.6532914638519287,0.964589223542349
classifier.0.weight,0,3533,0.6531214118003845,0.9646644785189034
classifier.0.weight,0,3534,0.6530201435089111,0.9647397101602803
classifier.0.weight,0,3535,0.6527965068817139,0.964814890282053
classifier.0.weight,0,3536,0.6525068879127502,0.9648900037099659
classifier.0.weight,0,3537,0.6523619890213013,0.964965083781468
classifier.0.weight,0,3538,0.6520925760269165,0.9650401018525148
classifier.0.weight,0,3539,0.6520379185676575,0.9651151073482757
classifier.0.weight,0,3540,0.6519349813461304,0.9651900891636717
classifier.0.weight,0,3541,0.651609480381012,0.9652649961232584
classifier.0.weight,0,3542,0.6513249278068542,0.9653398376746067
classifier.0.weight,0,3543,0.6511315107345581,0.9654146347827477
classifier.0.weight,0,3544,0.6509902477264404,0.9654893994399378
classifier.0.weight,0,3545,0.650970458984375,0.9655641595518185
classifier.0.weight,0,3546,0.650663435459137,0.9656388491606527
classifier.0.weight,0,3547,0.6504831910133362,0.9657134973947243
classifier.0.weight,0,3548,0.650090217590332,0.9657880554622507
classifier.0.weight,0,3549,0.6500564217567444,0.965862605777971
classifier.0.weight,0,3550,0.6497684717178345,0.9659370900624636
classifier.0.weight,0,3551,0.6496356129646301,0.966011543890331
classifier.0.weight,0,3552,0.6493611931800842,0.9660859348297494
classifier.0.weight,0,3553,0.6493303775787354,0.9661603187088532
classifier.0.weight,0,3554,0.6489541530609131,0.9662346164163171
classifier.0.weight,0,3555,0.6488769054412842,0.9663088964369247
classifier.0.weight,0,3556,0.6486877799034119,0.9663831331636457
classifier.0.weight,0,3557,0.6486412286758423,0.9664573592359754
classifier.0.weight,0,3558,0.6485418081283569,0.9665315625560319
classifier.0.weight,0,3559,0.6483727097511292,0.966605727186138
classifier.0.weight,0,3560,0.6483312845230103,0.9666798823396312
classifier.0.weight,0,3561,0.6479780673980713,0.9667539567142521
classifier.0.weight,0,3562,0.6475442051887512,0.9668279319271443
classifier.0.weight,0,3563,0.6473665833473206,0.9669018665626945
classifier.0.weight,0,3564,0.647119402885437,0.9669757447489039
classifier.0.weight,0,3565,0.647055447101593,0.9670496083328504
classifier.0.weight,0,3566,0.6467366814613342,0.9671233991583552
classifier.0.weight,0,3567,0.6466423273086548,0.9671971684543471
classifier.0.weight,0,3568,0.6465051770210266,0.9672709064613039
classifier.0.weight,0,3569,0.6464322209358215,0.9673446278269933
classifier.0.weight,0,3570,0.6460137367248535,0.9674182537728058
classifier.0.weight,0,3571,0.6459360718727112,0.9674918620168138
classifier.0.weight,0,3572,0.6458410620689392,0.9675654486085539
classifier.0.weight,0,3573,0.6456703543663025,0.9676389963048485
classifier.0.weight,0,3574,0.6454595327377319,0.9677124959800016
classifier.0.weight,0,3575,0.645208477973938,0.9677859384901304
classifier.0.weight,0,3576,0.645002543926239,0.9678593341257983
classifier.0.weight,0,3577,0.6446629762649536,0.9679326525021619
classifier.0.weight,0,3578,0.6445632576942444,0.9680059481980287
classifier.0.weight,0,3579,0.6444302797317505,0.9680792136541735
classifier.0.weight,0,3580,0.6443377733230591,0.9681524580776697
classifier.0.weight,0,3581,0.6441878080368042,0.968225668410839
classifier.0.weight,0,3582,0.6440861821174622,0.9682988556467672
classifier.0.weight,0,3583,0.6438621282577515,0.9683719919732643
classifier.0.weight,0,3584,0.6435568332672119,0.9684450589592626
classifier.0.weight,0,3585,0.6435087323188782,0.968518115023273
classifier.0.weight,0,3586,0.6432324647903442,0.9685911083727163
classifier.0.weight,0,3587,0.643060564994812,0.9686640627133537
classifier.0.weight,0,3588,0.6428757905960083,0.9687369751352091
classifier.0.weight,0,3589,0.6427431702613831,0.9688098574776229
classifier.0.weight,0,3590,0.6425746083259583,0.968882701597685
classifier.0.weight,0,3591,0.6422809958457947,0.9689554791634323
classifier.0.weight,0,3592,0.6420605778694153,0.9690282067861444
classifier.0.weight,0,3593,0.6419485211372375,0.9691009090252437
classifier.0.weight,0,3594,0.6417990326881409,0.9691735774084208
classifier.0.weight,0,3595,0.6416298747062683,0.9692462074904585
classifier.0.weight,0,3596,0.6413458585739136,0.9693187732876172
classifier.0.weight,0,3597,0.6411645412445068,0.9693912980598701
classifier.0.weight,0,3598,0.6410391926765442,0.9694637944775053
classifier.0.weight,0,3599,0.6408606171607971,0.9695362505098347
classifier.0.weight,0,3600,0.6407585740089417,0.9696086834698983
classifier.0.weight,0,3601,0.640697717666626,0.9696811026719073
classifier.0.weight,0,3602,0.6403220295906067,0.9697534369694343
classifier.0.weight,0,3603,0.6401289105415344,0.9698257276419614
classifier.0.weight,0,3604,0.6399207711219788,0.9698979713111672
classifier.0.weight,0,3605,0.6398820281028748,0.9699702062328741
classifier.0.weight,0,3606,0.6395612359046936,0.9700423687456375
classifier.0.weight,0,3607,0.6394194960594177,0.970114499276569
classifier.0.weight,0,3608,0.6392543315887451,0.9701865925491361
classifier.0.weight,0,3609,0.639060914516449,0.9702586422022561
classifier.0.weight,0,3610,0.6389234066009521,0.9703306608525984
classifier.0.weight,0,3611,0.6387165784835815,0.9704026328836722
classifier.0.weight,0,3612,0.6383126378059387,0.9704745139096307
classifier.0.weight,0,3613,0.6382545232772827,0.9705463818475145
classifier.0.weight,0,3614,0.6379098296165466,0.97061817218083
classifier.0.weight,0,3615,0.6377394795417786,0.9706899241768912
classifier.0.weight,0,3616,0.6375632286071777,0.9707616365184875
classifier.0.weight,0,3617,0.6374513506889343,0.9708333236945058
classifier.0.weight,0,3618,0.6373471021652222,0.9709049874250607
classifier.0.weight,0,3619,0.636966347694397,0.9709765655566218
classifier.0.weight,0,3620,0.636798620223999,0.9710481059969036
classifier.0.weight,0,3621,0.6364896893501282,0.9711195770410244
classifier.0.weight,0,3622,0.6363126635551453,0.9711910083344338
classifier.0.weight,0,3623,0.6361138820648193,0.9712623950051229
classifier.0.weight,0,3624,0.6360493898391724,0.971333767201511
classifier.0.weight,0,3625,0.6358199715614319,0.9714050879203452
classifier.0.weight,0,3626,0.6357045769691467,0.9714763827536179
classifier.0.weight,0,3627,0.6354188323020935,0.9715476135082587
classifier.0.weight,0,3628,0.635260820388794,0.9716188088408825
classifier.0.weight,0,3629,0.6350240111351013,0.9716899511037413
classifier.0.weight,0,3630,0.6347416043281555,0.9717610301041361
classifier.0.weight,0,3631,0.6344608068466187,0.9718320462304748
classifier.0.weight,0,3632,0.634286105632782,0.971903023253073
classifier.0.weight,0,3633,0.6340360045433044,0.9719739443137614
classifier.0.weight,0,3634,0.6339039206504822,0.9720448358286384
classifier.0.weight,0,3635,0.6338307857513428,0.9721157109866371
classifier.0.weight,0,3636,0.6336473822593689,0.9721865451340975
classifier.0.weight,0,3637,0.6335214376449585,0.9722573511261735
classifier.0.weight,0,3638,0.6333034634590149,0.9723281084025395
classifier.0.weight,0,3639,0.6331073641777039,0.9723988218664092
classifier.0.weight,0,3640,0.6329367756843567,0.9724694972284378
classifier.0.weight,0,3641,0.6327065229415894,0.9725401211785826
classifier.0.weight,0,3642,0.6325494050979614,0.9726107100574752
classifier.0.weight,0,3643,0.6325008273124695,0.9726812880947806
classifier.0.weight,0,3644,0.6321750283241272,0.9727517934418065
classifier.0.weight,0,3645,0.6320445537567139,0.9728222696886467
classifier.0.weight,0,3646,0.6318948268890381,0.9728927125487967
classifier.0.weight,0,3647,0.631588339805603,0.9729630870919105
classifier.0.weight,0,3648,0.6315521597862244,0.9730334535725593
classifier.0.weight,0,3649,0.6313210129737854,0.9731037685546551
classifier.0.weight,0,3650,0.631056547164917,0.9731740246379871
classifier.0.weight,0,3651,0.630957305431366,0.9732442586257167
classifier.0.weight,0,3652,0.6306005120277405,0.9733144132041482
classifier.0.weight,0,3653,0.6304535865783691,0.9733845350953492
classifier.0.weight,0,3654,0.6303109526634216,0.9734546252613647
classifier.0.weight,0,3655,0.6301023364067078,0.9735246690390753
classifier.0.weight,0,3656,0.6300779581069946,0.9735947073969832
classifier.0.weight,0,3657,0.6298857927322388,0.9736647030398756
classifier.0.weight,0,3658,0.6297158002853394,0.9737346609072692
classifier.0.weight,0,3659,0.6292505860328674,0.9738045154474945
classifier.0.weight,0,3660,0.6291694045066833,0.9738743519645905
classifier.0.weight,0,3661,0.6289485692977905,0.973944139465777
classifier.0.weight,0,3662,0.6288676261901855,0.9740139090053875
classifier.0.weight,0,3663,0.6285216808319092,0.9740836018044934
classifier.0.weight,0,3664,0.6283313035964966,0.9741532523905351
classifier.0.weight,0,3665,0.6280977129936218,0.9742228511991209
classifier.0.weight,0,3666,0.6278839707374573,0.9742924026466836
classifier.0.weight,0,3667,0.6275820732116699,0.9743618872272359
classifier.0.weight,0,3668,0.6273006200790405,0.9744313094979539
classifier.0.weight,0,3669,0.6272837519645691,0.9745007280351919
classifier.0.weight,0,3670,0.6271148920059204,0.9745701092035886
classifier.0.weight,0,3671,0.626948893070221,0.9746394536460967
classifier.0.weight,0,3672,0.626858651638031,0.9747087781275153
classifier.0.weight,0,3673,0.626587450504303,0.9747780426374845
classifier.0.weight,0,3674,0.6264256238937378,0.9748472713746547
classifier.0.weight,0,3675,0.626343309879303,0.974916481919335
classifier.0.weight,0,3676,0.6258777379989624,0.9749855896114515
classifier.0.weight,0,3677,0.6257326602935791,0.9750546652691218
classifier.0.weight,0,3678,0.6255190968513489,0.975123693783599
classifier.0.weight,0,3679,0.6253790855407715,0.9751926913999273
classifier.0.weight,0,3680,0.6252020597457886,0.9752616499595316
classifier.0.weight,0,3681,0.6251591444015503,0.9753305990525044
classifier.0.weight,0,3682,0.6247782111167908,0.9753994641444591
classifier.0.weight,0,3683,0.6246768832206726,0.9754683069008429
classifier.0.weight,0,3684,0.6244567632675171,0.9755371011489663
classifier.0.weight,0,3685,0.6243714094161987,0.9756058765920961
classifier.0.weight,0,3686,0.6242347955703735,0.9756746219420802
classifier.0.weight,0,3687,0.6240758299827576,0.9757433322835913
classifier.0.weight,0,3688,0.6238170862197876,0.9758119856618747
classifier.0.weight,0,3689,0.6237078905105591,0.9758806150074779
classifier.0.weight,0,3690,0.6232603192329407,0.975949145891916
classifier.0.weight,0,3691,0.6230629682540894,0.9760176333835838
classifier.0.weight,0,3692,0.6228832602500916,0.9760860813737051
classifier.0.weight,0,3693,0.6228007078170776,0.9761545112218275
classifier.0.weight,0,3694,0.6226397156715393,0.9762229056966948
classifier.0.weight,0,3695,0.622428297996521,0.9762912537326806
classifier.0.weight,0,3696,0.622330904006958,0.9763595803809271
classifier.0.weight,0,3697,0.6218920350074768,0.9764278106949748
classifier.0.weight,0,3698,0.6217769384384155,0.9764960157559306
classifier.0.weight,0,3699,0.6215189695358276,0.9765641642334602
classifier.0.weight,0,3700,0.6214044094085693,0.9766322875906663
classifier.0.weight,0,3701,0.6212080717086792,0.9767003679064327
classifier.0.weight,0,3702,0.6209938526153564,0.9767684012762897
classifier.0.weight,0,3703,0.6207082867622375,0.9768363720898422
classifier.0.weight,0,3704,0.6204368472099304,0.9769042834682833
classifier.0.weight,0,3705,0.6202544569969177,0.9769721549246914
classifier.0.weight,0,3706,0.6200353503227234,0.9770399784379938
classifier.0.weight,0,3707,0.6199063658714294,0.9771077737359092
classifier.0.weight,0,3708,0.61977219581604,0.9771755396903139
classifier.0.weight,0,3709,0.6195541024208069,0.9772432579604022
classifier.0.weight,0,3710,0.619170069694519,0.9773108923057072
classifier.0.weight,0,3711,0.6190148591995239,0.9773784927467749
classifier.0.weight,0,3712,0.6189001202583313,0.9774460681296909
classifier.0.weight,0,3713,0.6187117099761963,0.9775136023752453
classifier.0.weight,0,3714,0.618438184261322,0.9775810769216884
classifier.0.weight,0,3715,0.6183661818504333,0.9776485357574355
classifier.0.weight,0,3716,0.6181603670120239,0.9777159496951295
classifier.0.weight,0,3717,0.6179572343826294,0.9777833193345438
classifier.0.weight,0,3718,0.6176670789718628,0.9778506257233797
classifier.0.weight,0,3719,0.6174650192260742,0.9779178880830363
classifier.0.weight,0,3720,0.6172628402709961,0.977985106401956
classifier.0.weight,0,3721,0.6171117424964905,0.9780522918165936
classifier.0.weight,0,3722,0.6171054244041443,0.9781194758555276
classifier.0.weight,0,3723,0.6169784665107727,0.9781866322535874
classifier.0.weight,0,3724,0.6169134378433228,0.9782537744960124
classifier.0.weight,0,3725,0.6165741682052612,0.9783208429094067
classifier.0.weight,0,3726,0.6163075566291809,0.97838785333351
classifier.0.weight,0,3727,0.616180956363678,0.9784548362302333
classifier.0.weight,0,3728,0.6160551905632019,0.9785217917866184
classifier.0.weight,0,3729,0.61570143699646,0.9785886704701298
classifier.0.weight,0,3730,0.615666925907135,0.9786555416565283
classifier.0.weight,0,3731,0.6154355406761169,0.9787223625881655
classifier.0.weight,0,3732,0.6153371334075928,0.9787891621523668
classifier.0.weight,0,3733,0.614874005317688,0.9788558612021974
classifier.0.weight,0,3734,0.6147172451019287,0.9789225262469323
classifier.0.weight,0,3735,0.6145358681678772,0.9789891519574282
classifier.0.weight,0,3736,0.6143273711204529,0.9790557324666327
classifier.0.weight,0,3737,0.6143115758895874,0.9791223095521218
classifier.0.weight,0,3738,0.6139845848083496,0.9791888157800199
classifier.0.weight,0,3739,0.6138319373130798,0.9792552889427651
classifier.0.weight,0,3740,0.6136608719825745,0.9793217250606179
classifier.0.weight,0,3741,0.6135494112968445,0.9793881370467616
classifier.0.weight,0,3742,0.6131935715675354,0.9794544720214381
classifier.0.weight,0,3743,0.6131037473678589,0.9795207875632638
classifier.0.weight,0,3744,0.6126689314842224,0.9795870090758942
classifier.0.weight,0,3745,0.6125159859657288,0.979653197529824
classifier.0.weight,0,3746,0.6123875379562378,0.9797193582264907
classifier.0.weight,0,3747,0.6123255491256714,0.9797855055296235
classifier.0.weight,0,3748,0.6121773719787598,0.9798516208225527
classifier.0.weight,0,3749,0.6118926405906677,0.9799176746276775
classifier.0.weight,0,3750,0.6117233037948608,0.9799836918780501
classifier.0.weight,0,3751,0.6116065382957458,0.9800496839281355
classifier.0.weight,0,3752,0.6113854050636292,0.9801156282665099
classifier.0.weight,0,3753,0.6112407445907593,0.9801815414022728
classifier.0.weight,0,3754,0.6110580563545227,0.9802474151435576
classifier.0.weight,0,3755,0.6108273267745972,0.9803132391476662
classifier.0.weight,0,3756,0.6106075644493103,0.9803790157962183
classifier.0.weight,0,3757,0.6104550361633301,0.9804447595871808
classifier.0.weight,0,3758,0.6101298928260803,0.9805104333632804
classifier.0.weight,0,3759,0.6100490093231201,0.9805760897280941
classifier.0.weight,0,3760,0.609816312789917,0.9806416960146538
classifier.0.weight,0,3761,0.6095387935638428,0.9807072426017183
classifier.0.weight,0,3762,0.6094169616699219,0.9807727629890827
classifier.0.weight,0,3763,0.6092280149459839,0.9808382427541995
classifier.0.weight,0,3764,0.6092012524604797,0.9809037167665842
classifier.0.weight,0,3765,0.6089699268341064,0.9809691410648841
classifier.0.weight,0,3766,0.6087835431098938,0.9810345253212781
classifier.0.weight,0,3767,0.6086362600326538,0.9810998779446566
classifier.0.weight,0,3768,0.6083793640136719,0.9811651754110005
classifier.0.weight,0,3769,0.6080530881881714,0.9812304028576396
classifier.0.weight,0,3770,0.6078192591667175,0.9812955801470219
classifier.0.weight,0,3771,0.6076181530952454,0.9813607143137819
classifier.0.weight,0,3772,0.6073760986328125,0.9814257965963928
classifier.0.weight,0,3773,0.6073220372200012,0.9814908672938143
classifier.0.weight,0,3774,0.6071089506149292,0.9815558923374947
classifier.0.weight,0,3775,0.6069397330284119,0.9816208811377711
classifier.0.weight,0,3776,0.6064801812171936,0.9816857715611821
classifier.0.weight,0,3777,0.6064093112945557,0.9817506468200063
classifier.0.weight,0,3778,0.6062279343605042,0.9818154832762741
classifier.0.weight,0,3779,0.6060459017753601,0.9818802808013903
classifier.0.weight,0,3780,0.6056645512580872,0.9819449968053043
classifier.0.weight,0,3781,0.6054993867874146,0.9820096775179764
classifier.0.weight,0,3782,0.6054369211196899,0.9820743448859099
classifier.0.weight,0,3783,0.605276882648468,0.9821389780705998
classifier.0.weight,0,3784,0.6051849722862244,0.982203591627881
classifier.0.weight,0,3785,0.6048694849014282,0.9822681378356747
classifier.0.weight,0,3786,0.6045886278152466,0.9823326241163219
classifier.0.weight,0,3787,0.6045082807540894,0.9823970932582451
classifier.0.weight,0,3788,0.6041367053985596,0.9824614831695513
classifier.0.weight,0,3789,0.6039698123931885,0.982525837510294
classifier.0.weight,0,3790,0.6037266850471497,0.9825901400499348
classifier.0.weight,0,3791,0.6034157872200012,0.9826543763795741
classifier.0.weight,0,3792,0.6032707095146179,0.9827185818245757
classifier.0.weight,0,3793,0.6029553413391113,0.9827827201585401
classifier.0.weight,0,3794,0.6028054356575012,0.9828468266045525
classifier.0.weight,0,3795,0.6026002168655396,0.9829108894092596
classifier.0.weight,0,3796,0.6022923588752747,0.9829748867735376
classifier.0.weight,0,3797,0.6020966172218323,0.9830388425470029
classifier.0.weight,0,3798,0.6017551422119141,0.9831027257968741
classifier.0.weight,0,3799,0.6015933752059937,0.9831665747044944
classifier.0.weight,0,3800,0.6015225648880005,0.9832304085823769
classifier.0.weight,0,3801,0.6014111042022705,0.9832942188059228
classifier.0.weight,0,3802,0.601174533367157,0.9833579788386133
classifier.0.weight,0,3803,0.6010521054267883,0.9834217129047527
classifier.0.weight,0,3804,0.6006078124046326,0.9834853527822688
classifier.0.weight,0,3805,0.6005444526672363,0.9835489792334086
classifier.0.weight,0,3806,0.6002693772315979,0.9836125474105427
classifier.0.weight,0,3807,0.5999776721000671,0.9836760538198821
classifier.0.weight,0,3808,0.5997154116630554,0.9837395047218941
classifier.0.weight,0,3809,0.5995683670043945,0.9838029245125748
classifier.0.weight,0,3810,0.599469780921936,0.9838663234489377
classifier.0.weight,0,3811,0.599238395690918,0.9839296734529042
classifier.0.weight,0,3812,0.5991427302360535,0.9839930032314539
classifier.0.weight,0,3813,0.598726749420166,0.9840562451016424
classifier.0.weight,0,3814,0.5985800623893738,0.9841194559873265
classifier.0.weight,0,3815,0.5984379053115845,0.9841826368526064
classifier.0.weight,0,3816,0.598188042640686,0.9842457649697434
classifier.0.weight,0,3817,0.5979732871055603,0.9843088477677564
classifier.0.weight,0,3818,0.5976239442825317,0.9843718568799178
classifier.0.weight,0,3819,0.5974586009979248,0.984434831131721
classifier.0.weight,0,3820,0.5974341630935669,0.9844978002319462
classifier.0.weight,0,3821,0.5974196791648865,0.9845607662790187
classifier.0.weight,0,3822,0.5972238779067993,0.984623691059252
classifier.0.weight,0,3823,0.5969541668891907,0.9846865590176639
classifier.0.weight,0,3824,0.5967890024185181,0.9847493921924452
classifier.0.weight,0,3825,0.5965109467506409,0.9848121668304564
classifier.0.weight,0,3826,0.5961950421333313,0.9848748749967724
classifier.0.weight,0,3827,0.5960153341293335,0.9849375453651859
classifier.0.weight,0,3828,0.595926821231842,0.9850001971209106
classifier.0.weight,0,3829,0.5957822799682617,0.9850628184881198
classifier.0.weight,0,3830,0.5955798625946045,0.9851253973112661
classifier.0.weight,0,3831,0.5954236388206482,0.9851879433092001
classifier.0.weight,0,3832,0.5951352715492249,0.9852504287389938
classifier.0.weight,0,3833,0.5947646498680115,0.9853128363671677
classifier.0.weight,0,3834,0.594651997089386,0.9853752203566573
classifier.0.weight,0,3835,0.5942487120628357,0.9854375197588658
classifier.0.weight,0,3836,0.5942319631576538,0.9854998156493056
classifier.0.weight,0,3837,0.5936481952667236,0.9855619892020729
classifier.0.weight,0,3838,0.5935077667236328,0.985624133343789
classifier.0.weight,0,3839,0.5932924747467041,0.9856862324087282
classifier.0.weight,0,3840,0.5930138826370239,0.9857482731676941
classifier.0.weight,0,3841,0.5928280353546143,0.9858102750462896
classifier.0.weight,0,3842,0.5925818681716919,0.98587222544399
classifier.0.weight,0,3843,0.5923757553100586,0.9859341327537939
classifier.0.weight,0,3844,0.5921241641044617,0.9859959874887684
classifier.0.weight,0,3845,0.5919029712677002,0.9860577960196875
classifier.0.weight,0,3846,0.5915645956993103,0.98611953390214
classifier.0.weight,0,3847,0.5915213227272034,0.9861812627526662
classifier.0.weight,0,3848,0.5913283824920654,0.9862429513407838
classifier.0.weight,0,3849,0.5910627841949463,0.9863045845258297
classifier.0.weight,0,3850,0.5909472107887268,0.9863661936103539
classifier.0.weight,0,3851,0.5906044840812683,0.9864277312537905
classifier.0.weight,0,3852,0.5904557704925537,0.9864892379109008
classifier.0.weight,0,3853,0.590036153793335,0.9865506571777243
classifier.0.weight,0,3854,0.5899835824966431,0.9866120655003146
classifier.0.weight,0,3855,0.5898054242134094,0.9866734367413662
classifier.0.weight,0,3856,0.5893637537956238,0.9867347161022432
classifier.0.weight,0,3857,0.5892890095710754,0.9867959799209771
classifier.0.weight,0,3858,0.589207112789154,0.9868572267125449
classifier.0.weight,0,3859,0.5890493988990784,0.9869184407204726
classifier.0.weight,0,3860,0.5887947082519531,0.9869796018049449
classifier.0.weight,0,3861,0.5885802507400513,0.9870407183439582
classifier.0.weight,0,3862,0.5884308218955994,0.9871018038543581
classifier.0.weight,0,3863,0.588188111782074,0.9871628389832587
classifier.0.weight,0,3864,0.588058352470398,0.9872238471853902
classifier.0.weight,0,3865,0.5878568291664124,0.9872848135805558
classifier.0.weight,0,3866,0.5875630378723145,0.9873457190529947
classifier.0.weight,0,3867,0.5872842073440552,0.9874065667332499
classifier.0.weight,0,3868,0.5868263840675354,0.987467319581648
classifier.0.weight,0,3869,0.5866712331771851,0.98752804030943
classifier.0.weight,0,3870,0.5865762233734131,0.9875887413716925
classifier.0.weight,0,3871,0.5863872766494751,0.9876494033344512
classifier.0.weight,0,3872,0.585961639881134,0.9877099772646352
classifier.0.weight,0,3873,0.5858884453773499,0.9877705360627641
classifier.0.weight,0,3874,0.5858147740364075,0.9878310796321668
classifier.0.weight,0,3875,0.5856812000274658,0.9878915955951464
classifier.0.weight,0,3876,0.5853889584541321,0.9879520511810199
classifier.0.weight,0,3877,0.5851340293884277,0.9880124541231597
classifier.0.weight,0,3878,0.5845659971237183,0.9880727398471436
classifier.0.weight,0,3879,0.5844221115112305,0.9881329958972126
classifier.0.weight,0,3880,0.584270179271698,0.9881932206218186
classifier.0.weight,0,3881,0.5841154456138611,0.988253413451735
classifier.0.weight,0,3882,0.5840164422988892,0.9883135858788878
classifier.0.weight,0,3883,0.5839203596115112,0.9883737385084718
classifier.0.weight,0,3884,0.583525538444519,0.9884338098204517
classifier.0.weight,0,3885,0.5832668542861938,0.9884938278835118
classifier.0.weight,0,3886,0.5830497145652771,0.9885538012676072
classifier.0.weight,0,3887,0.5829950571060181,0.9886137634079301
classifier.0.weight,0,3888,0.5826168656349182,0.988673647778075
classifier.0.weight,0,3889,0.5822874307632446,0.9887334644453315
classifier.0.weight,0,3890,0.5820658206939697,0.9887932355905571
classifier.0.weight,0,3891,0.5818268060684204,0.9888529576580178
classifier.0.weight,0,3892,0.5816732048988342,0.9889126481966165
classifier.0.weight,0,3893,0.581206202507019,0.9889722429273494
classifier.0.weight,0,3894,0.5810874104499817,0.989031813299577
classifier.0.weight,0,3895,0.5808292627334595,0.9890913307553606
classifier.0.weight,0,3896,0.580753743648529,0.9891508327352999
classifier.0.weight,0,3897,0.580430269241333,0.9892102684496058
classifier.0.weight,0,3898,0.5802388787269592,0.9892696649738242
classifier.0.weight,0,3899,0.579940676689148,0.9893290004624457
classifier.0.weight,0,3900,0.579822838306427,0.9893883118407126
classifier.0.weight,0,3901,0.5796516537666321,0.9894475882024487
classifier.0.weight,0,3902,0.5790685415267944,0.9895067453636742
classifier.0.weight,0,3903,0.5789896845817566,0.9895658864140767
classifier.0.weight,0,3904,0.5788634419441223,0.9896250016771175
classifier.0.weight,0,3905,0.5785364508628845,0.9896840501724106
classifier.0.weight,0,3906,0.5784414410591125,0.9897430792748884
classifier.0.weight,0,3907,0.5782731175422668,0.9898020740280274
classifier.0.weight,0,3908,0.5781068205833435,0.9898610348551993
classifier.0.weight,0,3909,0.5778661370277405,0.9899199465981986
classifier.0.weight,0,3910,0.5777878165245056,0.9899788423731929
classifier.0.weight,0,3911,0.5773922204971313,0.9900376575270393
classifier.0.weight,0,3912,0.5771535038948059,0.9900964240579537
classifier.0.weight,0,3913,0.5771381855010986,0.9901551874694315
classifier.0.weight,0,3914,0.5765661001205444,0.9902138344407645
classifier.0.weight,0,3915,0.5764012932777405,0.9902724478893469
classifier.0.weight,0,3916,0.5763397812843323,0.990331048828458
classifier.0.weight,0,3917,0.5760825276374817,0.9903895974652944
classifier.0.weight,0,3918,0.5760559439659119,0.9904481406987319
classifier.0.weight,0,3919,0.5758364200592041,0.9905066393212574
classifier.0.weight,0,3920,0.575546145439148,0.9905650789812548
classifier.0.weight,0,3921,0.5752648711204529,0.9906234615352875
classifier.0.weight,0,3922,0.5750905871391296,0.9906818087191694
classifier.0.weight,0,3923,0.5746835470199585,0.9907400733378332
classifier.0.weight,0,3924,0.5746031999588013,0.9907983216655708
classifier.0.weight,0,3925,0.5739920735359192,0.9908564461577214
classifier.0.weight,0,3926,0.5738195180892944,0.9909145357079604
classifier.0.weight,0,3927,0.5737575888633728,0.9909726127202965
classifier.0.weight,0,3928,0.5734025239944458,0.9910306178739708
classifier.0.weight,0,3929,0.5731127858161926,0.9910885644228755
classifier.0.weight,0,3930,0.5729504823684692,0.9911464781559255
classifier.0.weight,0,3931,0.5728701949119568,0.991204375659229
classifier.0.weight,0,3932,0.5726304054260254,0.991262224703712
classifier.0.weight,0,3933,0.5724964737892151,0.9913200466909129
classifier.0.weight,0,3934,0.5721203684806824,0.9913777927300029
classifier.0.weight,0,3935,0.5720100998878479,0.991435516511676
classifier.0.weight,0,3936,0.5715252161026001,0.99149314247178
classifier.0.weight,0,3937,0.5712330937385559,0.991550709538491
classifier.0.weight,0,3938,0.5708993077278137,0.9916082093490579
classifier.0.weight,0,3939,0.5706506371498108,0.9916656590793503
classifier.0.weight,0,3940,0.570277988910675,0.9917230338021011
classifier.0.weight,0,3941,0.5702376365661621,0.9917804004055741
classifier.0.weight,0,3942,0.5697417259216309,0.9918376672739992
classifier.0.weight,0,3943,0.5695884227752686,0.9918949033284272
classifier.0.weight,0,3944,0.5693593621253967,0.9919520933570193
classifier.0.weight,0,3945,0.5692352056503296,0.9920092584462195
classifier.0.weight,0,3946,0.5690990686416626,0.9920663961957413
classifier.0.weight,0,3947,0.5686379671096802,0.992123441393256
classifier.0.weight,0,3948,0.5683305263519287,0.9921804249231414
classifier.0.weight,0,3949,0.5681243538856506,0.9922373671168558
classifier.0.weight,0,3950,0.567818284034729,0.9922942479733154
classifier.0.weight,0,3951,0.5676185488700867,0.9923510888201124
classifier.0.weight,0,3952,0.5671162009239197,0.9924078291020229
classifier.0.weight,0,3953,0.5669692158699036,0.992464539975877
classifier.0.weight,0,3954,0.5669028162956238,0.992521237567326
classifier.0.weight,0,3955,0.5665121078491211,0.9925778570339411
classifier.0.weight,0,3956,0.5662660002708435,0.9926344273173069
classifier.0.weight,0,3957,0.5659938454627991,0.9926909432369113
classifier.0.weight,0,3958,0.5658034086227417,0.9927474211317118
classifier.0.weight,0,3959,0.5655351877212524,0.9928038454921537
classifier.0.weight,0,3960,0.5652394890785217,0.9928602108633576
classifier.0.weight,0,3961,0.5651242733001709,0.9929165532583953
classifier.0.weight,0,3962,0.5649032592773438,0.9929728515922417
classifier.0.weight,0,3963,0.5647589564323425,0.9930291211672803
classifier.0.weight,0,3964,0.5641689896583557,0.9930852732414283
classifier.0.weight,0,3965,0.5640894770622253,0.9931414094888198
classifier.0.weight,0,3966,0.56400465965271,0.993197528856006
classifier.0.weight,0,3967,0.563637375831604,0.9932535751563334
classifier.0.weight,0,3968,0.5634479522705078,0.9933095837916435
classifier.0.weight,0,3969,0.5633019208908081,0.9933655633986879
classifier.0.weight,0,3970,0.5630809664726257,0.9934214990984946
classifier.0.weight,0,3971,0.5628470182418823,0.993477388327757
classifier.0.weight,0,3972,0.5623806715011597,0.9935331849813763
classifier.0.weight,0,3973,0.5621819496154785,0.9935889422095395
classifier.0.weight,0,3974,0.5621459484100342,0.9936446922967296
classifier.0.weight,0,3975,0.561608612537384,0.9937003358556964
classifier.0.weight,0,3976,0.561373233795166,0.9937559327823074
classifier.0.weight,0,3977,0.5611184239387512,0.9938114792489788
classifier.0.weight,0,3978,0.5611145496368408,0.9938670249486
classifier.0.weight,0,3979,0.5609471201896667,0.9939225375049058
classifier.0.weight,0,3980,0.5605473518371582,0.9939779709655013
classifier.0.weight,0,3981,0.5604109764099121,0.994033377456592
classifier.0.weight,0,3982,0.5598897337913513,0.9940886809275963
classifier.0.weight,0,3983,0.5597834587097168,0.994143963405813
classifier.0.weight,0,3984,0.5595589876174927,0.9941992015567813
classifier.0.weight,0,3985,0.5591912269592285,0.9942543671229336
classifier.0.weight,0,3986,0.5588353276252747,0.9943094624907728
classifier.0.weight,0,3987,0.5586471557617188,0.9943645207612702
classifier.0.weight,0,3988,0.55841463804245,0.9944195332090723
classifier.0.weight,0,3989,0.5583625435829163,0.9944745353931387
classifier.0.weight,0,3990,0.5578863620758057,0.9945294438035267
classifier.0.weight,0,3991,0.5577121376991272,0.9945843179241723
classifier.0.weight,0,3992,0.5573887228965759,0.994639128420751
classifier.0.weight,0,3993,0.5570811629295349,0.9946938784465561
classifier.0.weight,0,3994,0.5566660761833191,0.9947485469131742
classifier.0.weight,0,3995,0.5563185214996338,0.9948031471365455
classifier.0.weight,0,3996,0.5561885833740234,0.994857721857181
classifier.0.weight,0,3997,0.5560004115104675,0.9949122596562039
classifier.0.weight,0,3998,0.5555598735809326,0.9949667110651802
classifier.0.weight,0,3999,0.5553210973739624,0.9950211156784554
classifier.0.weight,0,4000,0.5549150109291077,0.99507544075253
classifier.0.weight,0,4001,0.5545547604560852,0.9951296953138931
classifier.0.weight,0,4002,0.5543004870414734,0.9951839001332621
classifier.0.weight,0,4003,0.5537418723106384,0.995237995754268
classifier.0.weight,0,4004,0.5534752607345581,0.9952920392966882
classifier.0.weight,0,4005,0.5531180500984192,0.9953460131026635
classifier.0.weight,0,4006,0.5530208945274353,0.9953999679492308
classifier.0.weight,0,4007,0.552888810634613,0.9954538970256503
classifier.0.weight,0,4008,0.5523996353149414,0.9955077307154303
classifier.0.weight,0,4009,0.5520642399787903,0.9955614990536568
classifier.0.weight,0,4010,0.5518394708633423,0.9956152236179863
classifier.0.weight,0,4011,0.551580548286438,0.9956688977791099
classifier.0.weight,0,4012,0.5514124631881714,0.9957225392325827
classifier.0.weight,0,4013,0.551259458065033,0.9957761509214815
classifier.0.weight,0,4014,0.5510488152503967,0.9958297216468763
classifier.0.weight,0,4015,0.5507059097290039,0.9958832257212542
classifier.0.weight,0,4016,0.5502049326896667,0.9959366324946213
classifier.0.weight,0,4017,0.5499602556228638,0.9959899917783847
classifier.0.weight,0,4018,0.549852728843689,0.9960433301988549
classifier.0.weight,0,4019,0.5494335293769836,0.9960965873215047
classifier.0.weight,0,4020,0.5491631627082825,0.9961497920432458
classifier.0.weight,0,4021,0.5486917495727539,0.9962029054601028
classifier.0.weight,0,4022,0.5484998822212219,0.9962559817378962
classifier.0.weight,0,4023,0.5484455227851868,0.9963090474958931
classifier.0.weight,0,4024,0.5480437874794006,0.9963620355412284
classifier.0.weight,0,4025,0.5479186177253723,0.9964149993850552
classifier.0.weight,0,4026,0.5476303696632385,0.9964679075172888
classifier.0.weight,0,4027,0.5474188327789307,0.9965207747830529
classifier.0.weight,0,4028,0.5468261241912842,0.9965735276284982
classifier.0.weight,0,4029,0.5466777682304382,0.9966262518537399
classifier.0.weight,0,4030,0.5465564727783203,0.9966789526849472
classifier.0.weight,0,4031,0.5459996461868286,0.9967315461886328
classifier.0.weight,0,4032,0.5457153916358948,0.9967840849448425
classifier.0.weight,0,4033,0.5454448461532593,0.9968365716204257
classifier.0.weight,0,4034,0.5448911786079407,0.9968889517942429
classifier.0.weight,0,4035,0.5447158813476562,0.9969412982709684
classifier.0.weight,0,4036,0.5446280837059021,0.9969936278745791
classifier.0.weight,0,4037,0.5439984202384949,0.9970458365479871
classifier.0.weight,0,4038,0.5437436699867249,0.9970979963350084
classifier.0.weight,0,4039,0.5436772704124451,0.9971501433837622
classifier.0.weight,0,4040,0.5430466532707214,0.9972021695308234
classifier.0.weight,0,4041,0.5428177714347839,0.9972541518314469
classifier.0.weight,0,4042,0.5426161289215088,0.997306095519131
classifier.0.weight,0,4043,0.5423010587692261,0.997357978902105
classifier.0.weight,0,4044,0.5421950221061707,0.9974098419974442
classifier.0.weight,0,4045,0.5416775941848755,0.9974616061519679
classifier.0.weight,0,4046,0.5412741303443909,0.99751329322305
classifier.0.weight,0,4047,0.5411971807479858,0.9975649655991141
classifier.0.weight,0,4048,0.5409685373306274,0.9976165943236096
classifier.0.weight,0,4049,0.5402892231941223,0.9976680934653315
classifier.0.weight,0,4050,0.5400164127349854,0.9977195406128367
classifier.0.weight,0,4051,0.5395453572273254,0.9977708980449489
classifier.0.weight,0,4052,0.5391256809234619,0.9978221756130998
classifier.0.weight,0,4053,0.5387508869171143,0.997873381910875
classifier.0.weight,0,4054,0.5386703014373779,0.9979245728910867
classifier.0.weight,0,4055,0.5381534695625305,0.9979756656871661
classifier.0.weight,0,4056,0.5379518866539001,0.998026720213473
classifier.0.weight,0,4057,0.5377689003944397,0.9980777400129276
classifier.0.weight,0,4058,0.5370851159095764,0.9981286301493697
classifier.0.weight,0,4059,0.5363494753837585,0.998179380973784
classifier.0.weight,0,4060,0.536138653755188,0.9982300919090249
classifier.0.weight,0,4061,0.535804271697998,0.9982807396086124
classifier.0.weight,0,4062,0.5356351733207703,0.9983313553446909
classifier.0.weight,0,4063,0.5350828170776367,0.9983818667429519
classifier.0.weight,0,4064,0.5350365042686462,0.9984323693978057
classifier.0.weight,0,4065,0.5345001816749573,0.9984827708553047
classifier.0.weight,0,4066,0.5342677235603333,0.9985331284823976
classifier.0.weight,0,4067,0.5341213345527649,0.9985834585173572
classifier.0.weight,0,4068,0.5337622761726379,0.9986337209072126
classifier.0.weight,0,4069,0.5331940650939941,0.9986838763414191
classifier.0.weight,0,4070,0.5326107740402222,0.9987339220999333
classifier.0.weight,0,4071,0.5319861173629761,0.9987838505379323
classifier.0.weight,0,4072,0.5318769812583923,0.9988337584925534
classifier.0.weight,0,4073,0.531139612197876,0.9988835281630465
classifier.0.weight,0,4074,0.5309587717056274,0.9989332639485147
classifier.0.weight,0,4075,0.5305064916610718,0.9989829150384325
classifier.0.weight,0,4076,0.5302073359489441,0.9990325101470591
classifier.0.weight,0,4077,0.5293864607810974,0.999081951806741
classifier.0.weight,0,4078,0.5291230082511902,0.9991313442687566
classifier.0.weight,0,4079,0.5287653803825378,0.9991806699857955
classifier.0.weight,0,4080,0.5276366472244263,0.9992297853405441
classifier.0.weight,0,4081,0.5272505879402161,0.9992788288484944
classifier.0.weight,0,4082,0.5268319249153137,0.999327794501429
classifier.0.weight,0,4083,0.5264109969139099,0.9993766819404986
classifier.0.weight,0,4084,0.525946319103241,0.9994254831090233
classifier.0.weight,0,4085,0.5254612565040588,0.9994741943037048
classifier.0.weight,0,4086,0.5252194404602051,0.9995228606751462
classifier.0.weight,0,4087,0.524594783782959,0.9995714113551492
classifier.0.weight,0,4088,0.523701548576355,0.999619796840007
classifier.0.weight,0,4089,0.5228548645973206,0.9996680259988105
classifier.0.weight,0,4090,0.5226520299911499,0.999716217745148
classifier.0.weight,0,4091,0.5213313698768616,0.9997641662531425
classifier.0.weight,0,4092,0.5206825137138367,0.9998119954806729
classifier.0.weight,0,4093,0.5192950963973999,0.9998595701550499
classifier.0.weight,0,4094,0.5183893442153931,0.9999069790150915
classifier.0.weight,0,4095,0.5154581665992737,0.9999538532541463
classifier.0.weight,0,4096,0.5114425420761108,1.0000000000000109
classifier.0.weight,1,1,10.358667373657227,0.018930865010241504
classifier.0.weight,1,2,7.531270980834961,0.028937757445378933
classifier.0.weight,1,3,7.217610836029053,0.03812847895930576
classifier.0.weight,1,4,6.868454933166504,0.04645149610504596
classifier.0.weight,1,5,6.5566887855529785,0.054036081123493215
classifier.0.weight,1,6,6.531557083129883,0.061562634342562164
classifier.0.weight,1,7,6.3421196937561035,0.06865892755026323
classifier.0.weight,1,8,6.257413864135742,0.07556692937241488
classifier.0.weight,1,9,6.2315568923950195,0.08241795846949437
classifier.0.weight,1,10,5.923581600189209,0.08860853980787566
classifier.0.weight,1,11,5.866603851318359,0.09468060197491582
classifier.0.weight,1,12,5.741060733795166,0.10049556510935136
classifier.0.weight,1,13,5.670853614807129,0.10616917611987128
classifier.0.weight,1,14,5.563060283660889,0.11162914560635627
classifier.0.weight,1,15,5.487744331359863,0.11694227537023942
classifier.0.weight,1,16,5.349796772003174,0.12199164602817522
classifier.0.weight,1,17,5.313172817230225,0.12697211876896988
classifier.0.weight,1,18,5.30192756652832,0.1319315316278916
classifier.0.weight,1,19,5.183282852172852,0.1366714678842864
classifier.0.weight,1,20,5.133499622344971,0.14132079124144142
classifier.0.weight,1,21,5.085200786590576,0.1458830392920196
classifier.0.weight,1,22,5.044604301452637,0.1503727348719651
classifier.0.weight,1,23,5.003152847290039,0.15478895003973736
classifier.0.weight,1,24,4.938405513763428,0.159091601637325
classifier.0.weight,1,25,4.920116901397705,0.16336244385035872
classifier.0.weight,1,26,4.900163173675537,0.167598715170297
classifier.0.weight,1,27,4.880796432495117,0.17180156693257767
classifier.0.weight,1,28,4.8267951011657715,0.1759119321310079
classifier.0.weight,1,29,4.787942886352539,0.17995639270063413
classifier.0.weight,1,30,4.740386486053467,0.18392090880192982
classifier.0.weight,1,31,4.724618434906006,0.18785909425521782
classifier.0.weight,1,32,4.675328254699707,0.1917155371023807
classifier.0.weight,1,33,4.649081230163574,0.19552880179285556
classifier.0.weight,1,34,4.643296241760254,0.19933258247298075
classifier.0.weight,1,35,4.624447345733643,0.2031055438643662
classifier.0.weight,1,36,4.589108943939209,0.206821062286445
classifier.0.weight,1,37,4.577606201171875,0.2105179779295077
classifier.0.weight,1,38,4.558189392089844,0.21418359771060008
classifier.0.weight,1,39,4.52661657333374,0.21779861269366543
classifier.0.weight,1,40,4.524935245513916,0.22141094271484957
classifier.0.weight,1,41,4.485612392425537,0.22496076138415383
classifier.0.weight,1,42,4.481933116912842,0.2285047590402774
classifier.0.weight,1,43,4.449446201324463,0.23199756615795858
classifier.0.weight,1,44,4.438613414764404,0.23547338654389272
classifier.0.weight,1,45,4.423422813415527,0.23892545651655758
classifier.0.weight,1,46,4.402652263641357,0.24234518363877147
classifier.0.weight,1,47,4.385112285614014,0.24573771694586602
classifier.0.weight,1,48,4.354135513305664,0.249082489309119
classifier.0.weight,1,49,4.345703601837158,0.25241431971566725
classifier.0.weight,1,50,4.323610305786133,0.25571235858692176
classifier.0.weight,1,51,4.307056903839111,0.2589851920163327
classifier.0.weight,1,52,4.278284549713135,0.26221444460013993
classifier.0.weight,1,53,4.272806644439697,0.26543543302352
classifier.0.weight,1,54,4.242112159729004,0.2686103105530212
classifier.0.weight,1,55,4.223949909210205,0.2717580603313505
classifier.0.weight,1,56,4.218599319458008,0.27489784048373156
classifier.0.weight,1,57,4.201674938201904,0.278012478526202
classifier.0.weight,1,58,4.186205863952637,0.28110422480480146
classifier.0.weight,1,59,4.176210403442383,0.28418122430095794
classifier.0.weight,1,60,4.1537766456604,0.28722525454952563
classifier.0.weight,1,61,4.133093357086182,0.29023904542379647
classifier.0.weight,1,62,4.124021053314209,0.2932396200382149
classifier.0.weight,1,63,4.10660982131958,0.29621491184440296
classifier.0.weight,1,64,4.104166507720947,0.29918666427935564
classifier.0.weight,1,65,4.086679458618164,0.3021331465554745
classifier.0.weight,1,66,4.075434684753418,0.30506343625077736
classifier.0.weight,1,67,4.06950044631958,0.3079851985721966
classifier.0.weight,1,68,4.0535430908203125,0.31088409214583856
classifier.0.weight,1,69,4.0425004959106445,0.3137672129970167
classifier.0.weight,1,70,4.03397798538208,0.3166381901135164
classifier.0.weight,1,71,4.026971340179443,0.31949920264995535
classifier.0.weight,1,72,4.007436275482178,0.32233252464808987
classifier.0.weight,1,73,3.9973692893981934,0.32515162948334303
classifier.0.weight,1,74,3.9843156337738037,0.32795235246027404
classifier.0.weight,1,75,3.9740614891052246,0.3307386779520713
classifier.0.weight,1,76,3.9697725772857666,0.3335189925374818
classifier.0.weight,1,77,3.968388795852661,0.33629736913925556
classifier.0.weight,1,78,3.9427173137664795,0.33903991540877876
classifier.0.weight,1,79,3.9311017990112305,0.34176632602412
classifier.0.weight,1,80,3.9135403633117676,0.34446843162750973
classifier.0.weight,1,81,3.909329891204834,0.34716472611409016
classifier.0.weight,1,82,3.901628255844116,0.3498504073127308
classifier.0.weight,1,83,3.8913087844848633,0.35252190050741566
classifier.0.weight,1,84,3.8847603797912598,0.3551844099386276
classifier.0.weight,1,85,3.8795742988586426,0.35783981531638753
classifier.0.weight,1,86,3.861140489578247,0.36047004631092394
classifier.0.weight,1,87,3.856487274169922,0.36309394153158714
classifier.0.weight,1,88,3.849404811859131,0.36570820800297416
classifier.0.weight,1,89,3.8327486515045166,0.36829989984881567
classifier.0.weight,1,90,3.8312015533447266,0.3708894998317112
classifier.0.weight,1,91,3.820458173751831,0.37346459676766625
classifier.0.weight,1,92,3.8158156871795654,0.37603343917139226
classifier.0.weight,1,93,3.8078081607818604,0.3785915114060146
classifier.0.weight,1,94,3.8027398586273193,0.3811427784372118
classifier.0.weight,1,95,3.7939610481262207,0.38368227961628704
classifier.0.weight,1,96,3.787611484527588,0.38621328770284385
classifier.0.weight,1,97,3.784827947616577,0.3887405770523032
classifier.0.weight,1,98,3.763766050338745,0.39123981682962367
classifier.0.weight,1,99,3.762666702270508,0.3937375968280287
classifier.0.weight,1,100,3.754438877105713,0.396224464976416
classifier.0.weight,1,101,3.7463457584381104,0.3987006232279601
classifier.0.weight,1,102,3.738352060317993,0.4011662258364056
classifier.0.weight,1,103,3.726267099380493,0.4036159131169979
classifier.0.weight,1,104,3.723254680633545,0.4060616412069038
classifier.0.weight,1,105,3.7120611667633057,0.40849268583199666
classifier.0.weight,1,106,3.706796884536743,0.4109168401447452
classifier.0.weight,1,107,3.7055492401123047,0.4133393628743713
classifier.0.weight,1,108,3.6911685466766357,0.4157431191784355
classifier.0.weight,1,109,3.6868832111358643,0.4181412973450225
classifier.0.weight,1,110,3.6722569465637207,0.42052048558953314
classifier.0.weight,1,111,3.6638102531433105,0.42288874150447464
classifier.0.weight,1,112,3.6612133979797363,0.42525364143880834
classifier.0.weight,1,113,3.657994508743286,0.42761438482514613
classifier.0.weight,1,114,3.650385618209839,0.4299653173951065
classifier.0.weight,1,115,3.6345555782318115,0.4322959043536562
classifier.0.weight,1,116,3.6273508071899414,0.43461726063607725
classifier.0.weight,1,117,3.6213011741638184,0.4369308803395204
classifier.0.weight,1,118,3.620163917541504,0.4392430471032347
classifier.0.weight,1,119,3.61301589012146,0.4415460921171803
classifier.0.weight,1,120,3.6063246726989746,0.44384061466360514
classifier.0.weight,1,121,3.6032679080963135,0.4461312491281524
classifier.0.weight,1,122,3.596330404281616,0.4484130715988631
classifier.0.weight,1,123,3.5917890071868896,0.45068913479950645
classifier.0.weight,1,124,3.5889766216278076,0.45296163506190695
classifier.0.weight,1,125,3.581676483154297,0.4552248999926881
classifier.0.weight,1,126,3.5768258571624756,0.4574820388437481
classifier.0.weight,1,127,3.565980911254883,0.4597255111422792
classifier.0.weight,1,128,3.561100721359253,0.4619628470764649
classifier.0.weight,1,129,3.55841064453125,0.4641968040934121
classifier.0.weight,1,130,3.547457456588745,0.466417029534995
classifier.0.weight,1,131,3.5412590503692627,0.4686295030379378
classifier.0.weight,1,132,3.529163360595703,0.470826888297399
classifier.0.weight,1,133,3.5248939990997314,0.47301896025366325
classifier.0.weight,1,134,3.5190110206604004,0.47520372126636534
classifier.0.weight,1,135,3.517822742462158,0.4773870070546102
classifier.0.weight,1,136,3.508573055267334,0.4795588265682263
classifier.0.weight,1,137,3.506453037261963,0.4817280222770351
classifier.0.weight,1,138,3.5023670196533203,0.4838921654683335
classifier.0.weight,1,139,3.4886715412139893,0.4860394166395355
classifier.0.weight,1,140,3.4871668815612793,0.48818481599670127
classifier.0.weight,1,141,3.4745922088623047,0.4903147706934573
classifier.0.weight,1,142,3.473212480545044,0.49244303415558427
classifier.0.weight,1,143,3.464198112487793,0.49456026457323793
classifier.0.weight,1,144,3.4629523754119873,0.4966759725385868
classifier.0.weight,1,145,3.454592227935791,0.49878147748741153
classifier.0.weight,1,146,3.4529495239257812,0.5008849805217638
classifier.0.weight,1,147,3.447014331817627,0.502981258449174
classifier.0.weight,1,148,3.444262981414795,0.5050741912826768
classifier.0.weight,1,149,3.4399781227111816,0.5071619199008137
classifier.0.weight,1,150,3.4372036457061768,0.5092462822073309
classifier.0.weight,1,151,3.4263687133789062,0.5113175243547017
classifier.0.weight,1,152,3.4235777854919434,0.5133853936408067
classifier.0.weight,1,153,3.4225289821624756,0.5154519961492149
classifier.0.weight,1,154,3.411816120147705,0.5175056815553187
classifier.0.weight,1,155,3.398811101913452,0.5195437404958785
classifier.0.weight,1,156,3.3966963291168213,0.5215792640259052
classifier.0.weight,1,157,3.393179416656494,0.5236105746082249
classifier.0.weight,1,158,3.384066581726074,0.525630989131784
classifier.0.weight,1,159,3.380997657775879,0.5276477407918422
classifier.0.weight,1,160,3.3782055377960205,0.5296611628503731
classifier.0.weight,1,161,3.3726329803466797,0.5316679478609208
classifier.0.weight,1,162,3.3694779872894287,0.5336709800579236
classifier.0.weight,1,163,3.3649449348449707,0.5356686264103868
classifier.0.weight,1,164,3.3619191646575928,0.5376626817969864
classifier.0.weight,1,165,3.3550918102264404,0.5396486463887179
classifier.0.weight,1,166,3.34401273727417,0.5416215166631372
classifier.0.weight,1,167,3.3432512283325195,0.543593488503602
classifier.0.weight,1,168,3.3418047428131104,0.545563754333089
classifier.0.weight,1,169,3.3344767093658447,0.5475253886926209
classifier.0.weight,1,170,3.325387477874756,0.5494763434464006
classifier.0.weight,1,171,3.319688558578491,0.5514206169898354
classifier.0.weight,1,172,3.316814422607422,0.5533615253456138
classifier.0.weight,1,173,3.311002016067505,0.5552956371416629
classifier.0.weight,1,174,3.306849956512451,0.5572249011532076
classifier.0.weight,1,175,3.299943208694458,0.5591461145880285
classifier.0.weight,1,176,3.29512357711792,0.5610617201814534
classifier.0.weight,1,177,3.2943789958953857,0.5629764601546536
classifier.0.weight,1,178,3.2841386795043945,0.5648793149932605
classifier.0.weight,1,179,3.2777082920074463,0.566774725496571
classifier.0.weight,1,180,3.275829792022705,0.5686679640504644
classifier.0.weight,1,181,3.2720890045166016,0.5705568811591868
classifier.0.weight,1,182,3.2680132389068604,0.5724410954688608
classifier.0.weight,1,183,3.263937473297119,0.5743206128410175
classifier.0.weight,1,184,3.255995512008667,0.576190994686689
classifier.0.weight,1,185,3.255188465118408,0.5780604494433813
classifier.0.weight,1,186,3.2495739459991455,0.5799234609247873
classifier.0.weight,1,187,3.248723268508911,0.5817854971309607
classifier.0.weight,1,188,3.244309425354004,0.5836424771030784
classifier.0.weight,1,189,3.240699052810669,0.5854953263600294
classifier.0.weight,1,190,3.231501817703247,0.5873376736183035
classifier.0.weight,1,191,3.2290279865264893,0.5891772011897458
classifier.0.weight,1,192,3.226881742477417,0.5910142842094329
classifier.0.weight,1,193,3.218656063079834,0.592842013309753
classifier.0.weight,1,194,3.2151713371276855,0.5946657869161742
classifier.0.weight,1,195,3.2139012813568115,0.5964881199544515
classifier.0.weight,1,196,3.2089180946350098,0.5983048062818357
classifier.0.weight,1,197,3.2073938846588135,0.6001197671966582
classifier.0.weight,1,198,3.2021286487579346,0.6019287741475982
classifier.0.weight,1,199,3.1972312927246094,0.603732251916358
classifier.0.weight,1,200,3.1912519931793213,0.6055289904476918
classifier.0.weight,1,201,3.183251142501831,0.6073167309956282
classifier.0.weight,1,202,3.1826529502868652,0.6091037997071628
classifier.0.weight,1,203,3.179386854171753,0.6108872024561284
classifier.0.weight,1,204,3.1778244972229004,0.612668852900511
classifier.0.weight,1,205,3.1736459732055664,0.614445821038065
classifier.0.weight,1,206,3.171476125717163,0.6162203601512231
classifier.0.weight,1,207,3.1668853759765625,0.6179897656492456
classifier.0.weight,1,208,3.164435863494873,0.6197564350175102
classifier.0.weight,1,209,3.160597562789917,0.621518821223743
classifier.0.weight,1,210,3.156229019165039,0.623276338894774
classifier.0.weight,1,211,3.1557748317718506,0.6250333507818898
classifier.0.weight,1,212,3.1466448307037354,0.6267802109209722
classifier.0.weight,1,213,3.144829511642456,0.6285250560923908
classifier.0.weight,1,214,3.1416890621185303,0.6302664181737504
classifier.0.weight,1,215,3.1383261680603027,0.6320040543090261
classifier.0.weight,1,216,3.135676383972168,0.633738757405137
classifier.0.weight,1,217,3.132931709289551,0.6354704250400991
classifier.0.weight,1,218,3.1226673126220703,0.6371907643679734
classifier.0.weight,1,219,3.119849443435669,0.6389080002567434
classifier.0.weight,1,220,3.115039110183716,0.6406199447948586
classifier.0.weight,1,221,3.11177134513855,0.6423282994594163
classifier.0.weight,1,222,3.11094069480896,0.6440357421958088
classifier.0.weight,1,223,3.1047403812408447,0.6457363856187972
classifier.0.weight,1,224,3.10017466545105,0.6474320309135234
classifier.0.weight,1,225,3.097456216812134,0.649124703792715
classifier.0.weight,1,226,3.096529960632324,0.6508163644772657
classifier.0.weight,1,227,3.0912790298461914,0.6525022927698827
classifier.0.weight,1,228,3.0870556831359863,0.6541836175338356
classifier.0.weight,1,229,3.080246925354004,0.6558575338738525
classifier.0.weight,1,230,3.0791852474212646,0.6575302965052137
classifier.0.weight,1,231,3.075342893600464,0.6591988870357118
classifier.0.weight,1,232,3.070327043533325,0.6608620390996619
classifier.0.weight,1,233,3.066333770751953,0.6625208677799119
classifier.0.weight,1,234,3.063178539276123,0.664176284375248
classifier.0.weight,1,235,3.0598511695861816,0.665828106539957
classifier.0.weight,1,236,3.0572593212127686,0.6674771315363552
classifier.0.weight,1,237,3.0500528812408447,0.6691183916736774
classifier.0.weight,1,238,3.0483462810516357,0.6707578156518551
classifier.0.weight,1,239,3.0460171699523926,0.6723947353595244
classifier.0.weight,1,240,3.041783332824707,0.6740271077291273
classifier.0.weight,1,241,3.039808988571167,0.6756573617236095
classifier.0.weight,1,242,3.034257411956787,0.6772816665182708
classifier.0.weight,1,243,3.0326483249664307,0.6789042490103445
classifier.0.weight,1,244,3.0276083946228027,0.6805214428739742
classifier.0.weight,1,245,3.025411367416382,0.6821362905096218
classifier.0.weight,1,246,3.022455930709839,0.6837479846905481
classifier.0.weight,1,247,3.0152366161346436,0.6853519888129761
classifier.0.weight,1,248,3.013481855392456,0.6869541265316612
classifier.0.weight,1,249,3.0096914768218994,0.6885522364249805
classifier.0.weight,1,250,3.0067594051361084,0.6901472340456024
classifier.0.weight,1,251,3.0059430599212646,0.691741365689442
classifier.0.weight,1,252,2.998793601989746,0.6933279232554352
classifier.0.weight,1,253,2.997316598892212,0.6949129183442044
classifier.0.weight,1,254,2.9928433895111084,0.6964931860549469
classifier.0.weight,1,255,2.987431287765503,0.6980677435860954
classifier.0.weight,1,256,2.9848358631134033,0.6996395664131865
classifier.0.weight,1,257,2.980987787246704,0.7012073390379346
classifier.0.weight,1,258,2.9773547649383545,0.7027712926050208
classifier.0.weight,1,259,2.971127510070801,0.7043287108725969
classifier.0.weight,1,260,2.9684410095214844,0.705883313970899
classifier.0.weight,1,261,2.9672887325286865,0.707436710384816
classifier.0.weight,1,262,2.9662508964538574,0.7089890203598682
classifier.0.weight,1,263,2.962921619415283,0.7105378477099817
classifier.0.weight,1,264,2.957853317260742,0.7120813808187638
classifier.0.weight,1,265,2.9549522399902344,0.7136218876024646
classifier.0.weight,1,266,2.9531474113464355,0.7151605131363509
classifier.0.weight,1,267,2.9498350620269775,0.7166956890577748
classifier.0.weight,1,268,2.9473907947540283,0.7182283219043818
classifier.0.weight,1,269,2.9425816535949707,0.7197559573583661
classifier.0.weight,1,270,2.9401237964630127,0.7212810418947991
classifier.0.weight,1,271,2.9380581378936768,0.7228039842103622
classifier.0.weight,1,272,2.9357542991638184,0.7243245390729142
classifier.0.weight,1,273,2.931152105331421,0.7258403303194225
classifier.0.weight,1,274,2.9256162643432617,0.7273504014564831
classifier.0.weight,1,275,2.9205617904663086,0.7288552593180224
classifier.0.weight,1,276,2.9183239936828613,0.7303578119546268
classifier.0.weight,1,277,2.914260149002075,0.7318561828149305
classifier.0.weight,1,278,2.90889310836792,0.7333490398145737
classifier.0.weight,1,279,2.9069252014160156,0.7348398776200934
classifier.0.weight,1,280,2.904658555984497,0.7363283914007289
classifier.0.weight,1,281,2.901439905166626,0.7378136081662081
classifier.0.weight,1,282,2.8984735012054443,0.7392957895417837
classifier.0.weight,1,283,2.895216464996338,0.7407746417124882
classifier.0.weight,1,284,2.892474889755249,0.7422506944621955
classifier.0.weight,1,285,2.890169620513916,0.7437243953553259
classifier.0.weight,1,286,2.8869194984436035,0.7451947836299538
classifier.0.weight,1,287,2.883350372314453,0.7466615384418984
classifier.0.weight,1,288,2.881190299987793,0.7481260964277207
classifier.0.weight,1,289,2.879077911376953,0.7495885076747406
classifier.0.weight,1,290,2.8763833045959473,0.7510481827824019
classifier.0.weight,1,291,2.8728933334350586,0.7525043179351748
classifier.0.weight,1,292,2.8719873428344727,0.7539595348243081
classifier.0.weight,1,293,2.867523670196533,0.7554102318021314
classifier.0.weight,1,294,2.8635833263397217,0.756856944633244
classifier.0.weight,1,295,2.8613221645355225,0.7583013736402882
classifier.0.weight,1,296,2.8593692779541016,0.7597438316400519
classifier.0.weight,1,297,2.8563382625579834,0.7611832331649802
classifier.0.weight,1,298,2.8522610664367676,0.7626185283599098
classifier.0.weight,1,299,2.8512001037597656,0.7640527559727509
classifier.0.weight,1,300,2.8493247032165527,0.7654850974558618
classifier.0.weight,1,301,2.847165822982788,0.7669152692443493
classifier.0.weight,1,302,2.8424558639526367,0.7683407131881301
classifier.0.weight,1,303,2.841134786605835,0.7697648324435515
classifier.0.weight,1,304,2.835397958755493,0.7711832063336529
classifier.0.weight,1,305,2.8309195041656494,0.7725971031756469
classifier.0.weight,1,306,2.828407049179077,0.7740084914505123
classifier.0.weight,1,307,2.822817087173462,0.7754143064041922
classifier.0.weight,1,308,2.821727991104126,0.776819036787292
classifier.0.weight,1,309,2.8186511993408203,0.7782207054248849
classifier.0.weight,1,310,2.816194772720337,0.7796199320463508
classifier.0.weight,1,311,2.814251184463501,0.7810172279902785
classifier.0.weight,1,312,2.8116087913513184,0.782411901231704
classifier.0.weight,1,313,2.8093161582946777,0.7838043009204579
classifier.0.weight,1,314,2.806939125061035,0.7851943453171024
classifier.0.weight,1,315,2.8014976978302,0.7865790055613868
classifier.0.weight,1,316,2.7992405891418457,0.7879614355203035
classifier.0.weight,1,317,2.793820381164551,0.7893385170261684
classifier.0.weight,1,318,2.791700601577759,0.7907135096347909
classifier.0.weight,1,319,2.7906463146209717,0.7920874639063912
classifier.0.weight,1,320,2.7878165245056152,0.7934586331378899
classifier.0.weight,1,321,2.783104181289673,0.7948251708170697
classifier.0.weight,1,322,2.77844500541687,0.7961871369031329
classifier.0.weight,1,323,2.7752065658569336,0.7975459299377864
classifier.0.weight,1,324,2.774327039718628,0.7989038618440258
classifier.0.weight,1,325,2.771026134490967,0.8002585643271491
classifier.0.weight,1,326,2.769346237182617,0.8016116247678523
classifier.0.weight,1,327,2.764892101287842,0.8029603362626566
classifier.0.weight,1,328,2.7632529735565186,0.8043074491018627
classifier.0.weight,1,329,2.759565830230713,0.8056509693027488
classifier.0.weight,1,330,2.758566379547119,0.8069935164962101
classifier.0.weight,1,331,2.755808115005493,0.8083333802313367
classifier.0.weight,1,332,2.7532567977905273,0.8096707642328308
classifier.0.weight,1,333,2.7511210441589355,0.8110060741707006
classifier.0.weight,1,334,2.7474558353424072,0.8123378285183135
classifier.0.weight,1,335,2.7445194721221924,0.8136667377430029
classifier.0.weight,1,336,2.7409260272979736,0.814992169320116
classifier.0.weight,1,337,2.738196611404419,0.8163149624803253
classifier.0.weight,1,338,2.7355716228485107,0.817635220649063
classifier.0.weight,1,339,2.733976364135742,0.8189539394399071
classifier.0.weight,1,340,2.7319893836975098,0.8202707421086478
classifier.0.weight,1,341,2.7283098697662354,0.8215840001582351
classifier.0.weight,1,342,2.7228057384490967,0.822891964781621
classifier.0.weight,1,343,2.7199885845184326,0.8241972242311348
classifier.0.weight,1,344,2.717832565307617,0.8255004152535016
classifier.0.weight,1,345,2.7138946056365967,0.8267998325365635
classifier.0.weight,1,346,2.7124216556549072,0.8280978397005591
classifier.0.weight,1,347,2.7094454765319824,0.8293929999749946
classifier.0.weight,1,348,2.7031872272491455,0.8306821840635261
classifier.0.weight,1,349,2.6996421813964844,0.8319679890150918
classifier.0.weight,1,350,2.696166515350342,0.8332504852675953
classifier.0.weight,1,351,2.6888256072998047,0.834526007269636
classifier.0.weight,1,352,2.6859161853790283,0.835798770428621
classifier.0.weight,1,353,2.6843643188476562,0.8370700632603064
classifier.0.weight,1,354,2.6802821159362793,0.8383374924366707
classifier.0.weight,1,355,2.6792874336242676,0.8396039810736431
classifier.0.weight,1,356,2.678875684738159,0.8408700804763669
classifier.0.weight,1,357,2.676697254180908,0.8421341215617064
classifier.0.weight,1,358,2.6730611324310303,0.8433947307419625
classifier.0.weight,1,359,2.669950008392334,0.8446524072326829
classifier.0.weight,1,360,2.669137954711914,0.845909318806077
classifier.0.weight,1,361,2.6670756340026855,0.8471642888137733
classifier.0.weight,1,362,2.662659168243408,0.8484151060010541
classifier.0.weight,1,363,2.6591529846191406,0.8496626312106604
classifier.0.weight,1,364,2.6551284790039062,0.8509063831338392
classifier.0.weight,1,365,2.6516919136047363,0.8521469175338275
classifier.0.weight,1,366,2.649523973464966,0.8533854243189787
classifier.0.weight,1,367,2.6472818851470947,0.8546218358849819
classifier.0.weight,1,368,2.6441996097564697,0.8558553699770141
classifier.0.weight,1,369,2.642388343811035,0.857087214716203
classifier.0.weight,1,370,2.63857102394104,0.8583155028632696
classifier.0.weight,1,371,2.634434223175049,0.8595399425634954
classifier.0.weight,1,372,2.6314191818237305,0.8607615811888278
classifier.0.weight,1,373,2.6293575763702393,0.8619813063597886
classifier.0.weight,1,374,2.6248772144317627,0.8631968783076747
classifier.0.weight,1,375,2.6238632202148438,0.8644115112822295
classifier.0.weight,1,376,2.6228034496307373,0.8656251632816082
classifier.0.weight,1,377,2.619182825088501,0.8668354668445921
classifier.0.weight,1,378,2.6181089878082275,0.8680447781876754
classifier.0.weight,1,379,2.6154637336730957,0.8692516470657626
classifier.0.weight,1,380,2.6128997802734375,0.8704561509033286
classifier.0.weight,1,381,2.608654260635376,0.8716567436913774
classifier.0.weight,1,382,2.603280544281006,0.8728523952343247
classifier.0.weight,1,383,2.6018810272216797,0.8740467615643166
classifier.0.weight,1,384,2.5983500480651855,0.8752378883756967
classifier.0.weight,1,385,2.596147298812866,0.8764269964894403
classifier.0.weight,1,386,2.5937955379486084,0.8776139512343818
classifier.0.weight,1,387,2.5926692485809326,0.878799875393649
classifier.0.weight,1,388,2.5884623527526855,0.8799819540861274
classifier.0.weight,1,389,2.5860750675201416,0.8811618533706759
classifier.0.weight,1,390,2.5790069103240967,0.8823353117619672
classifier.0.weight,1,391,2.575934886932373,0.8835059762525503
classifier.0.weight,1,392,2.5757529735565186,0.884676475403543
classifier.0.weight,1,393,2.5711870193481445,0.88584282842048
classifier.0.weight,1,394,2.5696322917938232,0.8870077713393459
classifier.0.weight,1,395,2.5607364177703857,0.8881646623301607
classifier.0.weight,1,396,2.559985876083374,0.889320875260037
classifier.0.weight,1,397,2.5579140186309814,0.8904752174459951
classifier.0.weight,1,398,2.556591272354126,0.8916283660757801
classifier.0.weight,1,399,2.5524487495422363,0.8927777807693339
classifier.0.weight,1,400,2.5501339435577393,0.893925111608679
classifier.0.weight,1,401,2.546034336090088,0.8950687565041394
classifier.0.weight,1,402,2.5400943756103516,0.8962070713213459
classifier.0.weight,1,403,2.5387661457061768,0.8973441959871209
classifier.0.weight,1,404,2.5378332138061523,0.8984804850777427
classifier.0.weight,1,405,2.531217575073242,0.8996108577196111
classifier.0.weight,1,406,2.5299062728881836,0.9007400594813578
classifier.0.weight,1,407,2.523590326309204,0.9018636301447995
classifier.0.weight,1,408,2.5200536251068115,0.9029840537449734
classifier.0.weight,1,409,2.5170352458953857,0.9041017949911165
classifier.0.weight,1,410,2.516069173812866,0.9052186783935797
classifier.0.weight,1,411,2.51100492477417,0.9063310702792853
classifier.0.weight,1,412,2.5095932483673096,0.9074422117524997
classifier.0.weight,1,413,2.505180597305298,0.9085494491914407
classifier.0.weight,1,414,2.501765489578247,0.9096536698756256
classifier.0.weight,1,415,2.4998974800109863,0.9107562421841108
classifier.0.weight,1,416,2.492152452468872,0.9118519932331144
classifier.0.weight,1,417,2.4890828132629395,0.9129450466229994
classifier.0.weight,1,418,2.483835220336914,0.9140334960255284
classifier.0.weight,1,419,2.4808270931243896,0.9151193106223487
classifier.0.weight,1,420,2.478148937225342,0.9162027821206655
classifier.0.weight,1,421,2.473339557647705,0.917282052282044
classifier.0.weight,1,422,2.4732704162597656,0.9183612621029861
classifier.0.weight,1,423,2.470247507095337,0.9194378354474952
classifier.0.weight,1,424,2.462368965148926,0.9205075525540205
classifier.0.weight,1,425,2.460977554321289,0.921576061072023
classifier.0.weight,1,426,2.45715594291687,0.922641253628212
classifier.0.weight,1,427,2.452564239501953,0.9237024688394997
classifier.0.weight,1,428,2.450044631958008,0.9247615047216263
classifier.0.weight,1,429,2.4459457397460938,0.9258170000618703
classifier.0.weight,1,430,2.443157434463501,0.9268700903072714
classifier.0.weight,1,431,2.4412026405334473,0.9279214960514219
classifier.0.weight,1,432,2.438737630844116,0.9289707795490998
classifier.0.weight,1,433,2.4369730949401855,0.930018545188882
classifier.0.weight,1,434,2.4356565475463867,0.9310651790471821
classifier.0.weight,1,435,2.426903486251831,0.932104303809956
classifier.0.weight,1,436,2.4227583408355713,0.933139881958847
classifier.0.weight,1,437,2.4160397052764893,0.9341697244759363
classifier.0.weight,1,438,2.414903163909912,0.9351985983141428
classifier.0.weight,1,439,2.410888910293579,0.936224054435367
classifier.0.weight,1,440,2.4074392318725586,0.9372465780589686
classifier.0.weight,1,441,2.404914379119873,0.9382669580207621
classifier.0.weight,1,442,2.4004085063934326,0.9392835179753831
classifier.0.weight,1,443,2.398963689804077,0.9402988545543484
classifier.0.weight,1,444,2.394578456878662,0.9413104825170396
classifier.0.weight,1,445,2.3848531246185303,0.9423139099221964
classifier.0.weight,1,446,2.380181074142456,0.9433134096461404
classifier.0.weight,1,447,2.378359794616699,0.9443113803503441
classifier.0.weight,1,448,2.3754565715789795,0.9453069161301227
classifier.0.weight,1,449,2.3728432655334473,0.9463002626814095
classifier.0.weight,1,450,2.367086887359619,0.9472887954781354
classifier.0.weight,1,451,2.359584093093872,0.9482710716359172
classifier.0.weight,1,452,2.3552443981170654,0.9492497379550704
classifier.0.weight,1,453,2.3519279956817627,0.9502256501088573
classifier.0.weight,1,454,2.3460733890533447,0.9511967096732594
classifier.0.weight,1,455,2.3374276161193848,0.9521606253087146
classifier.0.weight,1,456,2.3350932598114014,0.9531226166073944
classifier.0.weight,1,457,2.3302245140075684,0.9540806005215684
classifier.0.weight,1,458,2.326969861984253,0.9550359102497498
classifier.0.weight,1,459,2.324664354324341,0.9559893279183459
classifier.0.weight,1,460,2.3191356658935547,0.9569382160030421
classifier.0.weight,1,461,2.314554452896118,0.9578833589296537
classifier.0.weight,1,462,2.3076953887939453,0.9588229083907984
classifier.0.weight,1,463,2.3008692264556885,0.9597569076986718
classifier.0.weight,1,464,2.295013666152954,0.9606861591225965
classifier.0.weight,1,465,2.2921314239501953,0.9616130779714319
classifier.0.weight,1,466,2.288679838180542,0.9625372073370589
classifier.0.weight,1,467,2.279787302017212,0.9634541693491196
classifier.0.weight,1,468,2.2781786918640137,0.9643698378071616
classifier.0.weight,1,469,2.274484634399414,0.9652825391673778
classifier.0.weight,1,470,2.268765687942505,0.9661906565194569
classifier.0.weight,1,471,2.2645697593688965,0.9670954179745108
classifier.0.weight,1,472,2.2579662799835205,0.9679949105588028
classifier.0.weight,1,473,2.2532989978790283,0.9688906884315043
classifier.0.weight,1,474,2.249135732650757,0.9697831592281081
classifier.0.weight,1,475,2.2424466609954834,0.9706703293896818
classifier.0.weight,1,476,2.2367422580718994,0.9715529916721835
classifier.0.weight,1,477,2.234373092651367,0.9724337851068452
classifier.0.weight,1,478,2.225553512573242,0.973307638879755
classifier.0.weight,1,479,2.222208261489868,0.9741788676308233
classifier.0.weight,1,480,2.2191174030303955,0.9750476744918557
classifier.0.weight,1,481,2.215064525604248,0.9759133107659927
classifier.0.weight,1,482,2.206228017807007,0.9767720542889685
classifier.0.weight,1,483,2.20204496383667,0.9776275445080613
classifier.0.weight,1,484,2.1984782218933105,0.9784802656268597
classifier.0.weight,1,485,2.190002679824829,0.9793264246224572
classifier.0.weight,1,486,2.1883883476257324,0.9801713366074762
classifier.0.weight,1,487,2.181225538253784,0.9810107266848417
classifier.0.weight,1,488,2.172152042388916,0.9818431478713113
classifier.0.weight,1,489,2.171476125717163,0.9826750510831583
classifier.0.weight,1,490,2.1658318042755127,0.9835026351808948
classifier.0.weight,1,491,2.1611547470092773,0.9843266488453987
classifier.0.weight,1,492,2.1531755924224854,0.9851445890949062
classifier.0.weight,1,493,2.1438472270965576,0.9859554574480225
classifier.0.weight,1,494,2.143223762512207,0.9867658542431063
classifier.0.weight,1,495,2.133674383163452,0.9875690454948128
classifier.0.weight,1,496,2.1243643760681152,0.9883652428000238
classifier.0.weight,1,497,2.1132194995880127,0.9891531079711503
classifier.0.weight,1,498,2.112058401107788,0.9899401076025258
classifier.0.weight,1,499,2.108344793319702,0.9907243421223259
classifier.0.weight,1,500,2.10063099861145,0.9915028485870155
classifier.0.weight,1,501,2.096721887588501,0.9922784602676504
classifier.0.weight,1,502,2.0808303356170654,0.9930423594137753
classifier.0.weight,1,503,2.068373441696167,0.9937971397699058
classifier.0.weight,1,504,2.0631744861602783,0.9945481305416569
classifier.0.weight,1,505,2.0351011753082275,0.995278823115397
classifier.0.weight,1,506,2.0130937099456787,0.9959937978035878
classifier.0.weight,1,507,2.007528066635132,0.9967048245451419
classifier.0.weight,1,508,1.9960646629333496,0.9974077542489795
classifier.0.weight,1,509,1.9554680585861206,0.9980823818975361
classifier.0.weight,1,510,1.9310482740402222,0.9987402653227466
classifier.0.weight,1,511,1.8941291570663452,0.9993732334793773
classifier.0.weight,1,512,1.8848272562026978,0.9999999999999992
classifier.0.weight,2,1,35.78797912597656,0.23167429137038356
classifier.0.weight,2,2,31.906143188476562,0.4158159761552291
classifier.0.weight,2,3,29.679521560668945,0.5751532139328934
classifier.0.weight,2,4,27.044727325439453,0.7074559137838624
classifier.0.weight,2,5,25.06167221069336,0.8210677511421
classifier.0.weight,2,6,22.734437942504883,0.9145592098689238
classifier.0.weight,2,7,21.73356056213379,1.0
classifier.0.weight,3,1,38.393150329589844,0.2659850492905691
classifier.0.weight,3,2,31.612106323242188,0.44631032101864443
classifier.0.weight,3,3,29.48919105529785,0.603229289913891
classifier.0.weight,3,4,25.818016052246094,0.7235098551554897
classifier.0.weight,3,5,24.47819709777832,0.831630488778608
classifier.0.weight,3,6,21.927818298339844,0.9183946904270663
classifier.0.weight,3,7,21.265928268432617,1.0
