layer,mode,index,singular_value,cumulative_energy
classifier.0.weight,0,1,10.702513694763184,0.020207776129343137
classifier.0.weight,0,2,9.463748931884766,0.03600836808893922
classifier.0.weight,0,3,8.43309497833252,0.04855481983794515
classifier.0.weight,0,4,7.8054633140563965,0.05930323198881772
classifier.0.weight,0,5,7.4488348960876465,0.06909190077826918
classifier.0.weight,0,6,7.238492012023926,0.07833554318765842
classifier.0.weight,0,7,7.007460594177246,0.08699854222089233
classifier.0.weight,0,8,6.466713905334473,0.0943761274078757
classifier.0.weight,0,9,6.3358988761901855,0.10145824953568562
classifier.0.weight,0,10,6.064613342285156,0.1079468819472888
classifier.0.weight,0,11,5.844544887542725,0.11397314845881464
classifier.0.weight,0,12,5.457462787628174,0.11922761346054385
classifier.0.weight,0,13,5.2349772453308105,0.12406239142514625
classifier.0.weight,0,14,5.081815719604492,0.12861840240556058
classifier.0.weight,0,15,4.769189357757568,0.13263109665747067
classifier.0.weight,0,16,4.564517974853516,0.13630676891792806
classifier.0.weight,0,17,4.474891185760498,0.13983951070890252
classifier.0.weight,0,18,4.390800952911377,0.14324072846037916
classifier.0.weight,0,19,4.31237268447876,0.14652152660296627
classifier.0.weight,0,20,4.219780445098877,0.14966295125831539
classifier.0.weight,0,21,4.167538166046143,0.152727073653305
classifier.0.weight,0,22,4.0848469734191895,0.15567080736030817
classifier.0.weight,0,23,3.8962931632995605,0.1583490516669718
classifier.0.weight,0,24,3.7757983207702637,0.16086420528414427
classifier.0.weight,0,25,3.697861671447754,0.16327659939618627
classifier.0.weight,0,26,3.66202449798584,0.16564246150133788
classifier.0.weight,0,27,3.5837883949279785,0.16790831410494217
classifier.0.weight,0,28,3.515425443649292,0.17008854616142124
classifier.0.weight,0,29,3.4357259273529053,0.17217104113582438
classifier.0.weight,0,30,3.335939884185791,0.17413432622869124
classifier.0.weight,0,31,3.2524821758270264,0.17600060616843768
classifier.0.weight,0,32,3.230074882507324,0.17784125999825637
classifier.0.weight,0,33,3.190842628479004,0.17963747247341166
classifier.0.weight,0,34,3.1664698123931885,0.18140634949999915
classifier.0.weight,0,35,3.1278882026672363,0.18313238364017176
classifier.0.weight,0,36,3.064289093017578,0.1847889407325881
classifier.0.weight,0,37,3.034912347793579,0.18641388789082883
classifier.0.weight,0,38,2.969618797302246,0.18796966846553492
classifier.0.weight,0,39,2.928095579147339,0.1894822452669377
classifier.0.weight,0,40,2.8914427757263184,0.19095719133603015
classifier.0.weight,0,41,2.811790943145752,0.19235199472184128
classifier.0.weight,0,42,2.7836148738861084,0.19371898439691626
classifier.0.weight,0,43,2.7309038639068604,0.19503469314208235
classifier.0.weight,0,44,2.7186813354492188,0.1963386509788358
classifier.0.weight,0,45,2.6934351921081543,0.1976185037054623
classifier.0.weight,0,46,2.681838274002075,0.19888735903031604
classifier.0.weight,0,47,2.630683183670044,0.20010827010943977
classifier.0.weight,0,48,2.593981981277466,0.20129535245861965
classifier.0.weight,0,49,2.584632635116577,0.2024738931578347
classifier.0.weight,0,50,2.572671413421631,0.2036415509426472
classifier.0.weight,0,51,2.544050931930542,0.20478337329567686
classifier.0.weight,0,52,2.529470443725586,0.20591214510823316
classifier.0.weight,0,53,2.5124454498291016,0.20702577330790953
classifier.0.weight,0,54,2.4935271739959717,0.20812269379633414
classifier.0.weight,0,55,2.478393077850342,0.20920633949718181
classifier.0.weight,0,56,2.4580235481262207,0.21027224576454712
classifier.0.weight,0,57,2.4514377117156982,0.21133244787171737
classifier.0.weight,0,58,2.4221231937408447,0.2123674455945937
classifier.0.weight,0,59,2.3984792232513428,0.21338233532748319
classifier.0.weight,0,60,2.3885498046875,0.21438883940873338
classifier.0.weight,0,61,2.3840208053588867,0.21539153018486604
classifier.0.weight,0,62,2.3616366386413574,0.2163754803280124
classifier.0.weight,0,63,2.3477299213409424,0.21734787642603207
classifier.0.weight,0,64,2.3271145820617676,0.21830327034466993
classifier.0.weight,0,65,2.3143110275268555,0.21924818021804374
classifier.0.weight,0,66,2.3086230754852295,0.2201884511320739
classifier.0.weight,0,67,2.2965409755706787,0.22111890604799278
classifier.0.weight,0,68,2.282155752182007,0.22203774098267684
classifier.0.weight,0,69,2.2773571014404297,0.22295271594207688
classifier.0.weight,0,70,2.2616326808929443,0.22385509930512618
classifier.0.weight,0,71,2.2542049884796143,0.2247515651558605
classifier.0.weight,0,72,2.244009494781494,0.22563994013409125
classifier.0.weight,0,73,2.234523057937622,0.22652081986802727
classifier.0.weight,0,74,2.2236292362213135,0.22739313154981206
classifier.0.weight,0,75,2.2145838737487793,0.2282583608215979
classifier.0.weight,0,76,2.2090697288513184,0.22911928674780435
classifier.0.weight,0,77,2.2035481929779053,0.22997591431030856
classifier.0.weight,0,78,2.1922049522399902,0.23082374522140373
classifier.0.weight,0,79,2.1851742267608643,0.23166614661488694
classifier.0.weight,0,80,2.1719813346862793,0.23249840679284103
classifier.0.weight,0,81,2.169381856918335,0.23332867602624469
classifier.0.weight,0,82,2.166339159011841,0.23415661788069464
classifier.0.weight,0,83,2.1560616493225098,0.23497672255430352
classifier.0.weight,0,84,2.1532256603240967,0.23579467118733738
classifier.0.weight,0,85,2.143796682357788,0.23660547190881467
classifier.0.weight,0,86,2.134603977203369,0.2374093340323837
classifier.0.weight,0,87,2.128908157348633,0.23820891194658972
classifier.0.weight,0,88,2.1231603622436523,0.2390041781614495
classifier.0.weight,0,89,2.112424373626709,0.2397914220124761
classifier.0.weight,0,90,2.1110570430755615,0.24057764705856122
classifier.0.weight,0,91,2.10353422164917,0.24135827861094958
classifier.0.weight,0,92,2.0934739112854004,0.2421314611607129
classifier.0.weight,0,93,2.090855598449707,0.2429027108773978
classifier.0.weight,0,94,2.088142156600952,0.2436719600892997
classifier.0.weight,0,95,2.082104206085205,0.24443676710026702
classifier.0.weight,0,96,2.0776305198669434,0.24519829105672947
classifier.0.weight,0,97,2.073125123977661,0.24595651582519892
classifier.0.weight,0,98,2.064913034439087,0.24670874551198757
classifier.0.weight,0,99,2.060333490371704,0.2474576423233054
classifier.0.weight,0,100,2.0546460151672363,0.24820241023685027
classifier.0.weight,0,101,2.0504581928253174,0.24894414524144187
classifier.0.weight,0,102,2.045711040496826,0.24968244974150888
classifier.0.weight,0,103,2.0417513847351074,0.2504178988995176
classifier.0.weight,0,104,2.0341763496398926,0.25114790104891105
classifier.0.weight,0,105,2.0302011966705322,0.2518750528703872
classifier.0.weight,0,106,2.0275497436523438,0.2526003066042254
classifier.0.weight,0,107,2.025848150253296,0.25332434353031347
classifier.0.weight,0,108,2.0191211700439453,0.254043580002324
classifier.0.weight,0,109,2.012442111968994,0.2547580660146324
classifier.0.weight,0,110,2.0109572410583496,0.2554714980556567
classifier.0.weight,0,111,2.0086138248443604,0.2561832683069178
classifier.0.weight,0,112,1.998429298400879,0.25688783890139005
classifier.0.weight,0,113,1.9939442873001099,0.2575892505539987
classifier.0.weight,0,114,1.9924004077911377,0.2582895764432282
classifier.0.weight,0,115,1.9899182319641113,0.2589881584569189
classifier.0.weight,0,116,1.9859648942947388,0.2596839675051648
classifier.0.weight,0,117,1.9782263040542603,0.26037436448370255
classifier.0.weight,0,118,1.9742295742034912,0.26106197457907454
classifier.0.weight,0,119,1.9717544317245483,0.26174786160626884
classifier.0.weight,0,120,1.9692118167877197,0.26243198084519687
classifier.0.weight,0,121,1.9672181606292725,0.26311471556255367
classifier.0.weight,0,122,1.9632035493850708,0.2637946665340507
classifier.0.weight,0,123,1.9615565538406372,0.26447347711797003
classifier.0.weight,0,124,1.9552171230316162,0.2651479071817529
classifier.0.weight,0,125,1.9511206150054932,0.2658195141177476
classifier.0.weight,0,126,1.948255181312561,0.26648914984601785
classifier.0.weight,0,127,1.9455411434173584,0.2671569211872468
classifier.0.weight,0,128,1.9430822134017944,0.2678230056298431
classifier.0.weight,0,129,1.939995527267456,0.2684869755344408
classifier.0.weight,0,130,1.9343327283859253,0.26914707487293454
classifier.0.weight,0,131,1.9285320043563843,0.26980322110376664
classifier.0.weight,0,132,1.926202654838562,0.2704577832583389
classifier.0.weight,0,133,1.923909306526184,0.2711107876896091
classifier.0.weight,0,134,1.9230903387069702,0.2717632362986388
classifier.0.weight,0,135,1.9185676574707031,0.2724126196879133
classifier.0.weight,0,136,1.91487455368042,0.27305950545139124
classifier.0.weight,0,137,1.9109184741973877,0.2737037210786523
classifier.0.weight,0,138,1.9062062501907349,0.27434476341991343
classifier.0.weight,0,139,1.902990698814392,0.27498364485545895
classifier.0.weight,0,140,1.8996304273605347,0.2756202720291784
classifier.0.weight,0,141,1.895776391029358,0.2762543186006259
classifier.0.weight,0,142,1.8937370777130127,0.27688700180014536
classifier.0.weight,0,143,1.8933138847351074,0.2775194022601296
classifier.0.weight,0,144,1.890364646911621,0.2781498340589982
classifier.0.weight,0,145,1.8893463611602783,0.27877958684938414
classifier.0.weight,0,146,1.8838446140289307,0.2794056773192514
classifier.0.weight,0,147,1.8800945281982422,0.2800292776091335
classifier.0.weight,0,148,1.8777729272842407,0.28065133876668297
classifier.0.weight,0,149,1.874854326248169,0.28127146770189654
classifier.0.weight,0,150,1.8737090826034546,0.2818908392643355
classifier.0.weight,0,151,1.8721598386764526,0.2825091870168951
classifier.0.weight,0,152,1.8673937320709229,0.2831243904225896
classifier.0.weight,0,153,1.8666083812713623,0.2837390764774101
classifier.0.weight,0,154,1.863586187362671,0.2843517736880963
classifier.0.weight,0,155,1.8606542348861694,0.28496254452049924
classifier.0.weight,0,156,1.860296607017517,0.2855730805885109
classifier.0.weight,0,157,1.8555461168289185,0.28618050248386856
classifier.0.weight,0,158,1.8519443273544312,0.2867855685418788
classifier.0.weight,0,159,1.8516274690628052,0.2873904275701275
classifier.0.weight,0,160,1.8498152494430542,0.28799410320591495
classifier.0.weight,0,161,1.8453515768051147,0.28859486897346437
classifier.0.weight,0,162,1.844521403312683,0.2891950943262365
classifier.0.weight,0,163,1.842494010925293,0.28979400093742125
classifier.0.weight,0,164,1.841066598892212,0.29039197994140536
classifier.0.weight,0,165,1.8382158279418945,0.29098810851655066
classifier.0.weight,0,166,1.8336559534072876,0.2915812832491727
classifier.0.weight,0,167,1.8291304111480713,0.292171533633134
classifier.0.weight,0,168,1.8267717361450195,0.29276026273552147
classifier.0.weight,0,169,1.8233097791671753,0.2933467625242987
classifier.0.weight,0,170,1.8216537237167358,0.2939321973979496
classifier.0.weight,0,171,1.8200187683105469,0.2945165818739666
classifier.0.weight,0,172,1.8192988634109497,0.2951005041371196
classifier.0.weight,0,173,1.8188114166259766,0.2956841135402969
classifier.0.weight,0,174,1.8136475086212158,0.2962644137196194
classifier.0.weight,0,175,1.8126513957977295,0.2968440766354085
classifier.0.weight,0,176,1.8092364072799683,0.29742155746863835
classifier.0.weight,0,177,1.8079365491867065,0.29799820880995725
classifier.0.weight,0,178,1.8056708574295044,0.2985734157471185
classifier.0.weight,0,179,1.8037701845169067,0.2991474123808188
classifier.0.weight,0,180,1.8013813495635986,0.2997198896688002
classifier.0.weight,0,181,1.7994893789291382,0.3002911650553311
classifier.0.weight,0,182,1.7979122400283813,0.30086143950701977
classifier.0.weight,0,183,1.79458749294281,0.3014296067755041
classifier.0.weight,0,184,1.7943811416625977,0.3019976433896702
classifier.0.weight,0,185,1.7909828424453735,0.3025635304822813
classifier.0.weight,0,186,1.7885874509811401,0.30312790486958585
classifier.0.weight,0,187,1.787211537361145,0.3036914112739203
classifier.0.weight,0,188,1.7862262725830078,0.3042542965430807
classifier.0.weight,0,189,1.7856711149215698,0.30481683197805315
classifier.0.weight,0,190,1.7822109460830688,0.30537718942885933
classifier.0.weight,0,191,1.7806280851364136,0.3059365519648389
classifier.0.weight,0,192,1.7784490585327148,0.3064945463093702
classifier.0.weight,0,193,1.7775579690933228,0.30705198162939773
classifier.0.weight,0,194,1.773720383644104,0.3076070126435908
classifier.0.weight,0,195,1.7717669010162354,0.3081608217669044
classifier.0.weight,0,196,1.7684978246688843,0.3087125891158909
classifier.0.weight,0,197,1.7668733596801758,0.30926334327157345
classifier.0.weight,0,198,1.765332818031311,0.3098131374378789
classifier.0.weight,0,199,1.764338493347168,0.310362312434872
classifier.0.weight,0,200,1.7627904415130615,0.31091052414914117
classifier.0.weight,0,201,1.7606685161590576,0.311457416858973
classifier.0.weight,0,202,1.7587834596633911,0.3120031391363613
classifier.0.weight,0,203,1.7574198246002197,0.3125480155136571
classifier.0.weight,0,204,1.7562687397003174,0.313092178352209
classifier.0.weight,0,205,1.753798007965088,0.3136348112031781
classifier.0.weight,0,206,1.7505607604980469,0.31417544266565134
classifier.0.weight,0,207,1.7480629682540894,0.31471453242594094
classifier.0.weight,0,208,1.7466975450515747,0.3152527803422013
classifier.0.weight,0,209,1.7457610368728638,0.31579045123990984
classifier.0.weight,0,210,1.7445423603057861,0.3163273717276787
classifier.0.weight,0,211,1.741154670715332,0.3168622089712366
classifier.0.weight,0,212,1.7400339841842651,0.3173963579450968
classifier.0.weight,0,213,1.7375645637512207,0.31792899188830104
classifier.0.weight,0,214,1.7360373735427856,0.31846068995161225
classifier.0.weight,0,215,1.73435640335083,0.3189913588482706
classifier.0.weight,0,216,1.732200026512146,0.31952070897246604
classifier.0.weight,0,217,1.7311463356018066,0.32004941528906344
classifier.0.weight,0,218,1.7290716171264648,0.32057685509290884
classifier.0.weight,0,219,1.7278509140014648,0.32110355042771516
classifier.0.weight,0,220,1.7265769243240356,0.32162946935636316
classifier.0.weight,0,221,1.724092960357666,0.3221538761323344
classifier.0.weight,0,222,1.723585844039917,0.322677974460758
classifier.0.weight,0,223,1.7218128442764282,0.32320099509608924
classifier.0.weight,0,224,1.7205162048339844,0.32372322828947053
classifier.0.weight,0,225,1.7175343036651611,0.3242436528415864
classifier.0.weight,0,226,1.7168620824813843,0.32476367009825996
classifier.0.weight,0,227,1.7148314714431763,0.32528245798615607
classifier.0.weight,0,228,1.7137386798858643,0.32580058488036995
classifier.0.weight,0,229,1.712435007095337,0.3263179237769487
classifier.0.weight,0,230,1.7100030183792114,0.3268337942745087
classifier.0.weight,0,231,1.7084752321243286,0.32734874338448183
classifier.0.weight,0,232,1.707383394241333,0.3278630345261339
classifier.0.weight,0,233,1.7052199840545654,0.3283760231861038
classifier.0.weight,0,234,1.7026469707489014,0.32888746491272935
classifier.0.weight,0,235,1.7021054029464722,0.32939858133842453
classifier.0.weight,0,236,1.6994940042495728,0.3299081306403869
classifier.0.weight,0,237,1.6981492042541504,0.3304168738544393
classifier.0.weight,0,238,1.6966736316680908,0.33092473332825173
classifier.0.weight,0,239,1.6963199377059937,0.3314323810841436
classifier.0.weight,0,240,1.6954940557479858,0.33193953464663223
classifier.0.weight,0,241,1.6943196058273315,0.3324459858531707
classifier.0.weight,0,242,1.690853476524353,0.33295036704907627
classifier.0.weight,0,243,1.6898068189620972,0.33345412400283697
classifier.0.weight,0,244,1.6886098384857178,0.3339571675334209
classifier.0.weight,0,245,1.6869322061538696,0.33445921201395307
classifier.0.weight,0,246,1.6860769987106323,0.3349607475904014
classifier.0.weight,0,247,1.6851855516433716,0.33546175297252556
classifier.0.weight,0,248,1.6838427782058716,0.3359619602601055
classifier.0.weight,0,249,1.6817069053649902,0.3364608993751689
classifier.0.weight,0,250,1.6798189878463745,0.33695871888114476
classifier.0.weight,0,251,1.6784621477127075,0.33745573450444677
classifier.0.weight,0,252,1.6774269342422485,0.3379521372350466
classifier.0.weight,0,253,1.6763246059417725,0.33844788775365403
classifier.0.weight,0,254,1.674479365348816,0.33894254746264263
classifier.0.weight,0,255,1.6736918687820435,0.3394367420106613
classifier.0.weight,0,256,1.672229528427124,0.3399300733592662
classifier.0.weight,0,257,1.6699228286743164,0.3404220446285094
classifier.0.weight,0,258,1.6676498651504517,0.3409126775464147
classifier.0.weight,0,259,1.6650681495666504,0.3414017925267759
classifier.0.weight,0,260,1.6642627716064453,0.34189043446084527
classifier.0.weight,0,261,1.663650631904602,0.34237871700200734
classifier.0.weight,0,262,1.6607611179351807,0.3428653048676942
classifier.0.weight,0,263,1.660069227218628,0.343351487382492
classifier.0.weight,0,264,1.6591764688491821,0.34383714711572
classifier.0.weight,0,265,1.658699631690979,0.34432252773779376
classifier.0.weight,0,266,1.6568257808685303,0.3448068122999093
classifier.0.weight,0,267,1.6552947759628296,0.3452902022604551
classifier.0.weight,0,268,1.6548737287521362,0.3457733463383796
classifier.0.weight,0,269,1.652646780014038,0.3462551909659152
classifier.0.weight,0,270,1.651344656944275,0.34673627660025264
classifier.0.weight,0,271,1.6501480340957642,0.3472166652638137
classifier.0.weight,0,272,1.6486191749572754,0.3476961641813018
classifier.0.weight,0,273,1.6480448246002197,0.3481753290587565
classifier.0.weight,0,274,1.6475547552108765,0.3486542090057029
classifier.0.weight,0,275,1.6468441486358643,0.34913267595046954
classifier.0.weight,0,276,1.6458574533462524,0.34961056972666654
classifier.0.weight,0,277,1.644239068031311,0.3500875241310915
classifier.0.weight,0,278,1.6421287059783936,0.3505632549901694
classifier.0.weight,0,279,1.6409701108932495,0.35103831478736
classifier.0.weight,0,280,1.6400890350341797,0.35151286457970915
classifier.0.weight,0,281,1.6391068696975708,0.35198684617510206
classifier.0.weight,0,282,1.6367638111114502,0.3524594736514867
classifier.0.weight,0,283,1.6361284255981445,0.3529317342547015
classifier.0.weight,0,284,1.6352099180221558,0.35340346476116286
classifier.0.weight,0,285,1.6334338188171387,0.35387417107476177
classifier.0.weight,0,286,1.6325163841247559,0.35434434878288823
classifier.0.weight,0,287,1.630953311920166,0.35481362656757853
classifier.0.weight,0,288,1.629895806312561,0.3552822959927319
classifier.0.weight,0,289,1.6285841464996338,0.35575021139729823
classifier.0.weight,0,290,1.6272342205047607,0.35621735141745103
classifier.0.weight,0,291,1.6265352964401245,0.3566840902350235
classifier.0.weight,0,292,1.6250231266021729,0.3571499616133436
classifier.0.weight,0,293,1.6228985786437988,0.35761461563166236
classifier.0.weight,0,294,1.622172474861145,0.35807885395972255
classifier.0.weight,0,295,1.6215215921401978,0.35854271981926866
classifier.0.weight,0,296,1.620333194732666,0.35900590600241433
classifier.0.weight,0,297,1.6195833683013916,0.35946866359607815
classifier.0.weight,0,298,1.6175036430358887,0.3599302334883142
classifier.0.weight,0,299,1.6167887449264526,0.36039139546490306
classifier.0.weight,0,300,1.6155704259872437,0.36085186269310776
classifier.0.weight,0,301,1.6143856048583984,0.3613116547774278
classifier.0.weight,0,302,1.6137773990631104,0.3617711004816366
classifier.0.weight,0,303,1.612786889076233,0.36222998235852105
classifier.0.weight,0,304,1.6123942136764526,0.3626886408088766
classifier.0.weight,0,305,1.6107443571090698,0.36314636110961723
classifier.0.weight,0,306,1.6101148128509521,0.3636037236889422
classifier.0.weight,0,307,1.6082515716552734,0.36406002835150436
classifier.0.weight,0,308,1.6071271896362305,0.36451569520165217
classifier.0.weight,0,309,1.606866717338562,0.3649712143609712
classifier.0.weight,0,310,1.6052175760269165,0.36542579899352917
classifier.0.weight,0,311,1.6048951148986816,0.3658802010076653
classifier.0.weight,0,312,1.60274338722229,0.3663333853796852
classifier.0.weight,0,313,1.6016159057617188,0.36678593237299506
classifier.0.weight,0,314,1.6001038551330566,0.3672376252901694
classifier.0.weight,0,315,1.5984474420547485,0.3676883835145197
classifier.0.weight,0,316,1.5981334447860718,0.368138964663358
classifier.0.weight,0,317,1.5966664552688599,0.36858871897956075
classifier.0.weight,0,318,1.596215009689331,0.36903821900233447
classifier.0.weight,0,319,1.5941753387451172,0.36948657100136656
classifier.0.weight,0,320,1.593693494796753,0.36993465201007086
classifier.0.weight,0,321,1.5924384593963623,0.3703820275680704
classifier.0.weight,0,322,1.5906763076782227,0.3708284135651571
classifier.0.weight,0,323,1.5903737545013428,0.37127462976948733
classifier.0.weight,0,324,1.5897271633148193,0.3717204832152985
classifier.0.weight,0,325,1.5888500213623047,0.37216584479196196
classifier.0.weight,0,326,1.5874016284942627,0.37261039475707547
classifier.0.weight,0,327,1.5861828327178955,0.37305426233959715
classifier.0.weight,0,328,1.5850651264190674,0.3734975045984941
classifier.0.weight,0,329,1.584128737449646,0.37394022331478205
classifier.0.weight,0,330,1.5828983783721924,0.3743822545977208
classifier.0.weight,0,331,1.5814507007598877,0.3748234777098073
classifier.0.weight,0,332,1.5810245275497437,0.37526446305016486
classifier.0.weight,0,333,1.5799554586410522,0.3757048522146679
classifier.0.weight,0,334,1.5782748460769653,0.37614430498577966
classifier.0.weight,0,335,1.5773826837539673,0.37658326107230705
classifier.0.weight,0,336,1.5762686729431152,0.37702159736104585
classifier.0.weight,0,337,1.5755829811096191,0.37745955237184053
classifier.0.weight,0,338,1.5743107795715332,0.3778968004162573
classifier.0.weight,0,339,1.574019193649292,0.37833388650590777
classifier.0.weight,0,340,1.5731674432754517,0.37877049968199594
classifier.0.weight,0,341,1.5709768533706665,0.3792058977623712
classifier.0.weight,0,342,1.5699355602264404,0.3796407188428004
classifier.0.weight,0,343,1.569569706916809,0.38007533728791193
classifier.0.weight,0,344,1.5680854320526123,0.38050913412158144
classifier.0.weight,0,345,1.5677299499511719,0.380942734295646
classifier.0.weight,0,346,1.56720769405365,0.38137604562847294
classifier.0.weight,0,347,1.5671416521072388,0.38180932044269295
classifier.0.weight,0,348,1.5654749870300293,0.3822416741659458
classifier.0.weight,0,349,1.564491868019104,0.3826734850230388
classifier.0.weight,0,350,1.5635501146316528,0.38310477617536315
classifier.0.weight,0,351,1.5624141693115234,0.383535440874857
classifier.0.weight,0,352,1.5613207817077637,0.3839655030213411
classifier.0.weight,0,353,1.560614824295044,0.3843951763471221
classifier.0.weight,0,354,1.5595805644989014,0.38482428035037236
classifier.0.weight,0,355,1.5591198205947876,0.38525313085232343
classifier.0.weight,0,356,1.5587126016616821,0.38568175736477045
classifier.0.weight,0,357,1.5574009418487549,0.3861096628005813
classifier.0.weight,0,358,1.556661605834961,0.3865371620586412
classifier.0.weight,0,359,1.5557377338409424,0.38696415402932594
classifier.0.weight,0,360,1.5547586679458618,0.38739060873499354
classifier.0.weight,0,361,1.5528719425201416,0.3878160290489537
classifier.0.weight,0,362,1.551415205001831,0.3882406515700818
classifier.0.weight,0,363,1.5505646467208862,0.38866480862304087
classifier.0.weight,0,364,1.5495576858520508,0.3890884149464709
classifier.0.weight,0,365,1.5488651990890503,0.38951164274094635
classifier.0.weight,0,366,1.5484840869903564,0.3899346622830977
classifier.0.weight,0,367,1.5477612018585205,0.3903572869575686
classifier.0.weight,0,368,1.5463696718215942,0.39077915204385255
classifier.0.weight,0,369,1.545162320137024,0.3912003586321142
classifier.0.weight,0,370,1.544096827507019,0.3916209845205058
classifier.0.weight,0,371,1.543395757675171,0.3920412285401295
classifier.0.weight,0,372,1.5422096252441406,0.3924608268750445
classifier.0.weight,0,373,1.5414221286773682,0.39287999680142327
classifier.0.weight,0,374,1.5409682989120483,0.3932989199378001
classifier.0.weight,0,375,1.5395196676254272,0.39371705580306693
classifier.0.weight,0,376,1.5386637449264526,0.3941347268577857
classifier.0.weight,0,377,1.5378916263580322,0.39455197883372534
classifier.0.weight,0,378,1.5355322360992432,0.39496795151915454
classifier.0.weight,0,379,1.5347615480422974,0.39538350675358946
classifier.0.weight,0,380,1.5339491367340088,0.39579862216410644
classifier.0.weight,0,381,1.5328235626220703,0.3962131285951957
classifier.0.weight,0,382,1.5322386026382446,0.396627318716678
classifier.0.weight,0,383,1.5314610004425049,0.3970410885466708
classifier.0.weight,0,384,1.5296721458435059,0.3974538923164436
classifier.0.weight,0,385,1.529159426689148,0.3978664194034916
classifier.0.weight,0,386,1.5284806489944458,0.3982785803390022
classifier.0.weight,0,387,1.5276758670806885,0.3986903073634355
classifier.0.weight,0,388,1.5270590782165527,0.3991017019909459
classifier.0.weight,0,389,1.5261105298995972,0.39951258569325365
classifier.0.weight,0,390,1.5257681608200073,0.3999232850601639
classifier.0.weight,0,391,1.5240966081619263,0.40033308503805026
classifier.0.weight,0,392,1.5236728191375732,0.4007426571503449
classifier.0.weight,0,393,1.5228965282440186,0.4011518120259439
classifier.0.weight,0,394,1.5224699974060059,0.40156073774253
classifier.0.weight,0,395,1.5211127996444702,0.40196893471477896
classifier.0.weight,0,396,1.5207072496414185,0.40237691405397
classifier.0.weight,0,397,1.52020263671875,0.4027846226803202
classifier.0.weight,0,398,1.5193829536437988,0.40319189175768466
classifier.0.weight,0,399,1.5183064937591553,0.40359858395149256
classifier.0.weight,0,400,1.5163697004318237,0.404004239231689
classifier.0.weight,0,401,1.5159094333648682,0.40440964829036063
classifier.0.weight,0,402,1.5155831575393677,0.40481488285187933
classifier.0.weight,0,403,1.5145999193191528,0.40521959179015926
classifier.0.weight,0,404,1.5138823986053467,0.4056239173687689
classifier.0.weight,0,405,1.513001799583435,0.4060277727058912
classifier.0.weight,0,406,1.512542724609375,0.4064313830046382
classifier.0.weight,0,407,1.5114308595657349,0.4068344001363505
classifier.0.weight,0,408,1.5103963613510132,0.4072368657670529
classifier.0.weight,0,409,1.5096616744995117,0.4076389399583944
classifier.0.weight,0,410,1.508496642112732,0.4080403938137823
classifier.0.weight,0,411,1.5078701972961426,0.4084415143088419
classifier.0.weight,0,412,1.5071700811386108,0.4088422624034863
classifier.0.weight,0,413,1.5068755149841309,0.40924285386645276
classifier.0.weight,0,414,1.5050820112228394,0.4096424923180701
classifier.0.weight,0,415,1.5043880939483643,0.41004176234843875
classifier.0.weight,0,416,1.5038200616836548,0.4104407309201042
classifier.0.weight,0,417,1.5030131340026855,0.4108392714453315
classifier.0.weight,0,418,1.5023788213729858,0.411237475651549
classifier.0.weight,0,419,1.5015472173690796,0.4116352391479293
classifier.0.weight,0,420,1.5010138750076294,0.4120327201271251
classifier.0.weight,0,421,1.5007799863815308,0.41243007724465824
classifier.0.weight,0,422,1.4993624687194824,0.41282668409268936
classifier.0.weight,0,423,1.498473048210144,0.4132228205466075
classifier.0.weight,0,424,1.498008370399475,0.41361871135409334
classifier.0.weight,0,425,1.4969563484191895,0.4140140463040893
classifier.0.weight,0,426,1.4967058897018433,0.4144092489766124
classifier.0.weight,0,427,1.495329737663269,0.4148037252419763
classifier.0.weight,0,428,1.4947503805160522,0.4151978958913088
classifier.0.weight,0,429,1.4943209886550903,0.415591840109044
classifier.0.weight,0,430,1.4940217733383179,0.4159856265797575
classifier.0.weight,0,431,1.492530345916748,0.41637862723756114
classifier.0.weight,0,432,1.4913054704666138,0.4167709831120502
classifier.0.weight,0,433,1.4904892444610596,0.41716290961316915
classifier.0.weight,0,434,1.489603877067566,0.41755437063507006
classifier.0.weight,0,435,1.4885941743850708,0.4179453011464236
classifier.0.weight,0,436,1.4880973100662231,0.41833597073104667
classifier.0.weight,0,437,1.487571120262146,0.4187263640837233
classifier.0.weight,0,438,1.4870458841323853,0.41911648180252775
classifier.0.weight,0,439,1.4862884283065796,0.4195062021944125
classifier.0.weight,0,440,1.4857302904129028,0.4198956299420529
classifier.0.weight,0,441,1.4849821329116821,0.42028466558631455
classifier.0.weight,0,442,1.484545111656189,0.4206734722825984
classifier.0.weight,0,443,1.483750581741333,0.42106186291084613
classifier.0.weight,0,444,1.4832658767700195,0.4214499998251321
classifier.0.weight,0,445,1.4820408821105957,0.4218374958977233
classifier.0.weight,0,446,1.4817312955856323,0.4222248300975426
classifier.0.weight,0,447,1.4812805652618408,0.42261192868552533
classifier.0.weight,0,448,1.480430245399475,0.4229985829780108
classifier.0.weight,0,449,1.4799855947494507,0.42338500504035403
classifier.0.weight,0,450,1.4788836240768433,0.42377085187108643
classifier.0.weight,0,451,1.4774729013442993,0.42415596292617175
classifier.0.weight,0,452,1.4771268367767334,0.42454089359529873
classifier.0.weight,0,453,1.4756993055343628,0.42492508061125084
classifier.0.weight,0,454,1.4748445749282837,0.42530882271095016
classifier.0.weight,0,455,1.474327564239502,0.42569229581417894
classifier.0.weight,0,456,1.4736236333847046,0.42607540281951517
classifier.0.weight,0,457,1.4735063314437866,0.42645844883586387
classifier.0.weight,0,458,1.4726874828338623,0.42684106924216997
classifier.0.weight,0,459,1.4713901281356812,0.42722301581137234
classifier.0.weight,0,460,1.4706220626831055,0.4276045637325317
classifier.0.weight,0,461,1.4703134298324585,0.4279859515229969
classifier.0.weight,0,462,1.4697370529174805,0.42836704035675366
classifier.0.weight,0,463,1.4688001871109009,0.42874764350457767
classifier.0.weight,0,464,1.467754602432251,0.42912770497058605
classifier.0.weight,0,465,1.4669352769851685,0.42950734224154535
classifier.0.weight,0,466,1.4659343957901,0.4298864616407414
classifier.0.weight,0,467,1.4658681154251099,0.43026554675790657
classifier.0.weight,0,468,1.4652503728866577,0.4306443124361578
classifier.0.weight,0,469,1.4641807079315186,0.4310225253017366
classifier.0.weight,0,470,1.4633023738861084,0.43140028453806734
classifier.0.weight,0,471,1.46304452419281,0.4317779106556072
classifier.0.weight,0,472,1.4624539613723755,0.4321552319745827
classifier.0.weight,0,473,1.4611793756484985,0.4325318958796426
classifier.0.weight,0,474,1.4610893726348877,0.4329085133840441
classifier.0.weight,0,475,1.4606510400772095,0.43328490494887734
classifier.0.weight,0,476,1.4597539901733398,0.43366083433851965
classifier.0.weight,0,477,1.4589556455612183,0.43403635264638224
classifier.0.weight,0,478,1.4583985805511475,0.43441158424481124
classifier.0.weight,0,479,1.4579095840454102,0.43478656425745077
classifier.0.weight,0,480,1.4568971395492554,0.4351610236416076
classifier.0.weight,0,481,1.4567281007766724,0.43553539613633224
classifier.0.weight,0,482,1.4561673402786255,0.4359094804607387
classifier.0.weight,0,483,1.4552996158599854,0.43628311908721007
classifier.0.weight,0,484,1.453870177268982,0.4366560240762027
classifier.0.weight,0,485,1.4529166221618652,0.43702844006851216
classifier.0.weight,0,486,1.4523203372955322,0.4374005504404601
classifier.0.weight,0,487,1.4517199993133545,0.43777235324139513
classifier.0.weight,0,488,1.4509761333465576,0.43814377511406294
classifier.0.weight,0,489,1.4508898258209229,0.4385151528019248
classifier.0.weight,0,490,1.4501943588256836,0.4388861745440517
classifier.0.weight,0,491,1.4495978355407715,0.43925689111661637
classifier.0.weight,0,492,1.4489151239395142,0.43962725858144963
classifier.0.weight,0,493,1.4478847980499268,0.4399970994957577
classifier.0.weight,0,494,1.4469799995422363,0.4403664783195038
classifier.0.weight,0,495,1.4462733268737793,0.4407354964386396
classifier.0.weight,0,496,1.4454046487808228,0.4411040714026935
classifier.0.weight,0,497,1.4440759420394897,0.441471969043694
classifier.0.weight,0,498,1.4437330961227417,0.44183969201627515
classifier.0.weight,0,499,1.4435467720031738,0.4422073200804025
classifier.0.weight,0,500,1.4429056644439697,0.44257462167531064
classifier.0.weight,0,501,1.4425462484359741,0.44294174030935807
classifier.0.weight,0,502,1.4417611360549927,0.44330845944016584
classifier.0.weight,0,503,1.441157579421997,0.44367487159996427
classifier.0.weight,0,504,1.4405285120010376,0.4440409639506741
classifier.0.weight,0,505,1.4398107528686523,0.4444066915732126
classifier.0.weight,0,506,1.4389171600341797,0.44477196537198666
classifier.0.weight,0,507,1.438407301902771,0.4451369803583337
classifier.0.weight,0,508,1.437743067741394,0.44550165830601035
classifier.0.weight,0,509,1.4366235733032227,0.4458657685639515
classifier.0.weight,0,510,1.4365392923355103,0.4462298361013564
classifier.0.weight,0,511,1.4356862306594849,0.4465934713779082
classifier.0.weight,0,512,1.4353514909744263,0.4469569371063164
classifier.0.weight,0,513,1.4340996742248535,0.4473197691306002
classifier.0.weight,0,514,1.4339574575424194,0.4476825291958575
classifier.0.weight,0,515,1.4334787130355835,0.44804504707764314
classifier.0.weight,0,516,1.4331032037734985,0.44840737505637523
classifier.0.weight,0,517,1.4322333335876465,0.4487692633142954
classifier.0.weight,0,518,1.4316107034683228,0.4491308369956071
classifier.0.weight,0,519,1.4305377006530762,0.4494918688757378
classifier.0.weight,0,520,1.4303127527236938,0.4498527872223509
classifier.0.weight,0,521,1.42961847782135,0.45021335527391926
classifier.0.weight,0,522,1.4286941289901733,0.4505734572110462
classifier.0.weight,0,523,1.4280833005905151,0.4509332512957586
classifier.0.weight,0,524,1.427117109298706,0.4512925586969362
classifier.0.weight,0,525,1.4264602661132812,0.45165153542545367
classifier.0.weight,0,526,1.4260057210922241,0.45201028341281224
classifier.0.weight,0,527,1.4253838062286377,0.4523687185514208
classifier.0.weight,0,528,1.4246315956115723,0.4527267754795104
classifier.0.weight,0,529,1.4237273931503296,0.4530843780400092
classifier.0.weight,0,530,1.4233876466751099,0.45344180995026423
classifier.0.weight,0,531,1.4230525493621826,0.4537990735853848
classifier.0.weight,0,532,1.422271490097046,0.45415594515136615
classifier.0.weight,0,533,1.4216458797454834,0.4545125028343168
classifier.0.weight,0,534,1.4210364818572998,0.454868754901176
classifier.0.weight,0,535,1.4201726913452148,0.4552245739972681
classifier.0.weight,0,536,1.4192618131637573,0.4555799368053129
classifier.0.weight,0,537,1.4192276000976562,0.45593528248064175
classifier.0.weight,0,538,1.4182486534118652,0.45629013810843033
classifier.0.weight,0,539,1.4179826974868774,0.45664486066067184
classifier.0.weight,0,540,1.417046308517456,0.4569991148734722
classifier.0.weight,0,541,1.416737675666809,0.45735321478986
classifier.0.weight,0,542,1.415898084640503,0.45770689513525137
classifier.0.weight,0,543,1.4154690504074097,0.45806036117427745
classifier.0.weight,0,544,1.4146016836166382,0.45841339415435417
classifier.0.weight,0,545,1.4143061637878418,0.4587662796478986
classifier.0.weight,0,546,1.4137248992919922,0.4591188751368278
classifier.0.weight,0,547,1.4125508069992065,0.45947088521095375
classifier.0.weight,0,548,1.4118399620056152,0.4598225410866512
classifier.0.weight,0,549,1.4113587141036987,0.4601739572683126
classifier.0.weight,0,550,1.410813570022583,0.46052510203002717
classifier.0.weight,0,551,1.4104456901550293,0.4608760636885324
classifier.0.weight,0,552,1.4099361896514893,0.4612267718344834
classifier.0.weight,0,553,1.4091490507125854,0.46157708850317236
classifier.0.weight,0,554,1.4086074829101562,0.4619271359543908
classifier.0.weight,0,555,1.4079588651657104,0.46227686110899047
classifier.0.weight,0,556,1.4070769548416138,0.4626261482825713
classifier.0.weight,0,557,1.406653642654419,0.4629752253251059
classifier.0.weight,0,558,1.4055203199386597,0.46332374010048655
classifier.0.weight,0,559,1.4051817655563354,0.46367208699925627
classifier.0.weight,0,560,1.4049153327941895,0.4640203018122989
classifier.0.weight,0,561,1.404289722442627,0.46436820657350736
classifier.0.weight,0,562,1.4040699005126953,0.4647160024239845
classifier.0.weight,0,563,1.4029980897903442,0.46506326749028587
classifier.0.weight,0,564,1.4025835990905762,0.46541032740038735
classifier.0.weight,0,565,1.4020955562591553,0.4657571458266548
classifier.0.weight,0,566,1.4011545181274414,0.46610349886404273
classifier.0.weight,0,567,1.4008328914642334,0.46644969291313193
classifier.0.weight,0,568,1.3999730348587036,0.46679546209230005
classifier.0.weight,0,569,1.3988003730773926,0.46714065225962426
classifier.0.weight,0,570,1.3982220888137817,0.4674855570727506
classifier.0.weight,0,571,1.3980222940444946,0.4678303633246329
classifier.0.weight,0,572,1.3974119424819946,0.4681748685697352
classifier.0.weight,0,573,1.3972991704940796,0.46851931821351833
classifier.0.weight,0,574,1.396561861038208,0.4688634044433955
classifier.0.weight,0,575,1.3962165117263794,0.46920732051933467
classifier.0.weight,0,576,1.3956935405731201,0.4695509790069968
classifier.0.weight,0,577,1.3950649499893188,0.46989432801147
classifier.0.weight,0,578,1.3940304517745972,0.4702371679898414
classifier.0.weight,0,579,1.3935534954071045,0.4705797734084339
classifier.0.weight,0,580,1.3931884765625,0.4709221993706136
classifier.0.weight,0,581,1.392559289932251,0.4712643161123388
classifier.0.weight,0,582,1.392016053199768,0.47160616598696237
classifier.0.weight,0,583,1.3915762901306152,0.471947799902577
classifier.0.weight,0,584,1.3913623094558716,0.47228932876116275
classifier.0.weight,0,585,1.3910890817642212,0.4726307234979907
classifier.0.weight,0,586,1.3890448808670044,0.47297111561511485
classifier.0.weight,0,587,1.3885442018508911,0.4733112623888703
classifier.0.weight,0,588,1.3879350423812866,0.4736511107807989
classifier.0.weight,0,589,1.3877530097961426,0.4739908700339384
classifier.0.weight,0,590,1.3874635696411133,0.4743304875763917
classifier.0.weight,0,591,1.3861631155014038,0.4746694687777279
classifier.0.weight,0,592,1.3859782218933105,0.4750083595549622
classifier.0.weight,0,593,1.38569974899292,0.475347114164953
classifier.0.weight,0,594,1.3856016397476196,0.4756858208081565
classifier.0.weight,0,595,1.3848119974136353,0.4760241415094185
classifier.0.weight,0,596,1.3842604160308838,0.4763621927528246
classifier.0.weight,0,597,1.3833816051483154,0.4766998149023909
classifier.0.weight,0,598,1.3830803632736206,0.4770372900283807
classifier.0.weight,0,599,1.382921576499939,0.4773746876700654
classifier.0.weight,0,600,1.3819974660873413,0.47771163454360177
classifier.0.weight,0,601,1.380797028541565,0.4780479963104132
classifier.0.weight,0,602,1.3804352283477783,0.4783841818314675
classifier.0.weight,0,603,1.3796381950378418,0.4787199792521626
classifier.0.weight,0,604,1.3792140483856201,0.4790555702340117
classifier.0.weight,0,605,1.3789381980895996,0.47939102698924935
classifier.0.weight,0,606,1.3783164024353027,0.47972618128202
classifier.0.weight,0,607,1.3773555755615234,0.4800608684643238
classifier.0.weight,0,608,1.377111792564392,0.4803954371821942
classifier.0.weight,0,609,1.3769125938415527,0.4807299091165769
classifier.0.weight,0,610,1.3759608268737793,0.48106391881491506
classifier.0.weight,0,611,1.3755689859390259,0.4813977383042963
classifier.0.weight,0,612,1.3745442628860474,0.4817310606246991
classifier.0.weight,0,613,1.3740862607955933,0.48206416085420256
classifier.0.weight,0,614,1.373775839805603,0.4823971105987966
classifier.0.weight,0,615,1.3734816312789917,0.4827299177492908
classifier.0.weight,0,616,1.3727253675460815,0.48306235850145884
classifier.0.weight,0,617,1.372302532196045,0.48339459448425937
classifier.0.weight,0,618,1.3716500997543335,0.48372651463290384
classifier.0.weight,0,619,1.370776653289795,0.48405801219247285
classifier.0.weight,0,620,1.3705494403839111,0.48438939986647994
classifier.0.weight,0,621,1.3695032596588135,0.4847202818176477
classifier.0.weight,0,622,1.3690499067306519,0.4850509447383433
classifier.0.weight,0,623,1.3682793378829956,0.48538123553697393
classifier.0.weight,0,624,1.3680027723312378,0.48571139282803405
classifier.0.weight,0,625,1.3675810098648071,0.4860413465720096
classifier.0.weight,0,626,1.3672966957092285,0.4863711631383437
classifier.0.weight,0,627,1.3668979406356812,0.4867007873589316
classifier.0.weight,0,628,1.3668172359466553,0.4870303726571769
classifier.0.weight,0,629,1.3656692504882812,0.48735940455262866
classifier.0.weight,0,630,1.3649362325668335,0.4876880833295664
classifier.0.weight,0,631,1.3646425008773804,0.4880166206596261
classifier.0.weight,0,632,1.3638726472854614,0.4883447874101378
classifier.0.weight,0,633,1.363361120223999,0.48867270804574375
classifier.0.weight,0,634,1.3627153635025024,0.4890003181153492
classifier.0.weight,0,635,1.361953616142273,0.48932756202432803
classifier.0.weight,0,636,1.3614754676818848,0.48965457619904446
classifier.0.weight,0,637,1.361330509185791,0.48998152074201134
classifier.0.weight,0,638,1.3604239225387573,0.4903080299684125
classifier.0.weight,0,639,1.3603708744049072,0.4906345137316221
classifier.0.weight,0,640,1.358816146850586,0.49096025166403573
classifier.0.weight,0,641,1.3585973978042603,0.4912858847270353
classifier.0.weight,0,642,1.3582825660705566,0.49161136688772444
classifier.0.weight,0,643,1.3576964139938354,0.4919365681924499
classifier.0.weight,0,644,1.3571133613586426,0.49226149024658217
classifier.0.weight,0,645,1.3568426370620728,0.49258628267923515
classifier.0.weight,0,646,1.35614812374115,0.49291074270054713
classifier.0.weight,0,647,1.3559290170669556,0.49323509788727365
classifier.0.weight,0,648,1.35480797290802,0.49355891696013443
classifier.0.weight,0,649,1.3543514013290405,0.49388251781509834
classifier.0.weight,0,650,1.354027509689331,0.49420596391099664
classifier.0.weight,0,651,1.3532418012619019,0.4945290347403843
classifier.0.weight,0,652,1.352704644203186,0.4948518491406048
classifier.0.weight,0,653,1.352460265159607,0.4951745469123379
classifier.0.weight,0,654,1.3521504402160645,0.495497096852198
classifier.0.weight,0,655,1.3516886234283447,0.49581942650068395
classifier.0.weight,0,656,1.3513848781585693,0.4961416113005653
classifier.0.weight,0,657,1.3507437705993652,0.4964634904789788
classifier.0.weight,0,658,1.3500983715057373,0.4967850621365964
classifier.0.weight,0,659,1.3499785661697388,0.49710657672534864
classifier.0.weight,0,660,1.349312424659729,0.497427774092217
classifier.0.weight,0,661,1.3488644361495972,0.49774875821144887
classifier.0.weight,0,662,1.3485196828842163,0.4980695782724128
classifier.0.weight,0,663,1.347782015800476,0.49839004743946935
classifier.0.weight,0,664,1.34707772731781,0.49871018176933435
classifier.0.weight,0,665,1.3463386297225952,0.4990299649010489
classifier.0.weight,0,666,1.3460252285003662,0.4993495991716116
classifier.0.weight,0,667,1.3453130722045898,0.49966889530684655
classifier.0.weight,0,668,1.3448487520217896,0.49998797107693593
classifier.0.weight,0,669,1.3441317081451416,0.5003067066893183
classifier.0.weight,0,670,1.3436105251312256,0.500625195172078
classifier.0.weight,0,671,1.3433681726455688,0.5009435687710783
classifier.0.weight,0,672,1.34295654296875,0.5012617472903586
classifier.0.weight,0,673,1.3422049283981323,0.5015795697583723
classifier.0.weight,0,674,1.341834306716919,0.5018972167306296
classifier.0.weight,0,675,1.3413255214691162,0.5022146228632348
classifier.0.weight,0,676,1.340819239616394,0.5025317894318642
classifier.0.weight,0,677,1.3400115966796875,0.5028485740247833
classifier.0.weight,0,678,1.3394619226455688,0.5031650987803222
classifier.0.weight,0,679,1.3388605117797852,0.5034813393640032
classifier.0.weight,0,680,1.3385554552078247,0.5037974358545884
classifier.0.weight,0,681,1.3381991386413574,0.5041133640810572
classifier.0.weight,0,682,1.337648868560791,0.5044290325403468
classifier.0.weight,0,683,1.3374309539794922,0.5047445981577642
classifier.0.weight,0,684,1.3369791507720947,0.5050599506060816
classifier.0.weight,0,685,1.3358855247497559,0.5053747873596082
classifier.0.weight,0,686,1.3354133367538452,0.5056894015852916
classifier.0.weight,0,687,1.3352162837982178,0.506003922969175
classifier.0.weight,0,688,1.3347012996673584,0.5063182017821918
classifier.0.weight,0,689,1.334552526473999,0.5066324105366018
classifier.0.weight,0,690,1.3335610628128052,0.5069461526014865
classifier.0.weight,0,691,1.3334447145462036,0.5072598399230915
classifier.0.weight,0,692,1.3331094980239868,0.5075733695479364
classifier.0.weight,0,693,1.3320775032043457,0.5078864139377565
classifier.0.weight,0,694,1.331506609916687,0.5081991900599357
classifier.0.weight,0,695,1.3312568664550781,0.5085118488616823
classifier.0.weight,0,696,1.330840826034546,0.5088243122715751
classifier.0.weight,0,697,1.3304483890533447,0.5091365914308565
classifier.0.weight,0,698,1.3295079469680786,0.5094484292702482
classifier.0.weight,0,699,1.328972339630127,0.5097600159054378
classifier.0.weight,0,700,1.3285430669784546,0.5100714012813312
classifier.0.weight,0,701,1.3281502723693848,0.5103826025571847
classifier.0.weight,0,702,1.3275671005249023,0.5106935306049518
classifier.0.weight,0,703,1.3273359537124634,0.5110043503888574
classifier.0.weight,0,704,1.326584815979004,0.511314818487257
classifier.0.weight,0,705,1.3258845806121826,0.5116249589121256
classifier.0.weight,0,706,1.3257707357406616,0.5119350460798984
classifier.0.weight,0,707,1.3257181644439697,0.5122451086561474
classifier.0.weight,0,708,1.3252350091934204,0.5125549452702469
classifier.0.weight,0,709,1.3239614963531494,0.512864186682268
classifier.0.weight,0,710,1.32365882396698,0.5131732867183691
classifier.0.weight,0,711,1.3233141899108887,0.5134822258179368
classifier.0.weight,0,712,1.3227424621582031,0.5137908980256313
classifier.0.weight,0,713,1.3223612308502197,0.5140993923324039
classifier.0.weight,0,714,1.3218446969985962,0.5144076456813702
classifier.0.weight,0,715,1.3213145732879639,0.5147156518308865
classifier.0.weight,0,716,1.3206350803375244,0.5150233412743016
classifier.0.weight,0,717,1.3201735019683838,0.5153308156727366
classifier.0.weight,0,718,1.3198872804641724,0.5156381567610507
classifier.0.weight,0,719,1.3195393085479736,0.515945335817392
classifier.0.weight,0,720,1.3188811540603638,0.5162522085230941
classifier.0.weight,0,721,1.3186055421829224,0.5165589529853603
classifier.0.weight,0,722,1.3182908296585083,0.516865551043261
classifier.0.weight,0,723,1.3178313970565796,0.5171719354357174
classifier.0.weight,0,724,1.3176316022872925,0.5174782269341073
classifier.0.weight,0,725,1.3173625469207764,0.517784393358148
classifier.0.weight,0,726,1.3166496753692627,0.518090228516842
classifier.0.weight,0,727,1.3159607648849487,0.5183957437150627
classifier.0.weight,0,728,1.3155858516693115,0.518701084857381
classifier.0.weight,0,729,1.3150324821472168,0.5190061691849185
classifier.0.weight,0,730,1.3143517971038818,0.519310937759658
classifier.0.weight,0,731,1.3139618635177612,0.5196155255275918
classifier.0.weight,0,732,1.313533067703247,0.5199199145307779
classifier.0.weight,0,733,1.3130826950073242,0.5202240948372856
classifier.0.weight,0,734,1.3127942085266113,0.5205281415006239
classifier.0.weight,0,735,1.3123944997787476,0.5208320030449098
classifier.0.weight,0,736,1.311821699142456,0.5211355994035325
classifier.0.weight,0,737,1.3111897706985474,0.5214389033367965
classifier.0.weight,0,738,1.3103704452514648,0.5217418283363707
classifier.0.weight,0,739,1.3097949028015137,0.5220444872922337
classifier.0.weight,0,740,1.309679627418518,0.5223470929762576
classifier.0.weight,0,741,1.3091871738433838,0.5226494711371048
classifier.0.weight,0,742,1.3091248273849487,0.5229518204987721
classifier.0.weight,0,743,1.308800220489502,0.5232540199396407
classifier.0.weight,0,744,1.3082624673843384,0.5235559710992211
classifier.0.weight,0,745,1.3075604438781738,0.5238575982872091
classifier.0.weight,0,746,1.3073766231536865,0.5241591406738692
classifier.0.weight,0,747,1.306687355041504,0.5244603651892153
classifier.0.weight,0,748,1.3057796955108643,0.524761171372904
classifier.0.weight,0,749,1.3052334785461426,0.5250617259504816
classifier.0.weight,0,750,1.3046610355377197,0.5253620169543141
classifier.0.weight,0,751,1.3043959140777588,0.5256621859256829
classifier.0.weight,0,752,1.3041019439697266,0.5259622196148714
classifier.0.weight,0,753,1.3035614490509033,0.5262620046531327
classifier.0.weight,0,754,1.3033641576766968,0.5265616989545491
classifier.0.weight,0,755,1.3029261827468872,0.5268611918747381
classifier.0.weight,0,756,1.3021732568740845,0.5271603387571895
classifier.0.weight,0,757,1.3021240234375,0.527459463019378
classifier.0.weight,0,758,1.3015772104263306,0.5277583361062685
classifier.0.weight,0,759,1.3011213541030884,0.5280569998789102
classifier.0.weight,0,760,1.3009693622589111,0.5283555938781891
classifier.0.weight,0,761,1.300723671913147,0.5286540751081164
classifier.0.weight,0,762,1.2998950481414795,0.528952176165271
classifier.0.weight,0,763,1.2998138666152954,0.5292502399893535
classifier.0.weight,0,764,1.2991690635681152,0.5295480081637337
classifier.0.weight,0,765,1.2984126806259155,0.5298454297147068
classifier.0.weight,0,766,1.2981243133544922,0.5301427191703633
classifier.0.weight,0,767,1.2976109981536865,0.5304397735591262
classifier.0.weight,0,768,1.2973612546920776,0.5307367136143143
classifier.0.weight,0,769,1.2966666221618652,0.5310333357796284
classifier.0.weight,0,770,1.2960083484649658,0.5313296568513493
classifier.0.weight,0,771,1.295844316482544,0.5316259029188358
classifier.0.weight,0,772,1.2953567504882812,0.5319219261010056
classifier.0.weight,0,773,1.2948436737060547,0.5322177148264634
classifier.0.weight,0,774,1.294486165046692,0.5325133402388754
classifier.0.weight,0,775,1.2940824031829834,0.5328087812636041
classifier.0.weight,0,776,1.2939037084579468,0.5331041407013991
classifier.0.weight,0,777,1.293250322341919,0.533399201917574
classifier.0.weight,0,778,1.29269278049469,0.5336940087769374
classifier.0.weight,0,779,1.2924081087112427,0.5339886858081544
classifier.0.weight,0,780,1.2921291589736938,0.5342832356485728
classifier.0.weight,0,781,1.291082739830017,0.5345773086051071
classifier.0.weight,0,782,1.2908064126968384,0.5348712556957483
classifier.0.weight,0,783,1.2906166315078735,0.5351651163574304
classifier.0.weight,0,784,1.2896934747695923,0.5354585567821147
classifier.0.weight,0,785,1.2894505262374878,0.5357518866623838
classifier.0.weight,0,786,1.2888166904449463,0.5360449282380181
classifier.0.weight,0,787,1.288679838180542,0.5363379075840516
classifier.0.weight,0,788,1.2882059812545776,0.5366306715084364
classifier.0.weight,0,789,1.2880231142044067,0.5369233523202193
classifier.0.weight,0,790,1.287421703338623,0.5372157598755303
classifier.0.weight,0,791,1.2868061065673828,0.537507887861046
classifier.0.weight,0,792,1.2866570949554443,0.5377999481938804
classifier.0.weight,0,793,1.2860336303710938,0.5380917255528628
classifier.0.weight,0,794,1.2853329181671143,0.5383831850410643
classifier.0.weight,0,795,1.2851881980895996,0.5386745789000977
classifier.0.weight,0,796,1.2846839427947998,0.5389657441419208
classifier.0.weight,0,797,1.284401297569275,0.5392567812784416
classifier.0.weight,0,798,1.2837722301483154,0.5395475333994509
classifier.0.weight,0,799,1.2833834886550903,0.5398381094607233
classifier.0.weight,0,800,1.282372236251831,0.5401282277788909
classifier.0.weight,0,801,1.2821768522262573,0.5404182576981289
classifier.0.weight,0,802,1.2814608812332153,0.5407079638008326
classifier.0.weight,0,803,1.280861496925354,0.5409973989554576
classifier.0.weight,0,804,1.2803363800048828,0.5412865968383054
classifier.0.weight,0,805,1.280076265335083,0.5415756772255144
classifier.0.weight,0,806,1.2797259092330933,0.5418645993921234
classifier.0.weight,0,807,1.279322624206543,0.5421533394890824
classifier.0.weight,0,808,1.279059648513794,0.5424419608922555
classifier.0.weight,0,809,1.2783278226852417,0.5427302521150935
classifier.0.weight,0,810,1.2779927253723145,0.5430183922140174
classifier.0.weight,0,811,1.277861475944519,0.5433064731321957
classifier.0.weight,0,812,1.2771825790405273,0.5435942480308337
classifier.0.weight,0,813,1.277069330215454,0.5438819718972624
classifier.0.weight,0,814,1.2765523195266724,0.5441694628457133
classifier.0.weight,0,815,1.2762558460235596,0.5444568202727257
classifier.0.weight,0,816,1.27584969997406,0.5447439948359121
classifier.0.weight,0,817,1.2757291793823242,0.5450311151469187
classifier.0.weight,0,818,1.2749611139297485,0.5453178898347165
classifier.0.weight,0,819,1.2743812799453735,0.5456044037398179
classifier.0.weight,0,820,1.2742193937301636,0.5458908448571179
classifier.0.weight,0,821,1.2733081579208374,0.5461768764341546
classifier.0.weight,0,822,1.2729780673980713,0.5464627597296083
classifier.0.weight,0,823,1.2725920677185059,0.546748469677017
classifier.0.weight,0,824,1.2723358869552612,0.5470340646055957
classifier.0.weight,0,825,1.2718812227249146,0.5473194554581924
classifier.0.weight,0,826,1.2718223333358765,0.5476048198836297
classifier.0.weight,0,827,1.2713404893875122,0.5478899681230938
classifier.0.weight,0,828,1.270693063735962,0.5481748260150392
classifier.0.weight,0,829,1.2704877853393555,0.548459591877761
classifier.0.weight,0,830,1.2701612710952759,0.5487442113901385
classifier.0.weight,0,831,1.26952064037323,0.5490285438680653
classifier.0.weight,0,832,1.2690733671188354,0.5493126760311553
classifier.0.weight,0,833,1.268691062927246,0.5495966370322648
classifier.0.weight,0,834,1.2680649757385254,0.549880317838325
classifier.0.weight,0,835,1.2676433324813843,0.5501638100228
classifier.0.weight,0,836,1.2675690650939941,0.5504472689903492
classifier.0.weight,0,837,1.267075777053833,0.5507305073786578
classifier.0.weight,0,838,1.2668144702911377,0.5510136289555239
classifier.0.weight,0,839,1.2665026187896729,0.5512966111575667
classifier.0.weight,0,840,1.266124963760376,0.5515794246213588
classifier.0.weight,0,841,1.265598177909851,0.5518620027985205
classifier.0.weight,0,842,1.264926791191101,0.5521442812456155
classifier.0.weight,0,843,1.2647124528884888,0.5524264640382307
classifier.0.weight,0,844,1.263917326927185,0.552708292125185
classifier.0.weight,0,845,1.2634742259979248,0.5529899226416262
classifier.0.weight,0,846,1.26325523853302,0.5532714555411838
classifier.0.weight,0,847,1.2628580331802368,0.5535528114237928
classifier.0.weight,0,848,1.2626608610153198,0.5538340794561187
classifier.0.weight,0,849,1.2618563175201416,0.5541149891653538
classifier.0.weight,0,850,1.2616580724716187,0.5543958106163878
classifier.0.weight,0,851,1.2614662647247314,0.5546765466882899
classifier.0.weight,0,852,1.261092185974121,0.5549571162843522
classifier.0.weight,0,853,1.2604237794876099,0.5552373885431677
classifier.0.weight,0,854,1.259987711906433,0.5555174669044923
classifier.0.weight,0,855,1.2597469091415405,0.5557974382215998
classifier.0.weight,0,856,1.2593462467193604,0.5560772314773098
classifier.0.weight,0,857,1.2590900659561157,0.5563569109114881
classifier.0.weight,0,858,1.2586158514022827,0.5566363797124709
classifier.0.weight,0,859,1.2581915855407715,0.5569156601333577
classifier.0.weight,0,860,1.2575459480285645,0.5571946540038424
classifier.0.weight,0,861,1.257147192955017,0.5574734709701219
classifier.0.weight,0,862,1.2568625211715698,0.5577521616785743
classifier.0.weight,0,863,1.2568291425704956,0.5580308375847993
classifier.0.weight,0,864,1.2560292482376099,0.5583091588838054
classifier.0.weight,0,865,1.255638599395752,0.5585873070833626
classifier.0.weight,0,866,1.2550711631774902,0.558865203943562
classifier.0.weight,0,867,1.2548664808273315,0.5591430101699457
classifier.0.weight,0,868,1.2546011209487915,0.5594206989163694
classifier.0.weight,0,869,1.2541382312774658,0.559698182792037
classifier.0.weight,0,870,1.2538304328918457,0.5599755304807899
classifier.0.weight,0,871,1.253296971321106,0.5602526422160119
classifier.0.weight,0,872,1.2531044483184814,0.5605296688217124
classifier.0.weight,0,873,1.2528398036956787,0.5608065784286104
classifier.0.weight,0,874,1.2521096467971802,0.5610831653629024
classifier.0.weight,0,875,1.2519030570983887,0.5613596610347433
classifier.0.weight,0,876,1.2511855363845825,0.5616358398537463
classifier.0.weight,0,877,1.250795602798462,0.5619118465566031
classifier.0.weight,0,878,1.2503336668014526,0.5621876494309721
classifier.0.weight,0,879,1.249814510345459,0.5624632233182788
classifier.0.weight,0,880,1.2495054006576538,0.5627386609101214
classifier.0.weight,0,881,1.2493441104888916,0.563014027397816
classifier.0.weight,0,882,1.2488209009170532,0.5632891632937743
classifier.0.weight,0,883,1.2484105825424194,0.5635641184195883
classifier.0.weight,0,884,1.2481549978256226,0.56383896097485
classifier.0.weight,0,885,1.2478011846542358,0.5641136477335421
classifier.0.weight,0,886,1.2475394010543823,0.564388219248001
classifier.0.weight,0,887,1.24705970287323,0.5646625796490738
classifier.0.weight,0,888,1.2468841075897217,0.5649368627916151
classifier.0.weight,0,889,1.2461014986038208,0.5652108017336235
classifier.0.weight,0,890,1.245438575744629,0.5654844492835077
classifier.0.weight,0,891,1.2452638149261475,0.5657580200419461
classifier.0.weight,0,892,1.2451564073562622,0.5660315436098972
classifier.0.weight,0,893,1.2445061206817627,0.5663047815554411
classifier.0.weight,0,894,1.2437858581542969,0.5665777033175612
classifier.0.weight,0,895,1.2437024116516113,0.5668505884598687
classifier.0.weight,0,896,1.2430704832077026,0.5671231963653193
classifier.0.weight,0,897,1.2429312467575073,0.5673957432045122
classifier.0.weight,0,898,1.2424843311309814,0.5676680940818718
classifier.0.weight,0,899,1.2422945499420166,0.5679403617660279
classifier.0.weight,0,900,1.241510272026062,0.5682122857859081
classifier.0.weight,0,901,1.2412188053131104,0.5684840821427336
classifier.0.weight,0,902,1.2407256364822388,0.5687556625588052
classifier.0.weight,0,903,1.2401022911071777,0.5690269701573161
classifier.0.weight,0,904,1.239805817604065,0.5692981480473347
classifier.0.weight,0,905,1.239600419998169,0.569569236093162
classifier.0.weight,0,906,1.2393826246261597,0.5698402288880776
classifier.0.weight,0,907,1.2387771606445312,0.5701109569765241
classifier.0.weight,0,908,1.2386870384216309,0.5703816456749489
classifier.0.weight,0,909,1.2383414506912231,0.5706521833527519
classifier.0.weight,0,910,1.2378238439559937,0.5709224949170568
classifier.0.weight,0,911,1.2373383045196533,0.5711925944622053
classifier.0.weight,0,912,1.237018346786499,0.5714625543377673
classifier.0.weight,0,913,1.2366591691970825,0.5717323574663247
classifier.0.weight,0,914,1.2364970445632935,0.5720020898577425
classifier.0.weight,0,915,1.2356276512145996,0.5722714430794611
classifier.0.weight,0,916,1.2350492477416992,0.5725405441890251
classifier.0.weight,0,917,1.2348222732543945,0.5728095463981219
classifier.0.weight,0,918,1.2346843481063843,0.5730784885174417
classifier.0.weight,0,919,1.2346210479736328,0.5733474030610731
classifier.0.weight,0,920,1.2340774536132812,0.5736160808547343
classifier.0.weight,0,921,1.233725666999817,0.573884605491429
classifier.0.weight,0,922,1.2335407733917236,0.5741530496486945
classifier.0.weight,0,923,1.233202338218689,0.5744213465250857
classifier.0.weight,0,924,1.2329457998275757,0.5746895317875303
classifier.0.weight,0,925,1.2322161197662354,0.5749573997099386
classifier.0.weight,0,926,1.2319483757019043,0.5752251512367679
classifier.0.weight,0,927,1.2315912246704102,0.5754927475397676
classifier.0.weight,0,928,1.231094241142273,0.5757601279202774
classifier.0.weight,0,929,1.2306970357894897,0.5760273357911911
classifier.0.weight,0,930,1.230559229850769,0.5762944838248438
classifier.0.weight,0,931,1.2299160957336426,0.5765613526892974
classifier.0.weight,0,932,1.229346513748169,0.5768279744336406
classifier.0.weight,0,933,1.2290456295013428,0.5770944656818795
classifier.0.weight,0,934,1.2287490367889404,0.5773608283265524
classifier.0.weight,0,935,1.2282979488372803,0.5776269954375218
classifier.0.weight,0,936,1.2280752658843994,0.5778930660482803
classifier.0.weight,0,937,1.227557897567749,0.578158912523741
classifier.0.weight,0,938,1.2269200086593628,0.5784244827817492
classifier.0.weight,0,939,1.2266831398010254,0.5786899505078057
classifier.0.weight,0,940,1.2262016534805298,0.5789552098768883
classifier.0.weight,0,941,1.2260112762451172,0.5792203868852516
classifier.0.weight,0,942,1.2252854108810425,0.5794852499881405
classifier.0.weight,0,943,1.2249999046325684,0.5797499896728283
classifier.0.weight,0,944,1.224961280822754,0.5800147126634837
classifier.0.weight,0,945,1.2241734266281128,0.5802790952416682
classifier.0.weight,0,946,1.2239069938659668,0.5805433627503477
classifier.0.weight,0,947,1.2234923839569092,0.5808074512431872
classifier.0.weight,0,948,1.223000407218933,0.5810713273942504
classifier.0.weight,0,949,1.2227485179901123,0.5813350948606149
classifier.0.weight,0,950,1.2225745916366577,0.5815987872946236
classifier.0.weight,0,951,1.222043514251709,0.5818622506862937
classifier.0.weight,0,952,1.221566081047058,0.5821255082561602
classifier.0.weight,0,953,1.2215094566345215,0.5823887414205361
classifier.0.weight,0,954,1.221145749092102,0.5826518178515632
classifier.0.weight,0,955,1.2207462787628174,0.5829147221916838
classifier.0.weight,0,956,1.220361590385437,0.5831774608621474
classifier.0.weight,0,957,1.2200148105621338,0.5834400502333784
classifier.0.weight,0,958,1.2194327116012573,0.5837023890887406
classifier.0.weight,0,959,1.2190965414047241,0.5839645833221853
classifier.0.weight,0,960,1.2188055515289307,0.584226652402684
classifier.0.weight,0,961,1.2182252407073975,0.5844884719842895
classifier.0.weight,0,962,1.2182090282440186,0.5847502845972132
classifier.0.weight,0,963,1.217957615852356,0.5850119891561962
classifier.0.weight,0,964,1.217226505279541,0.5852733796196137
classifier.0.weight,0,965,1.2170917987823486,0.585534712231768
classifier.0.weight,0,966,1.216931700706482,0.5857959760962788
classifier.0.weight,0,967,1.2160875797271729,0.5860568776367229
classifier.0.weight,0,968,1.2159160375595093,0.5863177055764496
classifier.0.weight,0,969,1.2157090902328491,0.5865784447385802
classifier.0.weight,0,970,1.2154176235198975,0.5868390588910734
classifier.0.weight,0,971,1.2149962186813354,0.5870994923566587
classifier.0.weight,0,972,1.2149019241333008,0.5873598853998911
classifier.0.weight,0,973,1.214207410812378,0.5876199808145791
classifier.0.weight,0,974,1.2137465476989746,0.5878798788237284
classifier.0.weight,0,975,1.2136900424957275,0.5881397526346659
classifier.0.weight,0,976,1.2132999897003174,0.5883994594371996
classifier.0.weight,0,977,1.2126914262771606,0.5886589057791294
classifier.0.weight,0,978,1.2122695446014404,0.5889181716355442
classifier.0.weight,0,979,1.211848497390747,0.5891772574260505
classifier.0.weight,0,980,1.211563229560852,0.5894362212538821
classifier.0.weight,0,981,1.2114640474319458,0.589695142684368
classifier.0.weight,0,982,1.2113988399505615,0.5899540362425287
classifier.0.weight,0,983,1.2107266187667847,0.5902126425535144
classifier.0.weight,0,984,1.2103129625320435,0.5904710721840887
classifier.0.weight,0,985,1.2098196744918823,0.590729291200927
classifier.0.weight,0,986,1.209223747253418,0.5909872558958192
classifier.0.weight,0,987,1.2091437578201294,0.5912451864634174
classifier.0.weight,0,988,1.2086446285247803,0.5915029041297293
classifier.0.weight,0,989,1.2082059383392334,0.5917604347473581
classifier.0.weight,0,990,1.2079544067382812,0.5920178581475936
classifier.0.weight,0,991,1.2073609828948975,0.5922750286845425
classifier.0.weight,0,992,1.2071969509124756,0.5925321293478945
classifier.0.weight,0,993,1.2070252895355225,0.5927891568978808
classifier.0.weight,0,994,1.206752061843872,0.5930460680972053
classifier.0.weight,0,995,1.2064200639724731,0.593302837954756
classifier.0.weight,0,996,1.2062251567840576,0.5935595248523995
classifier.0.weight,0,997,1.2057554721832275,0.5938160118894946
classifier.0.weight,0,998,1.205409288406372,0.594072351668034
classifier.0.weight,0,999,1.204896092414856,0.5943284732226983
classifier.0.weight,0,1000,1.2043864727020264,0.5945843781661697
classifier.0.weight,0,1001,1.204196810722351,0.5948402025182068
classifier.0.weight,0,1002,1.2037713527679443,0.595095846130224
classifier.0.weight,0,1003,1.2030341625213623,0.5953511767255357
classifier.0.weight,0,1004,1.2027359008789062,0.5956063807311218
classifier.0.weight,0,1005,1.2024227380752563,0.5958614518563353
classifier.0.weight,0,1006,1.2021913528442383,0.5961164248230382
classifier.0.weight,0,1007,1.2017138004302979,0.5963711952616306
classifier.0.weight,0,1008,1.2015050649642944,0.5966258772016013
classifier.0.weight,0,1009,1.2012547254562378,0.5968804530241508
classifier.0.weight,0,1010,1.200920581817627,0.5971348872396639
classifier.0.weight,0,1011,1.200910210609436,0.5973893170605837
classifier.0.weight,0,1012,1.2002716064453125,0.5976434763587933
classifier.0.weight,0,1013,1.2000023126602173,0.5978975216230776
classifier.0.weight,0,1014,1.1996309757232666,0.5981514096846744
classifier.0.weight,0,1015,1.1994320154190063,0.598405213537947
classifier.0.weight,0,1016,1.1992937326431274,0.598658958872391
classifier.0.weight,0,1017,1.198416829109192,0.5989123332737991
classifier.0.weight,0,1018,1.1981815099716187,0.5991656081806234
classifier.0.weight,0,1019,1.1976423263549805,0.5994186551905011
classifier.0.weight,0,1020,1.1974027156829834,0.5996716009569653
classifier.0.weight,0,1021,1.1972156763076782,0.5999244677072011
classifier.0.weight,0,1022,1.1966674327850342,0.6001771029188455
classifier.0.weight,0,1023,1.1961462497711182,0.6004295181186393
classifier.0.weight,0,1024,1.1958379745483398,0.6006818032284467
classifier.0.weight,0,1025,1.1954822540283203,0.6009339382683537
classifier.0.weight,0,1026,1.1953450441360474,0.6011860154346518
classifier.0.weight,0,1027,1.19471275806427,0.6014378259955405
classifier.0.weight,0,1028,1.1946419477462769,0.6016896067078193
classifier.0.weight,0,1029,1.194179892539978,0.6019411926938185
classifier.0.weight,0,1030,1.1941249370574951,0.6021927555246612
classifier.0.weight,0,1031,1.1935415267944336,0.6024440726048615
classifier.0.weight,0,1032,1.1930943727493286,0.6026952014110961
classifier.0.weight,0,1033,1.1926037073135376,0.6029461237040984
classifier.0.weight,0,1034,1.19234037399292,0.6031969351993475
classifier.0.weight,0,1035,1.1918662786483765,0.603447547280193
classifier.0.weight,0,1036,1.1914629936218262,0.6036979897933572
classifier.0.weight,0,1037,1.191299319267273,0.6039483635033752
classifier.0.weight,0,1038,1.1910876035690308,0.6041986482293173
classifier.0.weight,0,1039,1.1907026767730713,0.6044487712111023
classifier.0.weight,0,1040,1.1904897689819336,0.6046988047526407
classifier.0.weight,0,1041,1.1899851560592651,0.6049486263756569
classifier.0.weight,0,1042,1.1893329620361328,0.6051981742347199
classifier.0.weight,0,1043,1.189182162284851,0.6054476588156755
classifier.0.weight,0,1044,1.188669204711914,0.6056969282110894
classifier.0.weight,0,1045,1.1884795427322388,0.6059461180668719
classifier.0.weight,0,1046,1.188193678855896,0.6061951880622636
classifier.0.weight,0,1047,1.1877315044403076,0.6064440643326867
classifier.0.weight,0,1048,1.1876121759414673,0.6066928905976334
classifier.0.weight,0,1049,1.1869051456451416,0.6069414206794604
classifier.0.weight,0,1050,1.1867108345031738,0.6071898693930143
classifier.0.weight,0,1051,1.1861952543258667,0.6074381022706598
classifier.0.weight,0,1052,1.185839295387268,0.6076861861889268
classifier.0.weight,0,1053,1.1854428052902222,0.6079341042392332
classifier.0.weight,0,1054,1.1850394010543823,0.6081818535860402
classifier.0.weight,0,1055,1.1847748756408691,0.6084294923395895
classifier.0.weight,0,1056,1.1841027736663818,0.6086768502106018
classifier.0.weight,0,1057,1.1839526891708374,0.6089241453805896
classifier.0.weight,0,1058,1.1837096214294434,0.609171339020662
classifier.0.weight,0,1059,1.1835728883743286,0.6094184755562067
classifier.0.weight,0,1060,1.1830366849899292,0.6096653882180368
classifier.0.weight,0,1061,1.1827268600463867,0.6099121715691105
classifier.0.weight,0,1062,1.1823540925979614,0.6101587993841832
classifier.0.weight,0,1063,1.1822148561477661,0.6104053691158782
classifier.0.weight,0,1064,1.1821190118789673,0.6106518988694973
classifier.0.weight,0,1065,1.1817387342453003,0.6108982700355781
classifier.0.weight,0,1066,1.181394100189209,0.6111444975226697
classifier.0.weight,0,1067,1.1811132431030273,0.611390607950578
classifier.0.weight,0,1068,1.1805862188339233,0.6116364987937325
classifier.0.weight,0,1069,1.1804121732711792,0.6118823171422993
classifier.0.weight,0,1070,1.1801499128341675,0.6121280262726333
classifier.0.weight,0,1071,1.1796929836273193,0.6123735451729936
classifier.0.weight,0,1072,1.1793644428253174,0.6126189273399065
classifier.0.weight,0,1073,1.1792364120483398,0.6128642562327625
classifier.0.weight,0,1074,1.1787629127502441,0.6131093881511427
classifier.0.weight,0,1075,1.178406834602356,0.6133543719940533
classifier.0.weight,0,1076,1.1781538724899292,0.6135992506695854
classifier.0.weight,0,1077,1.1775219440460205,0.6138438667235646
classifier.0.weight,0,1078,1.176864504814148,0.6140882097035744
classifier.0.weight,0,1079,1.1767866611480713,0.6143325203605354
classifier.0.weight,0,1080,1.1765459775924683,0.6145767310919173
classifier.0.weight,0,1081,1.17604660987854,0.614820734563954
classifier.0.weight,0,1082,1.175939679145813,0.6150646936665181
classifier.0.weight,0,1083,1.1752270460128784,0.6153083571745648
classifier.0.weight,0,1084,1.175039529800415,0.6155519429321663
classifier.0.weight,0,1085,1.1748573780059814,0.6157954531754678
classifier.0.weight,0,1086,1.1745994091033936,0.6160388564931546
classifier.0.weight,0,1087,1.1742140054702759,0.6162821001085086
classifier.0.weight,0,1088,1.174008846282959,0.6165252587320251
classifier.0.weight,0,1089,1.1737433671951294,0.6167683073968631
classifier.0.weight,0,1090,1.173187255859375,0.6170111258067712
classifier.0.weight,0,1091,1.1729265451431274,0.6172538363083685
classifier.0.weight,0,1092,1.1725455522537231,0.6174963891599282
classifier.0.weight,0,1093,1.1723108291625977,0.6177388449115391
classifier.0.weight,0,1094,1.172104835510254,0.6179812154639748
classifier.0.weight,0,1095,1.171724796295166,0.6182234288711126
classifier.0.weight,0,1096,1.1714458465576172,0.6184655269656377
classifier.0.weight,0,1097,1.1713640689849854,0.6187075912600457
classifier.0.weight,0,1098,1.1705697774887085,0.6189493273824915
classifier.0.weight,0,1099,1.170400857925415,0.6191909937423059
classifier.0.weight,0,1100,1.1699615716934204,0.6194324787270278
classifier.0.weight,0,1101,1.1696852445602417,0.6196738496550576
classifier.0.weight,0,1102,1.1694246530532837,0.619915113046111
classifier.0.weight,0,1103,1.169306993484497,0.6201563278910379
classifier.0.weight,0,1104,1.1687873601913452,0.6203973283946259
classifier.0.weight,0,1105,1.1685991287231445,0.6206382512789185
classifier.0.weight,0,1106,1.1684439182281494,0.6208791101698776
classifier.0.weight,0,1107,1.1681954860687256,0.6211198666498742
classifier.0.weight,0,1108,1.1678160429000854,0.62136046675439
classifier.0.weight,0,1109,1.167195200920105,0.6216008111081129
classifier.0.weight,0,1110,1.1670095920562744,0.6218410790281846
classifier.0.weight,0,1111,1.166925072669983,0.6220813121472367
classifier.0.weight,0,1112,1.1666219234466553,0.6223214204647476
classifier.0.weight,0,1113,1.1664297580718994,0.6225614496877312
classifier.0.weight,0,1114,1.1662019491195679,0.6228013851623074
classifier.0.weight,0,1115,1.1656768321990967,0.623041104609443
classifier.0.weight,0,1116,1.1650171279907227,0.6232805527992734
classifier.0.weight,0,1117,1.1647130250930786,0.623519875999723
classifier.0.weight,0,1118,1.1644461154937744,0.6237590895245033
classifier.0.weight,0,1119,1.1640385389328003,0.6239981356207328
classifier.0.weight,0,1120,1.1634652614593506,0.6242369463192634
classifier.0.weight,0,1121,1.1633362770080566,0.6244757040705158
classifier.0.weight,0,1122,1.1629341840744019,0.6247142968029075
classifier.0.weight,0,1123,1.162808895111084,0.6249528381283902
classifier.0.weight,0,1124,1.1627670526504517,0.625191362286862
classifier.0.weight,0,1125,1.1621712446212769,0.6254296420658629
classifier.0.weight,0,1126,1.162113904953003,0.6256678983327584
classifier.0.weight,0,1127,1.1614691019058228,0.6259058902783242
classifier.0.weight,0,1128,1.1610833406448364,0.6261437241605774
classifier.0.weight,0,1129,1.1608868837356567,0.6263814775659952
classifier.0.weight,0,1130,1.1607530117034912,0.6266191761397204
classifier.0.weight,0,1131,1.1603821516036987,0.6268567228485209
classifier.0.weight,0,1132,1.1599857807159424,0.627094107299537
classifier.0.weight,0,1133,1.159915804862976,0.6273314631111012
classifier.0.weight,0,1134,1.159037470817566,0.6275684595883836
classifier.0.weight,0,1135,1.1588172912597656,0.6278053660309183
classifier.0.weight,0,1136,1.1587507724761963,0.6280422452762818
classifier.0.weight,0,1137,1.1580491065979004,0.6282788377304481
classifier.0.weight,0,1138,1.157645583152771,0.6285152653315557
classifier.0.weight,0,1139,1.1573686599731445,0.6287515798333638
classifier.0.weight,0,1140,1.1571029424667358,0.6289877858378641
classifier.0.weight,0,1141,1.156737208366394,0.6292238425471987
classifier.0.weight,0,1142,1.1565021276474,0.6294598033198904
classifier.0.weight,0,1143,1.155904769897461,0.6296955203980998
classifier.0.weight,0,1144,1.155720591545105,0.6299311623654082
classifier.0.weight,0,1145,1.155433177947998,0.6301666871447311
classifier.0.weight,0,1146,1.1554166078567505,0.6304022051687708
classifier.0.weight,0,1147,1.1549419164657593,0.6306375297121005
classifier.0.weight,0,1148,1.1545233726501465,0.6308726837260138
classifier.0.weight,0,1149,1.15434730052948,0.6311077660204458
classifier.0.weight,0,1150,1.1540988683700562,0.631342747139577
classifier.0.weight,0,1151,1.1540201902389526,0.6315776962211671
classifier.0.weight,0,1152,1.1532566547393799,0.6318123345064292
classifier.0.weight,0,1153,1.1531797647476196,0.6320469415051005
classifier.0.weight,0,1154,1.1528995037078857,0.6322814344830209
classifier.0.weight,0,1155,1.1524547338485718,0.6325157465686938
classifier.0.weight,0,1156,1.152223825454712,0.632749964769192
classifier.0.weight,0,1157,1.1519923210144043,0.6329840888610542
classifier.0.weight,0,1158,1.1516411304473877,0.6332180702268961
classifier.0.weight,0,1159,1.1512644290924072,0.6334518985473496
classifier.0.weight,0,1160,1.1508784294128418,0.6336855700966505
classifier.0.weight,0,1161,1.1506271362304688,0.6339191396131822
classifier.0.weight,0,1162,1.1500447988510132,0.634152472768452
classifier.0.weight,0,1163,1.1496872901916504,0.6343856608760546
classifier.0.weight,0,1164,1.149402379989624,0.6346187334227752
classifier.0.weight,0,1165,1.1493215560913086,0.6348517731921676
classifier.0.weight,0,1166,1.1489510536193848,0.6350846627374677
classifier.0.weight,0,1167,1.1485029458999634,0.6353173706575335
classifier.0.weight,0,1168,1.1484358310699463,0.6355500513809844
classifier.0.weight,0,1169,1.1482062339782715,0.6357826390779453
classifier.0.weight,0,1170,1.1479207277297974,0.6360151111214933
classifier.0.weight,0,1171,1.1477344036102295,0.636247507704023
classifier.0.weight,0,1172,1.1470472812652588,0.6364796261088064
classifier.0.weight,0,1173,1.1465705633163452,0.6367115516148012
classifier.0.weight,0,1174,1.14634108543396,0.6369433842936301
classifier.0.weight,0,1175,1.146196722984314,0.6371751585852538
classifier.0.weight,0,1176,1.14579176902771,0.6374067691330201
classifier.0.weight,0,1177,1.1454516649246216,0.6376382422037878
classifier.0.weight,0,1178,1.1453330516815186,0.6378696673382682
classifier.0.weight,0,1179,1.1450637578964233,0.6381009836589432
classifier.0.weight,0,1180,1.1446536779403687,0.6383321343273561
classifier.0.weight,0,1181,1.1441677808761597,0.638563088793905
classifier.0.weight,0,1182,1.144053339958191,0.6387939970621257
classifier.0.weight,0,1183,1.1435579061508179,0.6390247053833893
classifier.0.weight,0,1184,1.1434963941574097,0.6392553888857138
classifier.0.weight,0,1185,1.1431034803390503,0.639485913886159
classifier.0.weight,0,1186,1.1430233716964722,0.6397164065773724
classifier.0.weight,0,1187,1.1426687240600586,0.6399467562601244
classifier.0.weight,0,1188,1.1423137187957764,0.6401769628346504
classifier.0.weight,0,1189,1.141394019126892,0.6404067988705467
classifier.0.weight,0,1190,1.1410967111587524,0.6406365151876008
classifier.0.weight,0,1191,1.1407099962234497,0.6408660758304217
classifier.0.weight,0,1192,1.1405649185180664,0.6410955780850218
classifier.0.weight,0,1193,1.1402331590652466,0.6413249468470558
classifier.0.weight,0,1194,1.1397250890731812,0.6415541112483921
classifier.0.weight,0,1195,1.1395303010940552,0.6417831973244261
classifier.0.weight,0,1196,1.1392765045166016,0.6420121813675658
classifier.0.weight,0,1197,1.1391751766204834,0.6422411246805764
classifier.0.weight,0,1198,1.1388142108917236,0.6424699229279315
classifier.0.weight,0,1199,1.1384296417236328,0.6426985666744134
classifier.0.weight,0,1200,1.1383122205734253,0.6429271632572829
classifier.0.weight,0,1201,1.1378692388534546,0.6431555819550313
classifier.0.weight,0,1202,1.1377780437469482,0.6433839640407824
classifier.0.weight,0,1203,1.1373710632324219,0.6436121827722909
classifier.0.weight,0,1204,1.1373189687728882,0.6438403805982926
classifier.0.weight,0,1205,1.136670708656311,0.6440683183576049
classifier.0.weight,0,1206,1.1365622282028198,0.644296212611597
classifier.0.weight,0,1207,1.1360445022583008,0.644523899292449
classifier.0.weight,0,1208,1.1359392404556274,0.6447515437819958
classifier.0.weight,0,1209,1.1353620290756226,0.6449789569816973
classifier.0.weight,0,1210,1.1352378129959106,0.6452063204231188
classifier.0.weight,0,1211,1.1347726583480835,0.6454334975819951
classifier.0.weight,0,1212,1.134681224822998,0.6456606381330603
classifier.0.weight,0,1213,1.1341991424560547,0.6458875857185755
classifier.0.weight,0,1214,1.1339523792266846,0.646114434562653
classifier.0.weight,0,1215,1.1336050033569336,0.6463411444419102
classifier.0.weight,0,1216,1.1333391666412354,0.6465677480041644
classifier.0.weight,0,1217,1.133169412612915,0.6467942836891444
classifier.0.weight,0,1218,1.1329175233840942,0.6470207186732826
classifier.0.weight,0,1219,1.1322851181030273,0.6472469009316761
classifier.0.weight,0,1220,1.1320836544036865,0.6474730027095265
classifier.0.weight,0,1221,1.131921648979187,0.6476990397799792
classifier.0.weight,0,1222,1.1316148042678833,0.6479249543174302
classifier.0.weight,0,1223,1.1313389539718628,0.6481507587273075
classifier.0.weight,0,1224,1.1309492588043213,0.6483764076051368
classifier.0.weight,0,1225,1.1306794881820679,0.6486019488456384
classifier.0.weight,0,1226,1.1305477619171143,0.6488274375372526
classifier.0.weight,0,1227,1.1303991079330444,0.6490528669344438
classifier.0.weight,0,1228,1.130058765411377,0.6492781606067232
classifier.0.weight,0,1229,1.1298823356628418,0.6495033839368145
classifier.0.weight,0,1230,1.129531741142273,0.6497284675181689
classifier.0.weight,0,1231,1.1290857791900635,0.649953373399519
classifier.0.weight,0,1232,1.1287124156951904,0.6501781305627404
classifier.0.weight,0,1233,1.1284265518188477,0.650402773893923
classifier.0.weight,0,1234,1.1282470226287842,0.650627345750667
classifier.0.weight,0,1235,1.1274737119674683,0.6508516098657691
classifier.0.weight,0,1236,1.1273109912872314,0.6510758092524865
classifier.0.weight,0,1237,1.1270051002502441,0.6512998869846136
classifier.0.weight,0,1238,1.126893162727356,0.651523920206808
classifier.0.weight,0,1239,1.126466989517212,0.6517477840093864
classifier.0.weight,0,1240,1.1263689994812012,0.6519716088663619
classifier.0.weight,0,1241,1.12592613697052,0.6521952577523161
classifier.0.weight,0,1242,1.1256139278411865,0.6524187826238422
classifier.0.weight,0,1243,1.1253310441970825,0.652642195159188
classifier.0.weight,0,1244,1.1249942779541016,0.6528654739978
classifier.0.weight,0,1245,1.1247446537017822,0.6530886537610113
classifier.0.weight,0,1246,1.1246968507766724,0.6533118145538389
classifier.0.weight,0,1247,1.12435781955719,0.6535348408267336
classifier.0.weight,0,1248,1.123787522315979,0.6537576409100491
classifier.0.weight,0,1249,1.1234861612319946,0.6539803215147788
classifier.0.weight,0,1250,1.1233007907867432,0.6542029286428626
classifier.0.weight,0,1251,1.1228423118591309,0.6544253540923612
classifier.0.weight,0,1252,1.1225464344024658,0.6546476623357219
classifier.0.weight,0,1253,1.1224796772003174,0.6548699441387775
classifier.0.weight,0,1254,1.122078776359558,0.6550920671914345
classifier.0.weight,0,1255,1.1217584609985352,0.6553140634450255
classifier.0.weight,0,1256,1.1211516857147217,0.6555358196016376
classifier.0.weight,0,1257,1.120906114578247,0.6557574786242971
classifier.0.weight,0,1258,1.1208759546279907,0.6559791257188654
classifier.0.weight,0,1259,1.120354413986206,0.6562005665977971
classifier.0.weight,0,1260,1.1200273036956787,0.6564218781872562
classifier.0.weight,0,1261,1.119612693786621,0.6566430259575043
classifier.0.weight,0,1262,1.119456171989441,0.6568641118991807
classifier.0.weight,0,1263,1.1190377473831177,0.6570850325989979
classifier.0.weight,0,1264,1.1187126636505127,0.6573058249612423
classifier.0.weight,0,1265,1.1186234951019287,0.657526582127765
classifier.0.weight,0,1266,1.1182241439819336,0.657747181700807
classifier.0.weight,0,1267,1.1178478002548218,0.6579676328111363
classifier.0.weight,0,1268,1.1176769733428955,0.6581880165489576
classifier.0.weight,0,1269,1.1174043416976929,0.6584082927847824
classifier.0.weight,0,1270,1.1171023845672607,0.6586284499858219
classifier.0.weight,0,1271,1.1167926788330078,0.6588484851309122
classifier.0.weight,0,1272,1.1166629791259766,0.6590684691710172
classifier.0.weight,0,1273,1.1159485578536987,0.6592881718173513
classifier.0.weight,0,1274,1.1158636808395386,0.6595078410445903
classifier.0.weight,0,1275,1.1158068180084229,0.6597274878843349
classifier.0.weight,0,1276,1.1154029369354248,0.659946975744685
classifier.0.weight,0,1277,1.1150338649749756,0.6601663183778527
classifier.0.weight,0,1278,1.1149195432662964,0.6603856160359932
classifier.0.weight,0,1279,1.1145302057266235,0.6606047605603881
classifier.0.weight,0,1280,1.1143018007278442,0.6608238152737116
classifier.0.weight,0,1281,1.1140333414077759,0.6610427644497463
classifier.0.weight,0,1282,1.1139472723007202,0.6612616797954971
classifier.0.weight,0,1283,1.1134098768234253,0.6614803839719361
classifier.0.weight,0,1284,1.1132169961929321,0.6616990123808675
classifier.0.weight,0,1285,1.1129345893859863,0.6619175298782344
classifier.0.weight,0,1286,1.1128747463226318,0.6621360238766373
classifier.0.weight,0,1287,1.1125761270523071,0.6623544006331589
classifier.0.weight,0,1288,1.112250566482544,0.6625726496061379
classifier.0.weight,0,1289,1.111731767654419,0.6627906950262342
classifier.0.weight,0,1290,1.1116887331008911,0.6630087235658096
classifier.0.weight,0,1291,1.1109789609909058,0.6632264737879556
classifier.0.weight,0,1292,1.110697627067566,0.6634441137420048
classifier.0.weight,0,1293,1.1104477643966675,0.663661655786448
classifier.0.weight,0,1294,1.1101670265197754,0.6638790878490015
classifier.0.weight,0,1295,1.1100091934204102,0.6640964580910614
classifier.0.weight,0,1296,1.1098556518554688,0.6643137682019818
classifier.0.weight,0,1297,1.1093902587890625,0.6645308961028743
classifier.0.weight,0,1298,1.1090879440307617,0.6647479056828701
classifier.0.weight,0,1299,1.1088451147079468,0.6649648202469192
classifier.0.weight,0,1300,1.1082688570022583,0.665181509412115
classifier.0.weight,0,1301,1.1082619428634644,0.6653981958736089
classifier.0.weight,0,1302,1.1078139543533325,0.6656147071898207
classifier.0.weight,0,1303,1.107643723487854,0.6658311519712561
classifier.0.weight,0,1304,1.107285976409912,0.6660474569604786
classifier.0.weight,0,1305,1.1069856882095337,0.6662636446448137
classifier.0.weight,0,1306,1.1066033840179443,0.6664796830314893
classifier.0.weight,0,1307,1.106372594833374,0.6666956313151983
classifier.0.weight,0,1308,1.1061742305755615,0.6669115021700537
classifier.0.weight,0,1309,1.1056326627731323,0.6671271617018049
classifier.0.weight,0,1310,1.1055078506469727,0.6673427725457662
classifier.0.weight,0,1311,1.105332851409912,0.6675583151337731
classifier.0.weight,0,1312,1.1049429178237915,0.6677737056726134
classifier.0.weight,0,1313,1.1046252250671387,0.6679889723712522
classifier.0.weight,0,1314,1.1042792797088623,0.668204104257011
classifier.0.weight,0,1315,1.1039942502975464,0.6684191251002062
classifier.0.weight,0,1316,1.103933572769165,0.668634122308179
classifier.0.weight,0,1317,1.1037120819091797,0.6688490332516509
classifier.0.weight,0,1318,1.103219747543335,0.6690637525066457
classifier.0.weight,0,1319,1.1030404567718506,0.6692784019767173
classifier.0.weight,0,1320,1.1029210090637207,0.6694930049607352
classifier.0.weight,0,1321,1.1025230884552002,0.6697074531203465
classifier.0.weight,0,1322,1.1021580696105957,0.6699217593062209
classifier.0.weight,0,1323,1.102126955986023,0.6701360533926546
classifier.0.weight,0,1324,1.1018105745315552,0.6703502244643247
classifier.0.weight,0,1325,1.1016600131988525,0.6705643370074609
classifier.0.weight,0,1326,1.1013368368148804,0.6707783239474762
classifier.0.weight,0,1327,1.100864291191101,0.6709921272980655
classifier.0.weight,0,1328,1.1005077362060547,0.6712057921750831
classifier.0.weight,0,1329,1.100264310836792,0.6714193625399086
classifier.0.weight,0,1330,1.100134015083313,0.6716328823247716
classifier.0.weight,0,1331,1.1000117063522339,0.6718463546356324
classifier.0.weight,0,1332,1.0996618270874023,0.67205969117038
classifier.0.weight,0,1333,1.099023699760437,0.6722727801810799
classifier.0.weight,0,1334,1.0989460945129395,0.6724858390991777
classifier.0.weight,0,1335,1.0985890626907349,0.6726987596001913
classifier.0.weight,0,1336,1.0984543561935425,0.6729116278887493
classifier.0.weight,0,1337,1.0981395244598389,0.6731243741729874
classifier.0.weight,0,1338,1.0978127717971802,0.6733369938702645
classifier.0.weight,0,1339,1.0973936319351196,0.6735494512440915
classifier.0.weight,0,1340,1.097328782081604,0.6737618835085648
classifier.0.weight,0,1341,1.0968408584594727,0.6739741269004272
classifier.0.weight,0,1342,1.0967280864715576,0.6741863266508105
classifier.0.weight,0,1343,1.0964586734771729,0.6743984221595882
classifier.0.weight,0,1344,1.096176028251648,0.6746104083344572
classifier.0.weight,0,1345,1.0958805084228516,0.6748222802253572
classifier.0.weight,0,1346,1.0957493782043457,0.6750341014152091
classifier.0.weight,0,1347,1.0950286388397217,0.6752456440419817
classifier.0.weight,0,1348,1.094666838645935,0.6754570469034246
classifier.0.weight,0,1349,1.0943797826766968,0.6756683389064865
classifier.0.weight,0,1350,1.094213604927063,0.6758795667465142
classifier.0.weight,0,1351,1.094069480895996,0.6760907389465777
classifier.0.weight,0,1352,1.0936076641082764,0.6763017329088123
classifier.0.weight,0,1353,1.0932642221450806,0.6765125943686799
classifier.0.weight,0,1354,1.093091368675232,0.6767233891561862
classifier.0.weight,0,1355,1.0929689407348633,0.6769341367276459
classifier.0.weight,0,1356,1.092858910560608,0.6771448418689432
classifier.0.weight,0,1357,1.0925897359848022,0.6773554432283493
classifier.0.weight,0,1358,1.0925273895263672,0.6775660205533464
classifier.0.weight,0,1359,1.091929316520691,0.677776367392328
classifier.0.weight,0,1360,1.0918205976486206,0.6779866723466708
classifier.0.weight,0,1361,1.0911016464233398,0.6781967004254471
classifier.0.weight,0,1362,1.0907052755355835,0.6784065759356792
classifier.0.weight,0,1363,1.0906294584274292,0.6786164222691913
classifier.0.weight,0,1364,1.0899688005447388,0.6788260144473747
classifier.0.weight,0,1365,1.0898525714874268,0.6790355619281274
classifier.0.weight,0,1366,1.089556097984314,0.6792449954176353
classifier.0.weight,0,1367,1.0895476341247559,0.6794544256533249
classifier.0.weight,0,1368,1.0892524719238281,0.6796637424336422
classifier.0.weight,0,1369,1.0889794826507568,0.6798729543088493
classifier.0.weight,0,1370,1.0888137817382812,0.680082102520853
classifier.0.weight,0,1371,1.088375449180603,0.6802910823697834
classifier.0.weight,0,1372,1.0881909132003784,0.6804999913589164
classifier.0.weight,0,1373,1.087830901145935,0.6807087621419452
classifier.0.weight,0,1374,1.0873441696166992,0.6809173461448608
classifier.0.weight,0,1375,1.0872234106063843,0.6811258838202201
classifier.0.weight,0,1376,1.087111234664917,0.681334378465411
classifier.0.weight,0,1377,1.0866988897323608,0.6815427149751637
classifier.0.weight,0,1378,1.0865893363952637,0.6817510094809913
classifier.0.weight,0,1379,1.0863820314407349,0.6819592245154629
classifier.0.weight,0,1380,1.0859668254852295,0.6821672804243245
classifier.0.weight,0,1381,1.0856447219848633,0.6823752129305253
classifier.0.weight,0,1382,1.0850681066513062,0.6825829246182047
classifier.0.weight,0,1383,1.0850399732589722,0.6827906255350235
classifier.0.weight,0,1384,1.084593415260315,0.6829981555246473
classifier.0.weight,0,1385,1.084427833557129,0.6832056221531154
classifier.0.weight,0,1386,1.0842293500900269,0.6834130128430546
classifier.0.weight,0,1387,1.083727240562439,0.6836202114910992
classifier.0.weight,0,1388,1.0835851430892944,0.6838273558072547
classifier.0.weight,0,1389,1.0830894708633423,0.6840343106556954
classifier.0.weight,0,1390,1.0828909873962402,0.6842411896593364
classifier.0.weight,0,1391,1.0827189683914185,0.6844480029420614
classifier.0.weight,0,1392,1.0826005935668945,0.6846547710050231
classifier.0.weight,0,1393,1.0822819471359253,0.6848614173680533
classifier.0.weight,0,1394,1.082014560699463,0.6850679616364134
classifier.0.weight,0,1395,1.0819804668426514,0.68527449288872
classifier.0.weight,0,1396,1.0814675092697144,0.6854808283580893
classifier.0.weight,0,1397,1.0811389684677124,0.6856870384805148
classifier.0.weight,0,1398,1.0809489488601685,0.6858931761228536
classifier.0.weight,0,1399,1.0808262825012207,0.6860992669827438
classifier.0.weight,0,1400,1.080594539642334,0.6863052694751217
classifier.0.weight,0,1401,1.080470085144043,0.6865112245186935
classifier.0.weight,0,1402,1.0798732042312622,0.6867169520748393
classifier.0.weight,0,1403,1.0795146226882935,0.686922543026324
classifier.0.weight,0,1404,1.0794343948364258,0.6871281034205432
classifier.0.weight,0,1405,1.0790870189666748,0.6873335315320942
classifier.0.weight,0,1406,1.0789657831192017,0.6875389134863813
classifier.0.weight,0,1407,1.0787550210952759,0.6877442152110832
classifier.0.weight,0,1408,1.0785495042800903,0.687949438717957
classifier.0.weight,0,1409,1.0782146453857422,0.6881545348125081
classifier.0.weight,0,1410,1.0781362056732178,0.6883596010668163
classifier.0.weight,0,1411,1.0779340267181396,0.6885645904176806
classifier.0.weight,0,1412,1.0777227878570557,0.6887694994343628
classifier.0.weight,0,1413,1.076996922492981,0.6889741325243014
classifier.0.weight,0,1414,1.0768612623214722,0.689178714065696
classifier.0.weight,0,1415,1.0765866041183472,0.6893831912615545
classifier.0.weight,0,1416,1.0760730504989624,0.689587473424412
classifier.0.weight,0,1417,1.0755716562271118,0.6897915652618197
classifier.0.weight,0,1418,1.0754543542861938,0.6899956125851068
classifier.0.weight,0,1419,1.075217843055725,0.6901995701711089
classifier.0.weight,0,1420,1.0750737190246582,0.6904034730831312
classifier.0.weight,0,1421,1.074779987335205,0.6906072645896492
classifier.0.weight,0,1422,1.074540376663208,0.6908109652400342
classifier.0.weight,0,1423,1.0741163492202759,0.6910145051563501
classifier.0.weight,0,1424,1.0739998817443848,0.6912180009349985
classifier.0.weight,0,1425,1.0737285614013672,0.6914213939099665
classifier.0.weight,0,1426,1.0735654830932617,0.6916247251068192
classifier.0.weight,0,1427,1.073381781578064,0.691827986724212
classifier.0.weight,0,1428,1.0729023218154907,0.6920310667957603
classifier.0.weight,0,1429,1.0727022886276245,0.6922340711493866
classifier.0.weight,0,1430,1.0723243951797485,0.6924369324987452
classifier.0.weight,0,1431,1.0718320608139038,0.6926396076121355
classifier.0.weight,0,1432,1.0716664791107178,0.6928422201099362
classifier.0.weight,0,1433,1.0714455842971802,0.6930447490902655
classifier.0.weight,0,1434,1.0713948011398315,0.6932472588725739
classifier.0.weight,0,1435,1.0711076259613037,0.6934496601085485
classifier.0.weight,0,1436,1.0708178281784058,0.6936519518363967
classifier.0.weight,0,1437,1.0702942609786987,0.6938540457949924
classifier.0.weight,0,1438,1.0700511932373047,0.6940560479714569
classifier.0.weight,0,1439,1.0699409246444702,0.694258008517487
classifier.0.weight,0,1440,1.0696792602539062,0.6944598702927905
classifier.0.weight,0,1441,1.0694750547409058,0.6946616550032125
classifier.0.weight,0,1442,1.0690382719039917,0.6948632749260594
classifier.0.weight,0,1443,1.068854570388794,0.6950648255628871
classifier.0.weight,0,1444,1.0683419704437256,0.6952661829272633
classifier.0.weight,0,1445,1.068186640739441,0.6954674817438955
classifier.0.weight,0,1446,1.0679126977920532,0.6956686773251604
classifier.0.weight,0,1447,1.067800521850586,0.6958698306405763
classifier.0.weight,0,1448,1.067325234413147,0.6960708049256126
classifier.0.weight,0,1449,1.0669779777526855,0.6962716484570536
classifier.0.weight,0,1450,1.0667035579681396,0.6964723886904844
classifier.0.weight,0,1451,1.066522479057312,0.6966730607761393
classifier.0.weight,0,1452,1.0663944482803345,0.6968736846852926
classifier.0.weight,0,1453,1.0661027431488037,0.6970741988507774
classifier.0.weight,0,1454,1.065945029258728,0.6972746536945312
classifier.0.weight,0,1455,1.0657026767730713,0.6974750173981126
classifier.0.weight,0,1456,1.0653647184371948,0.697675254042152
classifier.0.weight,0,1457,1.0650173425674438,0.6978753601280133
classifier.0.weight,0,1458,1.0649579763412476,0.6980754439058584
classifier.0.weight,0,1459,1.0646793842315674,0.6982754230139006
classifier.0.weight,0,1460,1.0640289783477783,0.6984751578646354
classifier.0.weight,0,1461,1.0638514757156372,0.6986748260808984
classifier.0.weight,0,1462,1.0634945631027222,0.6988743603458492
classifier.0.weight,0,1463,1.0633108615875244,0.699073825684108
classifier.0.weight,0,1464,1.063137173652649,0.6992732258638241
classifier.0.weight,0,1465,1.062830924987793,0.6994725111811406
classifier.0.weight,0,1466,1.0623764991760254,0.6996716261213447
classifier.0.weight,0,1467,1.0621387958526611,0.6998706519688626
classifier.0.weight,0,1468,1.061885118484497,0.7000695827585138
classifier.0.weight,0,1469,1.0617790222167969,0.7002684737985546
classifier.0.weight,0,1470,1.0613703727722168,0.700467211772711
classifier.0.weight,0,1471,1.061159610748291,0.7006658708257671
classifier.0.weight,0,1472,1.0609880685806274,0.7008644656554025
classifier.0.weight,0,1473,1.0607234239578247,0.7010629614254902
classifier.0.weight,0,1474,1.0602213144302368,0.7012612693180865
classifier.0.weight,0,1475,1.0601270198822021,0.7014595419378179
classifier.0.weight,0,1476,1.0599545240402222,0.7016577500399598
classifier.0.weight,0,1477,1.059706211090088,0.7018558652855262
classifier.0.weight,0,1478,1.059402585029602,0.7020538670197565
classifier.0.weight,0,1479,1.059104561805725,0.7022517573689174
classifier.0.weight,0,1480,1.0587490797042847,0.7024495148989517
classifier.0.weight,0,1481,1.0586005449295044,0.7026472169449998
classifier.0.weight,0,1482,1.0579380989074707,0.7028446716343717
classifier.0.weight,0,1483,1.0576893091201782,0.7030420334658836
classifier.0.weight,0,1484,1.0574049949645996,0.7032392892072227
classifier.0.weight,0,1485,1.057371973991394,0.7034365326288265
classifier.0.weight,0,1486,1.0570262670516968,0.7036336470943502
classifier.0.weight,0,1487,1.0567104816436768,0.7038306438020168
classifier.0.weight,0,1488,1.0564334392547607,0.7040275372282544
classifier.0.weight,0,1489,1.0562411546707153,0.7042243589867019
classifier.0.weight,0,1490,1.0559629201889038,0.7044210770654414
classifier.0.weight,0,1491,1.0558147430419922,0.7046177399394423
classifier.0.weight,0,1492,1.0555126667022705,0.7048142902961609
classifier.0.weight,0,1493,1.055492639541626,0.7050108331943084
classifier.0.weight,0,1494,1.0550273656845093,0.7052072028536976
classifier.0.weight,0,1495,1.0548349618911743,0.7054035008963244
classifier.0.weight,0,1496,1.0546200275421143,0.7055997189512846
classifier.0.weight,0,1497,1.0544854402542114,0.7057958869279796
classifier.0.weight,0,1498,1.0543314218521118,0.7059919976041739
classifier.0.weight,0,1499,1.0540995597839355,0.70618802203495
classifier.0.weight,0,1500,1.0538557767868042,0.7063839558065529
classifier.0.weight,0,1501,1.0535197257995605,0.7065797646403021
classifier.0.weight,0,1502,1.0533291101455688,0.706775502624211
classifier.0.weight,0,1503,1.0531221628189087,0.7069711637024825
classifier.0.weight,0,1504,1.0529707670211792,0.7071667685287124
classifier.0.weight,0,1505,1.0527812242507935,0.7073623029405589
classifier.0.weight,0,1506,1.0523384809494019,0.707557672924421
classifier.0.weight,0,1507,1.052083969116211,0.7077529484178492
classifier.0.weight,0,1508,1.0517833232879639,0.7079481123225149
classifier.0.weight,0,1509,1.0512770414352417,0.7081430883859016
classifier.0.weight,0,1510,1.0509992837905884,0.7083379614337448
classifier.0.weight,0,1511,1.0509551763534546,0.7085328181254013
classifier.0.weight,0,1512,1.0503958463668823,0.708727467462471
classifier.0.weight,0,1513,1.0503201484680176,0.7089220887453267
classifier.0.weight,0,1514,1.0501418113708496,0.7091166439430976
classifier.0.weight,0,1515,1.04984450340271,0.7093110889945591
classifier.0.weight,0,1516,1.0493535995483398,0.7095053522447957
classifier.0.weight,0,1517,1.049116849899292,0.7096995278476118
classifier.0.weight,0,1518,1.0489581823349,0.7098936447209543
classifier.0.weight,0,1519,1.048720121383667,0.7100876734946863
classifier.0.weight,0,1520,1.0484648942947388,0.7102816078383181
classifier.0.weight,0,1521,1.048315405845642,0.7104754868841946
classifier.0.weight,0,1522,1.0478508472442627,0.7106691941340237
classifier.0.weight,0,1523,1.0475739240646362,0.7108627990125288
classifier.0.weight,0,1524,1.047340989112854,0.71105631780197
classifier.0.weight,0,1525,1.0470447540283203,0.7112497271352776
classifier.0.weight,0,1526,1.0468271970748901,0.7114430561030158
classifier.0.weight,0,1527,1.0466052293777466,0.7116363030930671
classifier.0.weight,0,1528,1.046195387840271,0.7118293987650587
classifier.0.weight,0,1529,1.0459266901016235,0.7120223952630177
classifier.0.weight,0,1530,1.0458619594573975,0.7122153678732586
classifier.0.weight,0,1531,1.0453826189041138,0.7124081636372155
classifier.0.weight,0,1532,1.0453104972839355,0.7126009327998822
classifier.0.weight,0,1533,1.0451425313949585,0.7127936400172371
classifier.0.weight,0,1534,1.0447680950164795,0.7129862091794179
classifier.0.weight,0,1535,1.0445977449417114,0.7131787155496796
classifier.0.weight,0,1536,1.0444482564926147,0.7133711668261605
classifier.0.weight,0,1537,1.0441679954528809,0.7135635148340344
classifier.0.weight,0,1538,1.044048547744751,0.7137558188370839
classifier.0.weight,0,1539,1.0436979532241821,0.713947993709338
classifier.0.weight,0,1540,1.043428897857666,0.7141400695126693
classifier.0.weight,0,1541,1.043211817741394,0.7143320654035109
classifier.0.weight,0,1542,1.0429003238677979,0.7145239466549016
classifier.0.weight,0,1543,1.042756199836731,0.7147157748757429
classifier.0.weight,0,1544,1.0424658060073853,0.7149074962682095
classifier.0.weight,0,1545,1.0422402620315552,0.7150991347094138
classifier.0.weight,0,1546,1.0419813394546509,0.7152906779454001
classifier.0.weight,0,1547,1.041633129119873,0.7154820931825687
classifier.0.weight,0,1548,1.0413720607757568,0.7156734124815509
classifier.0.weight,0,1549,1.0412678718566895,0.7158646934995871
classifier.0.weight,0,1550,1.0409469604492188,0.716055856632873
classifier.0.weight,0,1551,1.0407500267028809,0.7162469474417996
classifier.0.weight,0,1552,1.0406306982040405,0.716437994433726
classifier.0.weight,0,1553,1.0402511358261108,0.716628902085104
classifier.0.weight,0,1554,1.0399702787399292,0.7168197066642014
classifier.0.weight,0,1555,1.0399491786956787,0.7170105035008769
classifier.0.weight,0,1556,1.039528250694275,0.7172011459156262
classifier.0.weight,0,1557,1.0393836498260498,0.7173917352964317
classifier.0.weight,0,1558,1.039150595664978,0.7175822392176122
classifier.0.weight,0,1559,1.038730502128601,0.7177725891413073
classifier.0.weight,0,1560,1.0384814739227295,0.7179628478058785
classifier.0.weight,0,1561,1.0382792949676514,0.7181530323958427
classifier.0.weight,0,1562,1.0381207466125488,0.7183431589067297
classifier.0.weight,0,1563,1.0379661321640015,0.7185332287881415
classifier.0.weight,0,1564,1.0377541780471802,0.7187232210524147
classifier.0.weight,0,1565,1.0370595455169678,0.7189129590548585
classifier.0.weight,0,1566,1.0368890762329102,0.7191026346851016
classifier.0.weight,0,1567,1.0367852449417114,0.7192922723300289
classifier.0.weight,0,1568,1.0364196300506592,0.7194817762498243
classifier.0.weight,0,1569,1.0361706018447876,0.7196711891135451
classifier.0.weight,0,1570,1.0360567569732666,0.7198605603576745
classifier.0.weight,0,1571,1.035611629486084,0.7200497689152764
classifier.0.weight,0,1572,1.0353813171386719,0.7202388933250757
classifier.0.weight,0,1573,1.0350533723831177,0.72042789794802
classifier.0.weight,0,1574,1.0350078344345093,0.72061688594053
classifier.0.weight,0,1575,1.0347931385040283,0.7208057955360594
classifier.0.weight,0,1576,1.0346307754516602,0.7209946458549448
classifier.0.weight,0,1577,1.0344622135162354,0.7211834346438951
classifier.0.weight,0,1578,1.0341410636901855,0.7213721062317053
classifier.0.weight,0,1579,1.0340644121170044,0.7215607498514973
classifier.0.weight,0,1580,1.033319354057312,0.7217491217284202
classifier.0.weight,0,1581,1.0331817865371704,0.7219374434521608
classifier.0.weight,0,1582,1.032994270324707,0.722125696823609
classifier.0.weight,0,1583,1.032450556755066,0.7223137520739676
classifier.0.weight,0,1584,1.0321853160858154,0.7225017107124488
classifier.0.weight,0,1585,1.0320453643798828,0.7226896183845999
classifier.0.weight,0,1586,1.0318423509597778,0.722877452137467
classifier.0.weight,0,1587,1.0315395593643188,0.7230651756678048
classifier.0.weight,0,1588,1.0313987731933594,0.7232528479600234
classifier.0.weight,0,1589,1.0310566425323486,0.7234403957653848
classifier.0.weight,0,1590,1.0308284759521484,0.7236278605735472
classifier.0.weight,0,1591,1.0305920839309692,0.7238152394118231
classifier.0.weight,0,1592,1.0302746295928955,0.724002502830886
classifier.0.weight,0,1593,1.0302610397338867,0.7241897613097774
classifier.0.weight,0,1594,1.0300002098083496,0.7243769249846714
classifier.0.weight,0,1595,1.0297991037368774,0.7245640155798195
classifier.0.weight,0,1596,1.0297048091888428,0.7247510719142748
classifier.0.weight,0,1597,1.0291966199874878,0.7249379436588341
classifier.0.weight,0,1598,1.0290734767913818,0.7251247706877254
classifier.0.weight,0,1599,1.028900384902954,0.7253115348726619
classifier.0.weight,0,1600,1.028486728668213,0.7254981489154839
classifier.0.weight,0,1601,1.0282156467437744,0.7256846645982092
classifier.0.weight,0,1602,1.0280780792236328,0.7258711303754823
classifier.0.weight,0,1603,1.027756929397583,0.7260574796750286
classifier.0.weight,0,1604,1.0274502038955688,0.7262437177623775
classifier.0.weight,0,1605,1.0273336172103882,0.7264299135865603
classifier.0.weight,0,1606,1.0269962549209595,0.7266159871425049
classifier.0.weight,0,1607,1.0267949104309082,0.7268019877454809
classifier.0.weight,0,1608,1.0266767740249634,0.7269879455508574
classifier.0.weight,0,1609,1.0264363288879395,0.7271738162647261
classifier.0.weight,0,1610,1.0263407230377197,0.7273596523549176
classifier.0.weight,0,1611,1.026198387145996,0.7275454369041133
classifier.0.weight,0,1612,1.0256375074386597,0.7277310184237422
classifier.0.weight,0,1613,1.0253046751022339,0.7279164795158163
classifier.0.weight,0,1614,1.025002360343933,0.7281018312562786
classifier.0.weight,0,1615,1.0248419046401978,0.7282871249706967
classifier.0.weight,0,1616,1.0245282649993896,0.7284723052889686
classifier.0.weight,0,1617,1.0243659019470215,0.728657426918651
classifier.0.weight,0,1618,1.024086356163025,0.7288424475240611
classifier.0.weight,0,1619,1.0237375497817993,0.7290273421139711
classifier.0.weight,0,1620,1.0236701965332031,0.7292122123756895
classifier.0.weight,0,1621,1.023347020149231,0.729396965927413
classifier.0.weight,0,1622,1.0230786800384521,0.7295816226003893
classifier.0.weight,0,1623,1.0227742195129395,0.7297661693848432
classifier.0.weight,0,1624,1.0227155685424805,0.7299506950042395
classifier.0.weight,0,1625,1.022302508354187,0.7301350715992202
classifier.0.weight,0,1626,1.0220812559127808,0.730319368395204
classifier.0.weight,0,1627,1.0219097137451172,0.7305036033330552
classifier.0.weight,0,1628,1.0216447114944458,0.7306877427314628
classifier.0.weight,0,1629,1.0214065313339233,0.7308717962815543
classifier.0.weight,0,1630,1.0212355852127075,0.7310557882291269
classifier.0.weight,0,1631,1.020879864692688,0.7312396520215247
classifier.0.weight,0,1632,1.0206660032272339,0.731423438787697
classifier.0.weight,0,1633,1.0206443071365356,0.7316072177405161
classifier.0.weight,0,1634,1.0202014446258545,0.7317908372427795
classifier.0.weight,0,1635,1.0200337171554565,0.7319743963736267
classifier.0.weight,0,1636,1.0196453332901,0.732157815748638
classifier.0.weight,0,1637,1.0192015171051025,0.7323410754862374
classifier.0.weight,0,1638,1.0190916061401367,0.7325242957004096
classifier.0.weight,0,1639,1.0188629627227783,0.7327074337092213
classifier.0.weight,0,1640,1.018635869026184,0.7328904900881101
classifier.0.weight,0,1641,1.0185285806655884,0.7330735079080102
classifier.0.weight,0,1642,1.0181301832199097,0.7332563825810743
classifier.0.weight,0,1643,1.0179094076156616,0.7334391779521205
classifier.0.weight,0,1644,1.0177192687988281,0.7336219050395865
classifier.0.weight,0,1645,1.0173797607421875,0.7338045102329849
classifier.0.weight,0,1646,1.0173159837722778,0.7339870925329832
classifier.0.weight,0,1647,1.016817569732666,0.734169495971564
classifier.0.weight,0,1648,1.0165444612503052,0.7343518014393039
classifier.0.weight,0,1649,1.0163425207138062,0.7345340344828485
classifier.0.weight,0,1650,1.0160748958587646,0.7347161715672657
classifier.0.weight,0,1651,1.0159962177276611,0.7348982804457885
classifier.0.weight,0,1652,1.0158108472824097,0.7350803228781498
classifier.0.weight,0,1653,1.0156168937683105,0.7352622958007224
classifier.0.weight,0,1654,1.0152875185012817,0.7354441507109596
classifier.0.weight,0,1655,1.014954686164856,0.7356258864091064
classifier.0.weight,0,1656,1.0147247314453125,0.7358075397661442
classifier.0.weight,0,1657,1.0146777629852295,0.7359891763072305
classifier.0.weight,0,1658,1.0144681930541992,0.7361707378262203
classifier.0.weight,0,1659,1.0142379999160767,0.7363522169582527
classifier.0.weight,0,1660,1.013640284538269,0.7365334822530886
classifier.0.weight,0,1661,1.0134433507919312,0.7367146771209961
classifier.0.weight,0,1662,1.0134309530258179,0.736895867555705
classifier.0.weight,0,1663,1.0130606889724731,0.7370769256162271
classifier.0.weight,0,1664,1.0125735998153687,0.737257809609751
classifier.0.weight,0,1665,1.0124382972717285,0.7374386452661876
classifier.0.weight,0,1666,1.0120598077774048,0.7376193457408503
classifier.0.weight,0,1667,1.0119807720184326,0.7378000179933835
classifier.0.weight,0,1668,1.0116759538650513,0.7379805814219353
classifier.0.weight,0,1669,1.01132333278656,0.7381610190011489
classifier.0.weight,0,1670,1.011285424232483,0.7383414430535323
classifier.0.weight,0,1671,1.011117935180664,0.7385218073472158
classifier.0.weight,0,1672,1.0110288858413696,0.7387021398728664
classifier.0.weight,0,1673,1.010558843612671,0.7388823047589976
classifier.0.weight,0,1674,1.0104838609695435,0.739062442909945
classifier.0.weight,0,1675,1.0104448795318604,0.739242567162781
classifier.0.weight,0,1676,1.0101265907287598,0.739422577955686
classifier.0.weight,0,1677,1.0098141431808472,0.7396024774056508
classifier.0.weight,0,1678,1.009723424911499,0.7397823445339576
classifier.0.weight,0,1679,1.0092582702636719,0.7399620459797474
classifier.0.weight,0,1680,1.0087063312530518,0.7401415509305064
classifier.0.weight,0,1681,1.0086767673492432,0.7403210453592944
classifier.0.weight,0,1682,1.0083612203598022,0.7405004275022259
classifier.0.weight,0,1683,1.0081923007965088,0.7406797495503925
classifier.0.weight,0,1684,1.0078332424163818,0.7408589438935199
classifier.0.weight,0,1685,1.0076597929000854,0.7410380765627586
classifier.0.weight,0,1686,1.0075370073318481,0.7412171655792354
classifier.0.weight,0,1687,1.0073927640914917,0.7413962033211074
classifier.0.weight,0,1688,1.0072046518325806,0.7415751742051445
classifier.0.weight,0,1689,1.0070239305496216,0.7417540808699665
classifier.0.weight,0,1690,1.0068343877792358,0.7419329201932439
classifier.0.weight,0,1691,1.006466031074524,0.7421116286814723
classifier.0.weight,0,1692,1.0060991048812866,0.7422902068903464
classifier.0.weight,0,1693,1.0059999227523804,0.7424687498921642
classifier.0.weight,0,1694,1.0059771537780762,0.7426472848120826
classifier.0.weight,0,1695,1.0059057474136353,0.7428257943873359
classifier.0.weight,0,1696,1.0052545070648193,0.7430040728971908
classifier.0.weight,0,1697,1.004997968673706,0.7431822604262127
classifier.0.weight,0,1698,1.0049909353256226,0.7433604454611985
classifier.0.weight,0,1699,1.00469970703125,0.7435385272415116
classifier.0.weight,0,1700,1.0041472911834717,0.7437164132456102
classifier.0.weight,0,1701,1.0040416717529297,0.7438942618304366
classifier.0.weight,0,1702,1.0037705898284912,0.7440720143932956
classifier.0.weight,0,1703,1.003521203994751,0.7442496786422216
classifier.0.weight,0,1704,1.003451943397522,0.7444273183680836
classifier.0.weight,0,1705,1.0030702352523804,0.7446048229731077
classifier.0.weight,0,1706,1.002829909324646,0.7447822425315479
classifier.0.weight,0,1707,1.0024778842926025,0.7449595375520915
classifier.0.weight,0,1708,1.0023367404937744,0.7451367826516715
classifier.0.weight,0,1709,1.0022424459457397,0.7453139944042537
classifier.0.weight,0,1710,1.001927375793457,0.7454910947559312
classifier.0.weight,0,1711,1.0017520189285278,0.7456681331209906
classifier.0.weight,0,1712,1.0012580156326294,0.7458449969199502
classifier.0.weight,0,1713,1.0012177228927612,0.7460218464844497
classifier.0.weight,0,1714,1.0009304285049438,0.7461985945713251
classifier.0.weight,0,1715,1.000876784324646,0.746375323713323
classifier.0.weight,0,1716,1.00062894821167,0.7465519653431687
classifier.0.weight,0,1717,1.0004380941390991,0.7467285395962722
classifier.0.weight,0,1718,1.0002264976501465,0.7469050391650127
classifier.0.weight,0,1719,0.9997974038124084,0.7470813873307811
classifier.0.weight,0,1720,0.999610960483551,0.7472576697314789
classifier.0.weight,0,1721,0.9992644786834717,0.7474338299485264
classifier.0.weight,0,1722,0.9991771578788757,0.7476099593793702
classifier.0.weight,0,1723,0.9990672469139099,0.7477860500633496
classifier.0.weight,0,1724,0.9988842010498047,0.7479620762277108
classifier.0.weight,0,1725,0.9986225962638855,0.7481380102026934
classifier.0.weight,0,1726,0.9981319904327393,0.7483137713535641
classifier.0.weight,0,1727,0.9980713129043579,0.7484895111356616
classifier.0.weight,0,1728,0.9979258179664612,0.7486651996841754
classifier.0.weight,0,1729,0.997600793838501,0.7488407738079155
classifier.0.weight,0,1730,0.9972611665725708,0.7490162284056693
classifier.0.weight,0,1731,0.9971563816070557,0.7491916461343687
classifier.0.weight,0,1732,0.9967184066772461,0.7493669098015863
classifier.0.weight,0,1733,0.9965550303459167,0.7495421160170943
classifier.0.weight,0,1734,0.9963263869285583,0.749717241845366
classifier.0.weight,0,1735,0.9958699345588684,0.7498922072477181
classifier.0.weight,0,1736,0.9957954287528992,0.7500671464710479
classifier.0.weight,0,1737,0.9957261085510254,0.7502420613391739
classifier.0.weight,0,1738,0.9955287575721741,0.7504169068785975
classifier.0.weight,0,1739,0.995177149772644,0.750591628933494
classifier.0.weight,0,1740,0.9947102665901184,0.750766187086609
classifier.0.weight,0,1741,0.9945653080940247,0.7509406943669334
classifier.0.weight,0,1742,0.9944239258766174,0.7511151520366945
classifier.0.weight,0,1743,0.9943295121192932,0.7512895765809007
classifier.0.weight,0,1744,0.9940615892410278,0.7514639071401062
classifier.0.weight,0,1745,0.9938755035400391,0.7516381724369814
classifier.0.weight,0,1746,0.9937016367912292,0.75181237676789
classifier.0.weight,0,1747,0.9932900667190552,0.7519864368252287
classifier.0.weight,0,1748,0.9929115772247314,0.7521603642579622
classifier.0.weight,0,1749,0.9928712844848633,0.7523342775748958
classifier.0.weight,0,1750,0.9925856590270996,0.7525080908447708
classifier.0.weight,0,1751,0.9924056529998779,0.7526818410780728
classifier.0.weight,0,1752,0.9921934008598328,0.7528555169971768
classifier.0.weight,0,1753,0.9918287992477417,0.753029065298247
classifier.0.weight,0,1754,0.9915607571601868,0.7532025198090113
classifier.0.weight,0,1755,0.9914165735244751,0.7533759238791276
classifier.0.weight,0,1756,0.9912831783294678,0.7535492812893145
classifier.0.weight,0,1757,0.9909473657608032,0.7537225212643675
classifier.0.weight,0,1758,0.9907580018043518,0.7538956950355558
classifier.0.weight,0,1759,0.9906242489814758,0.7540688220528097
classifier.0.weight,0,1760,0.9903383255004883,0.7542418491453228
classifier.0.weight,0,1761,0.9900316596031189,0.7544147690960809
classifier.0.weight,0,1762,0.9898032546043396,0.7545876092691371
classifier.0.weight,0,1763,0.9895986914634705,0.7547603780076435
classifier.0.weight,0,1764,0.989386796951294,0.7549330727670136
classifier.0.weight,0,1765,0.9892317652702332,0.755105713409912
classifier.0.weight,0,1766,0.9890761375427246,0.7552782997368079
classifier.0.weight,0,1767,0.988631010055542,0.7554507307558803
classifier.0.weight,0,1768,0.9884549379348755,0.7556231003615611
classifier.0.weight,0,1769,0.9882033467292786,0.7557953822320176
classifier.0.weight,0,1770,0.9877970814704895,0.7559675224762562
classifier.0.weight,0,1771,0.9874396324157715,0.7561395381600242
classifier.0.weight,0,1772,0.9873205423355103,0.756311512354418
classifier.0.weight,0,1773,0.9871156215667725,0.7564834151688993
classifier.0.weight,0,1774,0.9868484735488892,0.7566552249501414
classifier.0.weight,0,1775,0.986819326877594,0.7568270245826941
classifier.0.weight,0,1776,0.9862557649612427,0.7569986280454291
classifier.0.weight,0,1777,0.9860671758651733,0.7571701658873607
classifier.0.weight,0,1778,0.9857319593429565,0.7573415871194991
classifier.0.weight,0,1779,0.9855327010154724,0.7575129390556075
classifier.0.weight,0,1780,0.9853367209434509,0.7576842228494294
classifier.0.weight,0,1781,0.9851327538490295,0.7578554357382682
classifier.0.weight,0,1782,0.9850071668624878,0.7580266049766646
classifier.0.weight,0,1783,0.9846426248550415,0.7581976475422137
classifier.0.weight,0,1784,0.9845386147499084,0.7583686539744183
classifier.0.weight,0,1785,0.9842779636383057,0.7585395698726087
classifier.0.weight,0,1786,0.9840864539146423,0.7587104192674875
classifier.0.weight,0,1787,0.9839811325073242,0.7588812320941649
classifier.0.weight,0,1788,0.9837629795074463,0.7590519691893093
classifier.0.weight,0,1789,0.98355633020401,0.759222634561901
classifier.0.weight,0,1790,0.9834054708480835,0.7593932475846823
classifier.0.weight,0,1791,0.9831330180168152,0.7595637660837635
classifier.0.weight,0,1792,0.982922375202179,0.7597342115212182
classifier.0.weight,0,1793,0.9827274680137634,0.7599045893689058
classifier.0.weight,0,1794,0.982443630695343,0.7600748688116759
classifier.0.weight,0,1795,0.9823483228683472,0.7602451152180947
classifier.0.weight,0,1796,0.9819772243499756,0.7604152330219508
classifier.0.weight,0,1797,0.9818564057350159,0.7605853089671314
classifier.0.weight,0,1798,0.9815880656242371,0.7607552919619349
classifier.0.weight,0,1799,0.9812434911727905,0.7609251556367941
classifier.0.weight,0,1800,0.9812076687812805,0.7610950069094062
classifier.0.weight,0,1801,0.9807413220405579,0.7612646967671284
classifier.0.weight,0,1802,0.9806919097900391,0.7614343695264649
classifier.0.weight,0,1803,0.9803421497344971,0.7616039212810894
classifier.0.weight,0,1804,0.9802588820457458,0.7617734442343752
classifier.0.weight,0,1805,0.9798842072486877,0.7619428376222149
classifier.0.weight,0,1806,0.9798344969749451,0.7621122138235789
classifier.0.weight,0,1807,0.9795913696289062,0.7622815059803876
classifier.0.weight,0,1808,0.9791781902313232,0.762450655356682
classifier.0.weight,0,1809,0.9790493249893188,0.7626197602139273
classifier.0.weight,0,1810,0.9788572192192078,0.762788798715309
classifier.0.weight,0,1811,0.9781210422515869,0.7629575830520307
classifier.0.weight,0,1812,0.9780938625335693,0.7631263580086312
classifier.0.weight,0,1813,0.9778403043746948,0.7632950454711332
classifier.0.weight,0,1814,0.977821409702301,0.7634637264146494
classifier.0.weight,0,1815,0.977563738822937,0.763632318469868
classifier.0.weight,0,1816,0.9773977994918823,0.7638008532936706
classifier.0.weight,0,1817,0.9772427082061768,0.7639693346362629
classifier.0.weight,0,1818,0.9769939184188843,0.7641377302046631
classifier.0.weight,0,1819,0.9768683910369873,0.7643060825038139
classifier.0.weight,0,1820,0.9767558574676514,0.7644743960174044
classifier.0.weight,0,1821,0.9765604734420776,0.7646426422010016
classifier.0.weight,0,1822,0.9760076403617859,0.764810697949431
classifier.0.weight,0,1823,0.9759542346000671,0.7649787353068165
classifier.0.weight,0,1824,0.9755296111106873,0.765146626474792
classifier.0.weight,0,1825,0.9754330515861511,0.7653144844081249
classifier.0.weight,0,1826,0.9753173589706421,0.7654823025257644
classifier.0.weight,0,1827,0.975264310836792,0.7656501023884312
classifier.0.weight,0,1828,0.9749841690063477,0.7658178058649006
classifier.0.weight,0,1829,0.9745590090751648,0.7659853631128365
classifier.0.weight,0,1830,0.9744203686714172,0.7661528726908993
classifier.0.weight,0,1831,0.9742287397384644,0.7663203163907717
classifier.0.weight,0,1832,0.973762571811676,0.766487599885542
classifier.0.weight,0,1833,0.9736695885658264,0.766654851434497
classifier.0.weight,0,1834,0.9734783172607422,0.7668220372788632
classifier.0.weight,0,1835,0.9734041094779968,0.7669891976352085
classifier.0.weight,0,1836,0.9732590317726135,0.7671563081675731
classifier.0.weight,0,1837,0.9727334976196289,0.7673232382781212
classifier.0.weight,0,1838,0.972473680973053,0.7674900792266749
classifier.0.weight,0,1839,0.9722805619239807,0.7676568539174641
classifier.0.weight,0,1840,0.972012996673584,0.7678235368302755
classifier.0.weight,0,1841,0.9718495607376099,0.7679901636950964
classifier.0.weight,0,1842,0.9717454314231873,0.7681567548551902
classifier.0.weight,0,1843,0.9716612100601196,0.7683233171395596
classifier.0.weight,0,1844,0.9712138772010803,0.7684897260955242
classifier.0.weight,0,1845,0.9709926843643188,0.768656059261226
classifier.0.weight,0,1846,0.9706276059150696,0.7688222673729715
classifier.0.weight,0,1847,0.9703503251075745,0.7689883805363839
classifier.0.weight,0,1848,0.9700798988342285,0.7691544011247682
classifier.0.weight,0,1849,0.9697796702384949,0.769320318966121
classifier.0.weight,0,1850,0.969678521156311,0.7694862021984534
classifier.0.weight,0,1851,0.969558835029602,0.7696520444838207
classifier.0.weight,0,1852,0.969434380531311,0.7698178441962302
classifier.0.weight,0,1853,0.9693655967712402,0.7699836203816773
classifier.0.weight,0,1854,0.9690513014793396,0.77014928908605
classifier.0.weight,0,1855,0.9688471555709839,0.770314887996335
classifier.0.weight,0,1856,0.9687079191207886,0.7704804393124303
classifier.0.weight,0,1857,0.9681649804115295,0.7706458051050524
classifier.0.weight,0,1858,0.96803218126297,0.7708111255357148
classifier.0.weight,0,1859,0.9679034948348999,0.7709764020151905
classifier.0.weight,0,1860,0.9675089716911316,0.7711415437867999
classifier.0.weight,0,1861,0.967383086681366,0.7713066425871882
classifier.0.weight,0,1862,0.9670467972755432,0.7714716266216105
classifier.0.weight,0,1863,0.9669214487075806,0.7716365678883566
classifier.0.weight,0,1864,0.9666378498077393,0.7718014124144585
classifier.0.weight,0,1865,0.9662986993789673,0.7719661412875597
classifier.0.weight,0,1866,0.9661396145820618,0.7721308159254595
classifier.0.weight,0,1867,0.965872049331665,0.7722953993651334
classifier.0.weight,0,1868,0.9655813574790955,0.7724598837526284
classifier.0.weight,0,1869,0.9653420448303223,0.7726242866175956
classifier.0.weight,0,1870,0.9652397632598877,0.7727886546462218
classifier.0.weight,0,1871,0.9652009010314941,0.7729530094396301
classifier.0.weight,0,1872,0.9646108746528625,0.7731171633546026
classifier.0.weight,0,1873,0.9645252823829651,0.7732812881393148
classifier.0.weight,0,1874,0.9642736911773682,0.7734453273130687
classifier.0.weight,0,1875,0.9641063213348389,0.7736093095469138
classifier.0.weight,0,1876,0.9638676047325134,0.7737732105854911
classifier.0.weight,0,1877,0.9636525511741638,0.7739370384945862
classifier.0.weight,0,1878,0.9633976221084595,0.7741007797355737
classifier.0.weight,0,1879,0.9632341861724854,0.7742644654253901
classifier.0.weight,0,1880,0.9628025889396667,0.7744280044624725
classifier.0.weight,0,1881,0.9626722931861877,0.7745914992391831
classifier.0.weight,0,1882,0.9624841809272766,0.7747549301263084
classifier.0.weight,0,1883,0.9621344804763794,0.7749182422759551
classifier.0.weight,0,1884,0.9620563387870789,0.7750815278992287
classifier.0.weight,0,1885,0.9618719816207886,0.7752447509482242
classifier.0.weight,0,1886,0.9617464542388916,0.7754079313977356
classifier.0.weight,0,1887,0.9613573551177979,0.7755709798363094
classifier.0.weight,0,1888,0.9612396955490112,0.7757339883666536
classifier.0.weight,0,1889,0.9611776471138,0.775896975853136
classifier.0.weight,0,1890,0.9609940648078918,0.7760599010852343
classifier.0.weight,0,1891,0.9606112241744995,0.7762226965309438
classifier.0.weight,0,1892,0.9602825045585632,0.776385380579037
classifier.0.weight,0,1893,0.9601751565933228,0.7765480282569469
classifier.0.weight,0,1894,0.9598445296287537,0.776710563941854
classifier.0.weight,0,1895,0.9596624970436096,0.7768730379834753
classifier.0.weight,0,1896,0.9593813419342041,0.7770354168380583
classifier.0.weight,0,1897,0.9593087434768677,0.7771977711184543
classifier.0.weight,0,1898,0.95920330286026,0.7773600897110808
classifier.0.weight,0,1899,0.9587976932525635,0.7775222710563472
classifier.0.weight,0,1900,0.9585843086242676,0.7776843802213084
classifier.0.weight,0,1901,0.958450198173523,0.7778464440297741
classifier.0.weight,0,1902,0.9584389328956604,0.7780085040285832
classifier.0.weight,0,1903,0.9583683609962463,0.7781705401626254
classifier.0.weight,0,1904,0.9580803513526917,0.7783324789208386
classifier.0.weight,0,1905,0.958033561706543,0.7784944018622735
classifier.0.weight,0,1906,0.9578487873077393,0.7786562623500949
classifier.0.weight,0,1907,0.9575790762901306,0.7788180316974123
classifier.0.weight,0,1908,0.9570445418357849,0.7789796204911708
classifier.0.weight,0,1909,0.956835925579071,0.7791411388464622
classifier.0.weight,0,1910,0.9567855596542358,0.7793026401981964
classifier.0.weight,0,1911,0.956551730632782,0.7794640626208788
classifier.0.weight,0,1912,0.9562576413154602,0.7796253858010196
classifier.0.weight,0,1913,0.9561735987663269,0.7797866806260082
classifier.0.weight,0,1914,0.9557369351387024,0.7799478281649785
classifier.0.weight,0,1915,0.9555705189704895,0.7801089195897186
classifier.0.weight,0,1916,0.9553043842315674,0.7802699212962155
classifier.0.weight,0,1917,0.9552160501480103,0.7804308932294152
classifier.0.weight,0,1918,0.955071210861206,0.7805918163500088
classifier.0.weight,0,1919,0.9546779990196228,0.7807526069907412
classifier.0.weight,0,1920,0.9545899629592896,0.7809133679780785
classifier.0.weight,0,1921,0.954303503036499,0.7810740324953669
classifier.0.weight,0,1922,0.9540191292762756,0.7812346012737935
classifier.0.weight,0,1923,0.9538682699203491,0.7813951192746487
classifier.0.weight,0,1924,0.9533339738845825,0.7815554575020185
classifier.0.weight,0,1925,0.9531517624855042,0.7817157344441273
classifier.0.weight,0,1926,0.9528406858444214,0.7818759067853138
classifier.0.weight,0,1927,0.9528228044509888,0.7820360731148389
classifier.0.weight,0,1928,0.952614963054657,0.7821961695770965
classifier.0.weight,0,1929,0.9524040818214417,0.7823561951658033
classifier.0.weight,0,1930,0.9521157145500183,0.7825161238646348
classifier.0.weight,0,1931,0.9518662095069885,0.7826759687547696
classifier.0.weight,0,1932,0.9518442153930664,0.7828358062581393
classifier.0.weight,0,1933,0.9516430497169495,0.7829955762075519
classifier.0.weight,0,1934,0.9513577222824097,0.7831552503649217
classifier.0.weight,0,1935,0.9511489868164062,0.7833148544624131
classifier.0.weight,0,1936,0.9508987665176392,0.7834743745963354
classifier.0.weight,0,1937,0.9507867693901062,0.7836338571558168
classifier.0.weight,0,1938,0.9503797292709351,0.7837932031927748
classifier.0.weight,0,1939,0.9502559304237366,0.7839525077188078
classifier.0.weight,0,1940,0.9499484896659851,0.784111709180435
classifier.0.weight,0,1941,0.9497936367988586,0.784270858742841
classifier.0.weight,0,1942,0.9497697949409485,0.7844300003153563
classifier.0.weight,0,1943,0.9496357440948486,0.7845890969684458
classifier.0.weight,0,1944,0.9493372440338135,0.7847480936191983
classifier.0.weight,0,1945,0.949108898639679,0.7849070137917831
classifier.0.weight,0,1946,0.9487726092338562,0.7850658213667462
classifier.0.weight,0,1947,0.9487029314041138,0.7852246056169195
classifier.0.weight,0,1948,0.9484748244285583,0.78538331351982
classifier.0.weight,0,1949,0.9483200311660767,0.7855419696239617
classifier.0.weight,0,1950,0.9480380415916443,0.785700531387134
classifier.0.weight,0,1951,0.9479091763496399,0.7858590500471598
classifier.0.weight,0,1952,0.947413980960846,0.7860174031275974
classifier.0.weight,0,1953,0.9471895098686218,0.786175681179634
classifier.0.weight,0,1954,0.9470072984695435,0.7863338983414453
classifier.0.weight,0,1955,0.9468256831169128,0.7864920548238714
classifier.0.weight,0,1956,0.9466730952262878,0.7866501603342552
classifier.0.weight,0,1957,0.9464396834373474,0.7868081878892376
classifier.0.weight,0,1958,0.9462565183639526,0.7869661542837926
classifier.0.weight,0,1959,0.9462062120437622,0.7871241038826972
classifier.0.weight,0,1960,0.9460695385932922,0.7872820078552736
classifier.0.weight,0,1961,0.9456692337989807,0.7874397782301769
classifier.0.weight,0,1962,0.9454495906829834,0.7875974753254361
classifier.0.weight,0,1963,0.945335328578949,0.7877551343061024
classifier.0.weight,0,1964,0.9449580907821655,0.7879126674836641
classifier.0.weight,0,1965,0.9446927905082703,0.7880701122176667
classifier.0.weight,0,1966,0.9444659352302551,0.7882274813442743
classifier.0.weight,0,1967,0.9443349242210388,0.7883848068151876
classifier.0.weight,0,1968,0.9441055655479431,0.7885420558734251
classifier.0.weight,0,1969,0.9438705444335938,0.7886992266517533
classifier.0.weight,0,1970,0.9436842799186707,0.7888563354036726
classifier.0.weight,0,1971,0.9434451460838318,0.7890133645415539
classifier.0.weight,0,1972,0.9433867335319519,0.7891703742354033
classifier.0.weight,0,1973,0.9431672692298889,0.7893273108860063
classifier.0.weight,0,1974,0.9429263472557068,0.7894841673712772
classifier.0.weight,0,1975,0.9427749514579773,0.7896409734909892
classifier.0.weight,0,1976,0.9424203634262085,0.7897976616798691
classifier.0.weight,0,1977,0.9422341585159302,0.7899542879574641
classifier.0.weight,0,1978,0.9421701431274414,0.7901108929534038
classifier.0.weight,0,1979,0.9419352412223816,0.7902674198695477
classifier.0.weight,0,1980,0.9418284893035889,0.7904239113085145
classifier.0.weight,0,1981,0.9414934515953064,0.7905802914295331
classifier.0.weight,0,1982,0.9414093494415283,0.7907366436134109
classifier.0.weight,0,1983,0.9411738514900208,0.7908929175826128
classifier.0.weight,0,1984,0.9409044981002808,0.7910491021169032
classifier.0.weight,0,1985,0.9407195448875427,0.7912052252549682
classifier.0.weight,0,1986,0.9404113292694092,0.7913612461059981
classifier.0.weight,0,1987,0.9403702616691589,0.7915172533305183
classifier.0.weight,0,1988,0.940212607383728,0.791673208249799
classifier.0.weight,0,1989,0.9400627017021179,0.7918291134427423
classifier.0.weight,0,1990,0.9397581815719604,0.7919849176454433
classifier.0.weight,0,1991,0.9396857619285583,0.7921406978359031
classifier.0.weight,0,1992,0.9394401907920837,0.7922963966159142
classifier.0.weight,0,1993,0.9392330646514893,0.7924520267471011
classifier.0.weight,0,1994,0.9387805461883545,0.7926075069505544
classifier.0.weight,0,1995,0.938637912273407,0.7927629399117302
classifier.0.weight,0,1996,0.9383645057678223,0.7929182823370498
classifier.0.weight,0,1997,0.938308835029602,0.7930736063307877
classifier.0.weight,0,1998,0.9380698800086975,0.7932288512232304
classifier.0.weight,0,1999,0.9378279447555542,0.7933840160483565
classifier.0.weight,0,2000,0.9376307725906372,0.7935391156355709
classifier.0.weight,0,2001,0.9374662637710571,0.7936941608026181
classifier.0.weight,0,2002,0.9372129440307617,0.793849122189168
classifier.0.weight,0,2003,0.9370365142822266,0.7940040252384419
classifier.0.weight,0,2004,0.936629593372345,0.7941587937793967
classifier.0.weight,0,2005,0.9365267753601074,0.7943135283429491
classifier.0.weight,0,2006,0.9363749027252197,0.794468212725255
classifier.0.weight,0,2007,0.9361070394515991,0.7946228086209122
classifier.0.weight,0,2008,0.9356650114059448,0.7947772585512368
classifier.0.weight,0,2009,0.9355941414833069,0.7949316850854957
classifier.0.weight,0,2010,0.9354379773139954,0.795086060072021
classifier.0.weight,0,2011,0.9349903464317322,0.7952402873491752
classifier.0.weight,0,2012,0.9348175525665283,0.7953944576266718
classifier.0.weight,0,2013,0.9347068071365356,0.79554859137802
classifier.0.weight,0,2014,0.9345713257789612,0.7957026804506812
classifier.0.weight,0,2015,0.9344999194145203,0.7958567459777447
classifier.0.weight,0,2016,0.9341671466827393,0.796010701799763
classifier.0.weight,0,2017,0.9338801503181458,0.7961645630391917
classifier.0.weight,0,2018,0.9335535168647766,0.7963183166685824
classifier.0.weight,0,2019,0.9334359169006348,0.7964720315636487
classifier.0.weight,0,2020,0.9332672357559204,0.796625690908117
classifier.0.weight,0,2021,0.9329994320869446,0.7967792620792722
classifier.0.weight,0,2022,0.9328938722610474,0.7969327985022197
classifier.0.weight,0,2023,0.9326040148735046,0.7970862395300661
classifier.0.weight,0,2024,0.9322622418403625,0.7972395681149133
classifier.0.weight,0,2025,0.9320398569107056,0.7973928235574662
classifier.0.weight,0,2026,0.9318810105323792,0.7975460267662067
classifier.0.weight,0,2027,0.931420624256134,0.7976990786353855
classifier.0.weight,0,2028,0.9313419461250305,0.7978521046487347
classifier.0.weight,0,2029,0.9312136173248291,0.7980050884943455
classifier.0.weight,0,2030,0.931126058101654,0.7981580435720848
classifier.0.weight,0,2031,0.9310646057128906,0.7983109784610543
classifier.0.weight,0,2032,0.9308283925056458,0.7984638357600096
classifier.0.weight,0,2033,0.9303376078605652,0.7986165319116717
classifier.0.weight,0,2034,0.9302833676338196,0.7987692102589747
classifier.0.weight,0,2035,0.9301459789276123,0.7989218435130677
classifier.0.weight,0,2036,0.9298090934753418,0.7990743662240584
classifier.0.weight,0,2037,0.9296758770942688,0.7992268452334587
classifier.0.weight,0,2038,0.9294689297676086,0.7993792563662753
classifier.0.weight,0,2039,0.9292147159576416,0.7995315841402725
classifier.0.weight,0,2040,0.9291291236877441,0.7996838838529847
classifier.0.weight,0,2041,0.928840160369873,0.7998360888486427
classifier.0.weight,0,2042,0.9287000894546509,0.7999882479421392
classifier.0.weight,0,2043,0.9283439517021179,0.8001402903581252
classifier.0.weight,0,2044,0.9281970858573914,0.800292284671096
classifier.0.weight,0,2045,0.9280493259429932,0.8004442305958971
classifier.0.weight,0,2046,0.9278122186660767,0.8005960988893028
classifier.0.weight,0,2047,0.9274951815605164,0.8007478634124475
classifier.0.weight,0,2048,0.9271178841590881,0.8008995044875897
classifier.0.weight,0,2049,0.9269031286239624,0.8010510753192623
classifier.0.weight,0,2050,0.9267850518226624,0.8012026075366321
classifier.0.weight,0,2051,0.9266931414604187,0.8013541097002364
classifier.0.weight,0,2052,0.9266557097434998,0.8015055996248989
classifier.0.weight,0,2053,0.9262933731079102,0.801656971102942
classifier.0.weight,0,2054,0.9262092113494873,0.8018083150754207
classifier.0.weight,0,2055,0.9259384870529175,0.8019595705873184
classifier.0.weight,0,2056,0.9257760643959045,0.8021107730391743
classifier.0.weight,0,2057,0.925493061542511,0.8022618830622311
classifier.0.weight,0,2058,0.9251753091812134,0.8024128893409682
classifier.0.weight,0,2059,0.9249779582023621,0.8025638312036794
classifier.0.weight,0,2060,0.9248690009117126,0.8027147375082506
classifier.0.weight,0,2061,0.9246187210083008,0.8028655621500028
classifier.0.weight,0,2062,0.9243037700653076,0.8030162840590896
classifier.0.weight,0,2063,0.924183189868927,0.8031669666458399
classifier.0.weight,0,2064,0.9240056872367859,0.8033175913566463
classifier.0.weight,0,2065,0.9238725900650024,0.803468172677505
classifier.0.weight,0,2066,0.9235036969184875,0.8036186337711207
classifier.0.weight,0,2067,0.923313319683075,0.803769032837016
classifier.0.weight,0,2068,0.9230167269706726,0.8039193352940971
classifier.0.weight,0,2069,0.9229098558425903,0.8040696029477716
classifier.0.weight,0,2070,0.9228515028953552,0.80421985160006
classifier.0.weight,0,2071,0.9227536916732788,0.804370068404916
classifier.0.weight,0,2072,0.9223993420600891,0.8045201698614469
classifier.0.weight,0,2073,0.9222671985626221,0.8046702283138045
classifier.0.weight,0,2074,0.9219250679016113,0.804820175453356
classifier.0.weight,0,2075,0.9217511415481567,0.8049700660215007
classifier.0.weight,0,2076,0.9214324951171875,0.805119852974175
classifier.0.weight,0,2077,0.9212636947631836,0.805269585051913
classifier.0.weight,0,2078,0.9212144613265991,0.8054193011263551
classifier.0.weight,0,2079,0.920966386795044,0.805568936577347
classifier.0.weight,0,2080,0.9208942651748657,0.8057185485931108
classifier.0.weight,0,2081,0.9206384420394897,0.8058680774964041
classifier.0.weight,0,2082,0.9202509522438049,0.8060174805550051
classifier.0.weight,0,2083,0.9200024008750916,0.8061668029197047
classifier.0.weight,0,2084,0.9198572039604187,0.806316078155319
classifier.0.weight,0,2085,0.919724702835083,0.8064653103892325
classifier.0.weight,0,2086,0.9194737672805786,0.8066144612019019
classifier.0.weight,0,2087,0.9192727208137512,0.8067635467969071
classifier.0.weight,0,2088,0.919152557849884,0.806912593418938
classifier.0.weight,0,2089,0.9190132021903992,0.8070615948495247
classifier.0.weight,0,2090,0.9186824560165405,0.807210489050346
classifier.0.weight,0,2091,0.9184616208076477,0.8073593116766429
classifier.0.weight,0,2092,0.9181142449378967,0.807508021750359
classifier.0.weight,0,2093,0.9180193543434143,0.8076567010861617
classifier.0.weight,0,2094,0.9178751707077026,0.807805333722636
classifier.0.weight,0,2095,0.9177080392837524,0.8079539122364509
classifier.0.weight,0,2096,0.9176309704780579,0.8081024657961686
classifier.0.weight,0,2097,0.9173725247383118,0.8082509356890761
classifier.0.weight,0,2098,0.9173141717910767,0.808399386694607
classifier.0.weight,0,2099,0.9170196056365967,0.8085477423748456
classifier.0.weight,0,2100,0.9166662096977234,0.8086959837321355
classifier.0.weight,0,2101,0.9165443778038025,0.8088441856872417
classifier.0.weight,0,2102,0.9164555072784424,0.8089923589036477
classifier.0.weight,0,2103,0.9162324666976929,0.8091404600060921
classifier.0.weight,0,2104,0.9160333275794983,0.8092884967372792
classifier.0.weight,0,2105,0.9157074093818665,0.8094364281463563
classifier.0.weight,0,2106,0.9154892563819885,0.80958428907913
classifier.0.weight,0,2107,0.9151421189308167,0.8097320379006243
classifier.0.weight,0,2108,0.9149556159973145,0.8098797265068137
classifier.0.weight,0,2109,0.9147446751594543,0.8100273470223405
classifier.0.weight,0,2110,0.9145249724388123,0.8101748966356035
classifier.0.weight,0,2111,0.9143702983856201,0.8103223963428118
classifier.0.weight,0,2112,0.9141902923583984,0.8104698379811546
classifier.0.weight,0,2113,0.9138487577438354,0.8106171694739025
classifier.0.weight,0,2114,0.9136452078819275,0.8107644353409881
classifier.0.weight,0,2115,0.9134021401405334,0.810911622860768
classifier.0.weight,0,2116,0.9131799936294556,0.8110587387949528
classifier.0.weight,0,2117,0.9130203127861023,0.8112058032835459
classifier.0.weight,0,2118,0.9128966331481934,0.8113528279315122
classifier.0.weight,0,2119,0.9127888083457947,0.8114998178505359
classifier.0.weight,0,2120,0.9124839901924133,0.8116467096138547
classifier.0.weight,0,2121,0.9122382998466492,0.8117935222853103
classifier.0.weight,0,2122,0.9120485186576843,0.8119402738775826
classifier.0.weight,0,2123,0.9118637442588806,0.8120869660142669
classifier.0.weight,0,2124,0.9116619825363159,0.8122335932430435
classifier.0.weight,0,2125,0.9114519357681274,0.8123801529138258
classifier.0.weight,0,2126,0.9112733006477356,0.8125266551418888
classifier.0.weight,0,2127,0.9110198020935059,0.8126730758731332
classifier.0.weight,0,2128,0.9109417796134949,0.8128194715256265
classifier.0.weight,0,2129,0.9107645750045776,0.8129658102272551
classifier.0.weight,0,2130,0.9105817675590515,0.8131120901889629
classifier.0.weight,0,2131,0.910382866859436,0.8132583062530394
classifier.0.weight,0,2132,0.9099228382110596,0.8134043745845824
classifier.0.weight,0,2133,0.9098752737045288,0.8135504276456292
classifier.0.weight,0,2134,0.9095737338066101,0.8136963839164266
classifier.0.weight,0,2135,0.9094656705856323,0.8138423055081931
classifier.0.weight,0,2136,0.9092521071434021,0.813988158576519
classifier.0.weight,0,2137,0.9090656638145447,0.814133951836254
classifier.0.weight,0,2138,0.9087654948234558,0.8142796488314564
classifier.0.weight,0,2139,0.9085838794708252,0.8144252875978482
classifier.0.weight,0,2140,0.9085169434547424,0.8145709049064086
classifier.0.weight,0,2141,0.9082953333854675,0.8147164511842055
classifier.0.weight,0,2142,0.9080729484558105,0.814861926200299
classifier.0.weight,0,2143,0.9076194167137146,0.8150072559393824
classifier.0.weight,0,2144,0.9076157808303833,0.8151525845140991
classifier.0.weight,0,2145,0.9072478413581848,0.8152977952828419
classifier.0.weight,0,2146,0.9071074724197388,0.8154429611211838
classifier.0.weight,0,2147,0.9069131016731262,0.8155880647552768
classifier.0.weight,0,2148,0.9068115949630737,0.8157331359095917
classifier.0.weight,0,2149,0.9065539240837097,0.8158781246315662
classifier.0.weight,0,2150,0.9063893556594849,0.8160230607181725
classifier.0.weight,0,2151,0.9062792658805847,0.81616796159913
classifier.0.weight,0,2152,0.9058999419212341,0.8163127412086972
classifier.0.weight,0,2153,0.9058125615119934,0.8164574928895919
classifier.0.weight,0,2154,0.9056996703147888,0.8166022084920022
classifier.0.weight,0,2155,0.9054502248764038,0.816746844391003
classifier.0.weight,0,2156,0.905225932598114,0.8168914086423386
classifier.0.weight,0,2157,0.9049127101898193,0.8170358728679736
classifier.0.weight,0,2158,0.9046492576599121,0.8171802529884236
classifier.0.weight,0,2159,0.9043613076210022,0.8173245412110594
classifier.0.weight,0,2160,0.9042783975601196,0.8174688029787883
classifier.0.weight,0,2161,0.9040549993515015,0.8176129934767853
classifier.0.weight,0,2162,0.9038227200508118,0.8177571098904278
classifier.0.weight,0,2163,0.903661847114563,0.8179011750055873
classifier.0.weight,0,2164,0.9034181833267212,0.818045162439656
classifier.0.weight,0,2165,0.9032191038131714,0.8181890864218472
classifier.0.weight,0,2166,0.9031715393066406,0.8183329952460485
classifier.0.weight,0,2167,0.9030154347419739,0.8184768543280204
classifier.0.weight,0,2168,0.9029456377029419,0.8186206911721667
classifier.0.weight,0,2169,0.902470588684082,0.8187643767080296
classifier.0.weight,0,2170,0.9023317694664001,0.8189080180434944
classifier.0.weight,0,2171,0.901996374130249,0.819051552616276
classifier.0.weight,0,2172,0.901938259601593,0.8191950686941378
classifier.0.weight,0,2173,0.9017848372459412,0.8193385359511368
classifier.0.weight,0,2174,0.9013763666152954,0.8194818732682957
classifier.0.weight,0,2175,0.9011469483375549,0.8196251376303233
classifier.0.weight,0,2176,0.9009394645690918,0.8197683360283973
classifier.0.weight,0,2177,0.9008769989013672,0.8199115145701461
classifier.0.weight,0,2178,0.9005506038665771,0.8200545893811985
classifier.0.weight,0,2179,0.9001747369766235,0.8201975447856092
classifier.0.weight,0,2180,0.9000056982040405,0.8203404465054712
classifier.0.weight,0,2181,0.8998845815658569,0.8204833097664406
classifier.0.weight,0,2182,0.8996421098709106,0.820626096049471
classifier.0.weight,0,2183,0.8995667695999146,0.82076885841831
classifier.0.weight,0,2184,0.8993240594863892,0.8209115437607459
classifier.0.weight,0,2185,0.8990887999534607,0.8210541544611303
classifier.0.weight,0,2186,0.898884117603302,0.821196700236736
classifier.0.weight,0,2187,0.898833692073822,0.821339230019747
classifier.0.weight,0,2188,0.8987573981285095,0.8214817356076304
classifier.0.weight,0,2189,0.8983075022697449,0.8216240985616343
classifier.0.weight,0,2190,0.8981437087059021,0.821766409604662
classifier.0.weight,0,2191,0.8977908492088318,0.8219086088483455
classifier.0.weight,0,2192,0.8977437615394592,0.8220507931761821
classifier.0.weight,0,2193,0.8975887298583984,0.8221929284005375
classifier.0.weight,0,2194,0.8974151611328125,0.8223350086601998
classifier.0.weight,0,2195,0.897335946559906,0.8224770638382034
classifier.0.weight,0,2196,0.8971416354179382,0.8226190575009733
classifier.0.weight,0,2197,0.8970271348953247,0.8227610149212805
classifier.0.weight,0,2198,0.8968703746795654,0.8229029227303097
classifier.0.weight,0,2199,0.8967978358268738,0.8230448075852671
classifier.0.weight,0,2200,0.8964710235595703,0.82318658904733
classifier.0.weight,0,2201,0.8963315486907959,0.8233283263955018
classifier.0.weight,0,2202,0.896213710308075,0.8234700264784408
classifier.0.weight,0,2203,0.8957881927490234,0.823611592036414
classifier.0.weight,0,2204,0.8956389427185059,0.8237531104249696
classifier.0.weight,0,2205,0.8953872919082642,0.823894549298863
classifier.0.weight,0,2206,0.895336925983429,0.8240359722612075
classifier.0.weight,0,2207,0.8950179219245911,0.8241772944649199
classifier.0.weight,0,2208,0.8944934606552124,0.8243184510936092
classifier.0.weight,0,2209,0.8943185210227966,0.8244595525145746
classifier.0.weight,0,2210,0.8941574692726135,0.8246006031201223
classifier.0.weight,0,2211,0.8939865231513977,0.8247415997983699
classifier.0.weight,0,2212,0.8937472701072693,0.8248825210182754
classifier.0.weight,0,2213,0.8935388326644897,0.8250233765152758
classifier.0.weight,0,2214,0.8935099244117737,0.8251642228983567
classifier.0.weight,0,2215,0.893430769443512,0.8253050443277201
classifier.0.weight,0,2216,0.8931489586830139,0.8254457769337821
classifier.0.weight,0,2217,0.8929451107978821,0.8255864453069521
classifier.0.weight,0,2218,0.8927397131919861,0.8257270489737394
classifier.0.weight,0,2219,0.8925280570983887,0.8258675859781061
classifier.0.weight,0,2220,0.8923324346542358,0.8260080613840072
classifier.0.weight,0,2221,0.8919872641563416,0.8261484281340175
classifier.0.weight,0,2222,0.8917137384414673,0.8262887088109852
classifier.0.weight,0,2223,0.8916289806365967,0.8264289628217332
classifier.0.weight,0,2224,0.8915348649024963,0.8265691872250709
classifier.0.weight,0,2225,0.891154408454895,0.8267092919743216
classifier.0.weight,0,2226,0.8910983204841614,0.8268493790881464
classifier.0.weight,0,2227,0.8909718990325928,0.8269894264560541
classifier.0.weight,0,2228,0.8906459212303162,0.8271293713651032
classifier.0.weight,0,2229,0.8902573585510254,0.8272691941930742
classifier.0.weight,0,2230,0.8902038931846619,0.8274090002271277
classifier.0.weight,0,2231,0.8898202776908875,0.827548685793937
classifier.0.weight,0,2232,0.8896651268005371,0.8276883226532684
classifier.0.weight,0,2233,0.8895039558410645,0.827827908924199
classifier.0.weight,0,2234,0.8892640471458435,0.8279674199094742
classifier.0.weight,0,2235,0.8890770077705383,0.8281068722140834
classifier.0.weight,0,2236,0.8889467716217041,0.8282462836664363
classifier.0.weight,0,2237,0.8885689377784729,0.8283855766343707
classifier.0.weight,0,2238,0.8884195685386658,0.8285248227756943
classifier.0.weight,0,2239,0.8883442282676697,0.8286640453011552
classifier.0.weight,0,2240,0.888111412525177,0.828803194861774
classifier.0.weight,0,2241,0.8877312541007996,0.8289422253212186
classifier.0.weight,0,2242,0.8875082731246948,0.829081185945893
classifier.0.weight,0,2243,0.887412428855896,0.8292201165587675
classifier.0.weight,0,2244,0.887337327003479,0.8293590236571982
classifier.0.weight,0,2245,0.8870879411697388,0.8294978526870218
classifier.0.weight,0,2246,0.8866222500801086,0.8296365359940389
classifier.0.weight,0,2247,0.8866103887557983,0.8297752155904413
classifier.0.weight,0,2248,0.8864070177078247,0.8299138315733772
classifier.0.weight,0,2249,0.8862215280532837,0.8300523895487837
classifier.0.weight,0,2250,0.8861609697341919,0.8301909285886281
classifier.0.weight,0,2251,0.8859742879867554,0.83032940926439
classifier.0.weight,0,2252,0.8857951760292053,0.8304678339542435
classifier.0.weight,0,2253,0.8854792714118958,0.8306061599278199
classifier.0.weight,0,2254,0.8854227662086487,0.8307444682479331
classifier.0.weight,0,2255,0.885296642780304,0.8308827371683882
classifier.0.weight,0,2256,0.8851410150527954,0.8310209574800823
classifier.0.weight,0,2257,0.8850228786468506,0.8311591408987595
classifier.0.weight,0,2258,0.8846525549888611,0.8312972087003513
classifier.0.weight,0,2259,0.8844686150550842,0.8314352190928688
classifier.0.weight,0,2260,0.884296715259552,0.8315731758449239
classifier.0.weight,0,2261,0.8841458559036255,0.8317110855306693
classifier.0.weight,0,2262,0.8839918375015259,0.8318489471728046
classifier.0.weight,0,2263,0.8837946653366089,0.8319867473224107
classifier.0.weight,0,2264,0.8834452033042908,0.8321244385182032
classifier.0.weight,0,2265,0.8833953142166138,0.832262114163299
classifier.0.weight,0,2266,0.8831527233123779,0.8323997142040241
classifier.0.weight,0,2267,0.8828524947166443,0.8325372207061258
classifier.0.weight,0,2268,0.8825839757919312,0.8326746435759484
classifier.0.weight,0,2269,0.8823277950286865,0.8328119866800213
classifier.0.weight,0,2270,0.8821583986282349,0.8329492770526848
classifier.0.weight,0,2271,0.881918728351593,0.8330864928356785
classifier.0.weight,0,2272,0.8818347454071045,0.8332236824864757
classifier.0.weight,0,2273,0.8817979097366333,0.8333608606762429
classifier.0.weight,0,2274,0.8815401196479797,0.833497958670745
classifier.0.weight,0,2275,0.8813878297805786,0.8336350093007961
classifier.0.weight,0,2276,0.8812907338142395,0.8337720297368055
classifier.0.weight,0,2277,0.88120037317276,0.8339090220762532
classifier.0.weight,0,2278,0.8808165192604065,0.834045895093027
classifier.0.weight,0,2279,0.8807432055473328,0.8341827453258243
classifier.0.weight,0,2280,0.8804918527603149,0.8343195174591735
classifier.0.weight,0,2281,0.8803777098655701,0.8344562541338068
classifier.0.weight,0,2282,0.8801488280296326,0.8345929197196957
classifier.0.weight,0,2283,0.8799522519111633,0.8347295242654756
classifier.0.weight,0,2284,0.8797636032104492,0.8348660702455603
classifier.0.weight,0,2285,0.8796362280845642,0.8350025766893371
classifier.0.weight,0,2286,0.8793932795524597,0.8351390077395381
classifier.0.weight,0,2287,0.8789548277854919,0.8352753027788685
classifier.0.weight,0,2288,0.8787316679954529,0.8354115286184853
classifier.0.weight,0,2289,0.8786647915840149,0.8355477337237892
classifier.0.weight,0,2290,0.8784415125846863,0.8356838696152679
classifier.0.weight,0,2291,0.8782944679260254,0.8358199599342641
classifier.0.weight,0,2292,0.8780933618545532,0.835955987938269
classifier.0.weight,0,2293,0.8780146241188049,0.8360919915483829
classifier.0.weight,0,2294,0.8779264688491821,0.836227967849537
classifier.0.weight,0,2295,0.8776761889457703,0.8363638666333004
classifier.0.weight,0,2296,0.8774564862251282,0.83649969738834
classifier.0.weight,0,2297,0.8774007558822632,0.8366355108897511
classifier.0.weight,0,2298,0.8771631121635437,0.8367712508310371
classifier.0.weight,0,2299,0.8768423199653625,0.836906891506061
classifier.0.weight,0,2300,0.8766269087791443,0.8370424655444068
classifier.0.weight,0,2301,0.8765528202056885,0.8371780166675019
classifier.0.weight,0,2302,0.8760239481925964,0.8373134042692059
classifier.0.weight,0,2303,0.8757672905921936,0.8374487125507798
classifier.0.weight,0,2304,0.8757230639457703,0.8375840071664393
classifier.0.weight,0,2305,0.8755847811698914,0.8377192590575466
classifier.0.weight,0,2306,0.8754479885101318,0.8378544686911339
classifier.0.weight,0,2307,0.8751212358474731,0.8379895774121292
classifier.0.weight,0,2308,0.8750080466270447,0.8381246511851397
classifier.0.weight,0,2309,0.8749557733535767,0.8382597088199275
classifier.0.weight,0,2310,0.8746764659881592,0.8383946802410521
classifier.0.weight,0,2311,0.8744540214538574,0.8385295830200254
classifier.0.weight,0,2312,0.874343991279602,0.838664451852234
classifier.0.weight,0,2313,0.8741899132728577,0.8387992731551177
classifier.0.weight,0,2314,0.8738973140716553,0.8389340042213078
classifier.0.weight,0,2315,0.8736947774887085,0.8390686728435307
classifier.0.weight,0,2316,0.8736234903335571,0.839203319490685
classifier.0.weight,0,2317,0.8734306693077087,0.8393379067075706
classifier.0.weight,0,2318,0.8732978701591492,0.8394724530014391
classifier.0.weight,0,2319,0.8730044960975647,0.8396069089120286
classifier.0.weight,0,2320,0.87285315990448,0.8397413182105283
classifier.0.weight,0,2321,0.8728261590003967,0.8398757191935022
classifier.0.weight,0,2322,0.8723993897438049,0.8400099887776075
classifier.0.weight,0,2323,0.8721921443939209,0.8401441945756946
classifier.0.weight,0,2324,0.871990978717804,0.8402783384734609
classifier.0.weight,0,2325,0.8716670870780945,0.840412382737128
classifier.0.weight,0,2326,0.8715521693229675,0.840546391659205
classifier.0.weight,0,2327,0.871408998966217,0.8406803565574589
classifier.0.weight,0,2328,0.8713537454605103,0.8408143044676035
classifier.0.weight,0,2329,0.8711695075035095,0.8409481957401759
classifier.0.weight,0,2330,0.870879590511322,0.8410819979120723
classifier.0.weight,0,2331,0.870613157749176,0.8412157182268913
classifier.0.weight,0,2332,0.8704086542129517,0.8413493757283581
classifier.0.weight,0,2333,0.8702301383018494,0.8414829784106459
classifier.0.weight,0,2334,0.8700443506240845,0.8416165240526604
classifier.0.weight,0,2335,0.8698371648788452,0.8417500060991608
classifier.0.weight,0,2336,0.8696337938308716,0.8418834257357956
classifier.0.weight,0,2337,0.8694471716880798,0.8420167881152562
classifier.0.weight,0,2338,0.869265615940094,0.8421500948037458
classifier.0.weight,0,2339,0.868982195854187,0.8422833145783324
classifier.0.weight,0,2340,0.8687343597412109,0.8424164583744627
classifier.0.weight,0,2341,0.8686466813087463,0.8425495752964395
classifier.0.weight,0,2342,0.8682798147201538,0.8426825798002392
classifier.0.weight,0,2343,0.8682389259338379,0.8428155717775131
classifier.0.weight,0,2344,0.868039071559906,0.8429485025366856
classifier.0.weight,0,2345,0.8679313659667969,0.8430814003100203
classifier.0.weight,0,2346,0.867685854434967,0.8432142229084681
classifier.0.weight,0,2347,0.8675603866577148,0.8433470070972744
classifier.0.weight,0,2348,0.8673088550567627,0.8434797143010584
classifier.0.weight,0,2349,0.8672073483467102,0.8436123904435121
classifier.0.weight,0,2350,0.8668776154518127,0.8437449657118861
classifier.0.weight,0,2351,0.8667086362838745,0.8438774892998968
classifier.0.weight,0,2352,0.8664340972900391,0.844009928944749
classifier.0.weight,0,2353,0.8662430644035339,0.8441423101949961
classifier.0.weight,0,2354,0.8660117387771606,0.8442746207512589
classifier.0.weight,0,2355,0.8659766316413879,0.8444069205802986
classifier.0.weight,0,2356,0.8658338785171509,0.8445391767946343
classifier.0.weight,0,2357,0.8656942844390869,0.8446713903663883
classifier.0.weight,0,2358,0.8654680848121643,0.8448035348542775
classifier.0.weight,0,2359,0.8652848601341248,0.8449356233965604
classifier.0.weight,0,2360,0.8651880621910095,0.845067682387456
classifier.0.weight,0,2361,0.8648361563682556,0.845199633973086
classifier.0.weight,0,2362,0.8647715449333191,0.8453315658433913
classifier.0.weight,0,2363,0.864610493183136,0.8454634485772972
classifier.0.weight,0,2364,0.8644408583641052,0.8455952795660318
classifier.0.weight,0,2365,0.8644343018531799,0.845727108554981
classifier.0.weight,0,2366,0.8640457987785339,0.8458588190746414
classifier.0.weight,0,2367,0.8637450933456421,0.8459904379343991
classifier.0.weight,0,2368,0.8635962009429932,0.8461220114211425
classifier.0.weight,0,2369,0.8634976148605347,0.8462535548693697
classifier.0.weight,0,2370,0.8633421659469604,0.8463850509603252
classifier.0.weight,0,2371,0.8629552125930786,0.8465164292035666
classifier.0.weight,0,2372,0.8627089858055115,0.8466477324852635
classifier.0.weight,0,2373,0.8625597953796387,0.8467789903576762
classifier.0.weight,0,2374,0.862297773361206,0.8469101684971149
classifier.0.weight,0,2375,0.8621277809143066,0.8470412949210196
classifier.0.weight,0,2376,0.8620303273200989,0.8471723917019425
classifier.0.weight,0,2377,0.8617606163024902,0.8473034064608909
classifier.0.weight,0,2378,0.8616471886634827,0.847434386732961
classifier.0.weight,0,2379,0.861272394657135,0.8475652530838229
classifier.0.weight,0,2380,0.8611258864402771,0.8476960749159819
classifier.0.weight,0,2381,0.8609035015106201,0.8478268291876417
classifier.0.weight,0,2382,0.860739529132843,0.8479575336557009
classifier.0.weight,0,2383,0.8603875637054443,0.8480881312527574
classifier.0.weight,0,2384,0.8602458238601685,0.8482186858241839
classifier.0.weight,0,2385,0.8601502180099487,0.8483492113781207
classifier.0.weight,0,2386,0.8598507046699524,0.8484796460471462
classifier.0.weight,0,2387,0.8598148822784424,0.8486100698482747
classifier.0.weight,0,2388,0.8596647381782532,0.8487404481031935
classifier.0.weight,0,2389,0.8594369888305664,0.8488707572855357
classifier.0.weight,0,2390,0.8590567111968994,0.8490009511768093
classifier.0.weight,0,2391,0.8589845299720764,0.8491311231902264
classifier.0.weight,0,2392,0.8587372899055481,0.8492612202800461
classifier.0.weight,0,2393,0.8584992289543152,0.8493912452482884
classifier.0.weight,0,2394,0.8582477569580078,0.8495211940537377
classifier.0.weight,0,2395,0.8581002354621887,0.849651098190047
classifier.0.weight,0,2396,0.8579145073890686,0.8497809460992797
classifier.0.weight,0,2397,0.8577561974525452,0.8499107460915754
classifier.0.weight,0,2398,0.8575060367584229,0.8500404703837565
classifier.0.weight,0,2399,0.857420802116394,0.8501701688884712
classifier.0.weight,0,2400,0.8572115898132324,0.8502998041075451
classifier.0.weight,0,2401,0.8569541573524475,0.8504293614758229
classifier.0.weight,0,2402,0.8568930625915527,0.850558900371714
classifier.0.weight,0,2403,0.8567631840705872,0.85068840000239
classifier.0.weight,0,2404,0.856303334236145,0.8508177606579009
classifier.0.weight,0,2405,0.856238603591919,0.8509471017565989
classifier.0.weight,0,2406,0.8560947179794312,0.8510763993890026
classifier.0.weight,0,2407,0.8559607267379761,0.8512056565506637
classifier.0.weight,0,2408,0.8558357954025269,0.8513348759837448
classifier.0.weight,0,2409,0.8554866313934326,0.8514639900004091
classifier.0.weight,0,2410,0.8553265929222107,0.8515930557140927
classifier.0.weight,0,2411,0.855272114276886,0.8517221049870356
classifier.0.weight,0,2412,0.8550999164581299,0.851851102300454
classifier.0.weight,0,2413,0.8549004793167114,0.8519800394481425
classifier.0.weight,0,2414,0.8546431064605713,0.8521088989729322
classifier.0.weight,0,2415,0.8544037342071533,0.8522376863247296
classifier.0.weight,0,2416,0.8542605042457581,0.8523664305010106
classifier.0.weight,0,2417,0.8540524244308472,0.8524951119662059
classifier.0.weight,0,2418,0.853834331035614,0.8526237277188208
classifier.0.weight,0,2419,0.853675365447998,0.8527522955849202
classifier.0.weight,0,2420,0.853530764579773,0.8528808198994513
classifier.0.weight,0,2421,0.8532278537750244,0.8530092530057988
classifier.0.weight,0,2422,0.8530209064483643,0.8531376238177321
classifier.0.weight,0,2423,0.8528313040733337,0.8532659375696199
classifier.0.weight,0,2424,0.8527421355247498,0.8533942244909895
classifier.0.weight,0,2425,0.8525211811065674,0.8535224449400023
classifier.0.weight,0,2426,0.8524101376533508,0.8536506319889907
classifier.0.weight,0,2427,0.8523283004760742,0.8537787944255015
classifier.0.weight,0,2428,0.8520731329917908,0.8539068801357292
classifier.0.weight,0,2429,0.8518849015235901,0.8540349092613814
classifier.0.weight,0,2430,0.8516904711723328,0.8541628799521274
classifier.0.weight,0,2431,0.8515089750289917,0.8542907961073046
classifier.0.weight,0,2432,0.8513345122337341,0.8544186598512346
classifier.0.weight,0,2433,0.8510389924049377,0.8545464348410663
classifier.0.weight,0,2434,0.8507884740829468,0.8546741346163309
classifier.0.weight,0,2435,0.8505735993385315,0.8548017698961484
classifier.0.weight,0,2436,0.8504663705825806,0.8549293729969527
classifier.0.weight,0,2437,0.8502751588821411,0.8550569187257929
classifier.0.weight,0,2438,0.8500983715057373,0.8551844114220815
classifier.0.weight,0,2439,0.8499525189399719,0.8553118603739227
classifier.0.weight,0,2440,0.8496955633163452,0.8554392322772844
classifier.0.weight,0,2441,0.8494678735733032,0.8555665359270467
classifier.0.weight,0,2442,0.8494504690170288,0.8556938343602708
classifier.0.weight,0,2443,0.8492505550384521,0.8558210728824287
classifier.0.weight,0,2444,0.8489044308662415,0.8559482077099743
classifier.0.weight,0,2445,0.8487952947616577,0.8560753098504295
classifier.0.weight,0,2446,0.8486118316650391,0.8562023570517673
classifier.0.weight,0,2447,0.8483292460441589,0.8563293196543914
classifier.0.weight,0,2448,0.8481734395027161,0.856456235624679
classifier.0.weight,0,2449,0.8480781316757202,0.8565831230738997
classifier.0.weight,0,2450,0.8478518724441528,0.8567099428274069
classifier.0.weight,0,2451,0.8477966785430908,0.8568367460698955
classifier.0.weight,0,2452,0.847280740737915,0.8569633950237877
classifier.0.weight,0,2453,0.8471039533615112,0.8570899911319126
classifier.0.weight,0,2454,0.8470456004142761,0.8572165697994353
classifier.0.weight,0,2455,0.8466964364051819,0.8573430441334822
classifier.0.weight,0,2456,0.8463566303253174,0.8574694169715932
classifier.0.weight,0,2457,0.846171498298645,0.8575957345301682
classifier.0.weight,0,2458,0.8459739685058594,0.8577219931206289
classifier.0.weight,0,2459,0.8458921313285828,0.8578482272844589
classifier.0.weight,0,2460,0.8458110094070435,0.8579744372374786
classifier.0.weight,0,2461,0.8455706834793091,0.8581005754789349
classifier.0.weight,0,2462,0.8454484343528748,0.8582266772499331
classifier.0.weight,0,2463,0.8452717065811157,0.8583527263072355
classifier.0.weight,0,2464,0.8450915813446045,0.8584787216487992
classifier.0.weight,0,2465,0.8448932766914368,0.8586046578665197
classifier.0.weight,0,2466,0.8446345925331116,0.8587305169793131
classifier.0.weight,0,2467,0.8444873690605164,0.858856332220352
classifier.0.weight,0,2468,0.8441516757011414,0.8589820474552855
classifier.0.weight,0,2469,0.8438751697540283,0.8591076803464459
classifier.0.weight,0,2470,0.843661904335022,0.8592332497453588
classifier.0.weight,0,2471,0.8435879349708557,0.8593587971262538
classifier.0.weight,0,2472,0.8433077335357666,0.859484261118773
classifier.0.weight,0,2473,0.8430241942405701,0.8596096407577631
classifier.0.weight,0,2474,0.8429673314094543,0.859735003483358
classifier.0.weight,0,2475,0.8428318500518799,0.8598603259157012
classifier.0.weight,0,2476,0.8426679372787476,0.8599855996077175
classifier.0.weight,0,2477,0.8423383831977844,0.8601107753337811
classifier.0.weight,0,2478,0.8420333862304688,0.8602358604280851
classifier.0.weight,0,2479,0.841996431350708,0.8603609345432444
classifier.0.weight,0,2480,0.8417437672615051,0.8604859336058388
classifier.0.weight,0,2481,0.8416110277175903,0.8606108932478613
classifier.0.weight,0,2482,0.8415058851242065,0.8607358216693801
classifier.0.weight,0,2483,0.841325044631958,0.8608606964021724
classifier.0.weight,0,2484,0.8410753607749939,0.8609854970266791
classifier.0.weight,0,2485,0.8409349918365479,0.8611102559981542
classifier.0.weight,0,2486,0.8408149480819702,0.8612349793534007
classifier.0.weight,0,2487,0.8406286239624023,0.861359647437521
classifier.0.weight,0,2488,0.8404397368431091,0.8614842595027313
classifier.0.weight,0,2489,0.8402112126350403,0.8616088038105506
classifier.0.weight,0,2490,0.8400695323944092,0.8617333061194546
classifier.0.weight,0,2491,0.8398613333702087,0.8618577467238304
classifier.0.weight,0,2492,0.8396509885787964,0.8619821250032625
classifier.0.weight,0,2493,0.8394823670387268,0.8621064533315806
classifier.0.weight,0,2494,0.8391558527946472,0.8622306849644181
classifier.0.weight,0,2495,0.8390587568283081,0.8623548878500508
classifier.0.weight,0,2496,0.838826596736908,0.8624790220135258
classifier.0.weight,0,2497,0.8384016156196594,0.8626030304267873
classifier.0.weight,0,2498,0.8383354544639587,0.8627270192689602
classifier.0.weight,0,2499,0.838205099105835,0.8628509695553181
classifier.0.weight,0,2500,0.8380181789398193,0.8629748645658855
classifier.0.weight,0,2501,0.8377001881599426,0.8630986655689544
classifier.0.weight,0,2502,0.8375625014305115,0.8632224258788146
classifier.0.weight,0,2503,0.8372571468353271,0.8633460959652217
classifier.0.weight,0,2504,0.8372331857681274,0.8634697589732184
classifier.0.weight,0,2505,0.8370964527130127,0.8635933815923714
classifier.0.weight,0,2506,0.8367542624473572,0.8637169031626895
classifier.0.weight,0,2507,0.8365499377250671,0.8638403644155875
classifier.0.weight,0,2508,0.8365041613578796,0.8639638121571512
classifier.0.weight,0,2509,0.8362379670143127,0.864087181343548
classifier.0.weight,0,2510,0.8361300826072693,0.8642105186998834
classifier.0.weight,0,2511,0.8357800245285034,0.8643337528038637
classifier.0.weight,0,2512,0.8356965780258179,0.8644569623010304
classifier.0.weight,0,2513,0.8355184197425842,0.8645801192708726
classifier.0.weight,0,2514,0.8352176547050476,0.8647031875900213
classifier.0.weight,0,2515,0.8350173830986023,0.8648261968966842
classifier.0.weight,0,2516,0.8349770307540894,0.8649491943147467
classifier.0.weight,0,2517,0.8348477482795715,0.8650721536474992
classifier.0.weight,0,2518,0.8347512483596802,0.8651950845561946
classifier.0.weight,0,2519,0.8345872759819031,0.8653179671743517
classifier.0.weight,0,2520,0.8343830108642578,0.865440789648863
classifier.0.weight,0,2521,0.8343084454536438,0.8655635901720667
classifier.0.weight,0,2522,0.834015965461731,0.8656863046110395
classifier.0.weight,0,2523,0.8335908651351929,0.865808893986091
classifier.0.weight,0,2524,0.8334959745407104,0.8659314554531673
classifier.0.weight,0,2525,0.8332704305648804,0.8660539505989623
classifier.0.weight,0,2526,0.8330597877502441,0.866176383821377
classifier.0.weight,0,2527,0.8327565789222717,0.8662987279359541
classifier.0.weight,0,2528,0.8326300382614136,0.8664210348720105
classifier.0.weight,0,2529,0.8325363993644714,0.8665433142999491
classifier.0.weight,0,2530,0.8322433233261108,0.8666655076515013
classifier.0.weight,0,2531,0.8322027921676636,0.866787689101444
classifier.0.weight,0,2532,0.8319190740585327,0.8669097872563505
classifier.0.weight,0,2533,0.8318741917610168,0.8670318722371441
classifier.0.weight,0,2534,0.8315996527671814,0.8671538766491271
classifier.0.weight,0,2535,0.8314358592033386,0.8672758330053675
classifier.0.weight,0,2536,0.8311496376991272,0.8673977054091947
classifier.0.weight,0,2537,0.8310458660125732,0.867519547382604
classifier.0.weight,0,2538,0.8309321403503418,0.8676413560110161
classifier.0.weight,0,2539,0.8306592702865601,0.8677630846510174
classifier.0.weight,0,2540,0.8304770588874817,0.8678847598926787
classifier.0.weight,0,2541,0.8302304148674011,0.868006362872225
classifier.0.weight,0,2542,0.8301277756690979,0.8681279357867182
classifier.0.weight,0,2543,0.830076277256012,0.868249493617707
classifier.0.weight,0,2544,0.8299679160118103,0.8683710197135446
classifier.0.weight,0,2545,0.8298089504241943,0.8684924992615174
classifier.0.weight,0,2546,0.8295618891716003,0.8686139064833931
classifier.0.weight,0,2547,0.8292778134346008,0.8687352305699626
classifier.0.weight,0,2548,0.8291149735450745,0.8688565070139669
classifier.0.weight,0,2549,0.829034686088562,0.868977759971468
classifier.0.weight,0,2550,0.8289301991462708,0.8690989823667921
classifier.0.weight,0,2551,0.8286346793174744,0.8692201183441381
classifier.0.weight,0,2552,0.8283714056015015,0.8693411773590947
classifier.0.weight,0,2553,0.8281472325325012,0.8694621708611695
classifier.0.weight,0,2554,0.8279826641082764,0.8695831162806554
classifier.0.weight,0,2555,0.8278833031654358,0.8697040326740991
classifier.0.weight,0,2556,0.8275808095932007,0.8698248607223631
classifier.0.weight,0,2557,0.8275672197341919,0.8699456848023798
classifier.0.weight,0,2558,0.82741779088974,0.8700664652533782
classifier.0.weight,0,2559,0.8273246884346008,0.870187218525063
classifier.0.weight,0,2560,0.827144205570221,0.8703079191172629
classifier.0.weight,0,2561,0.8267240524291992,0.8704284971193444
classifier.0.weight,0,2562,0.8266039490699768,0.8705490400897342
classifier.0.weight,0,2563,0.8265261650085449,0.8706695603748205
classifier.0.weight,0,2564,0.8263921737670898,0.8707900415870877
classifier.0.weight,0,2565,0.8260737657546997,0.8709104299746789
classifier.0.weight,0,2566,0.8259479999542236,0.8710307817079422
classifier.0.weight,0,2567,0.8257160186767578,0.8711510658451147
classifier.0.weight,0,2568,0.8253046274185181,0.8712712301553384
classifier.0.weight,0,2569,0.8252810835838318,0.8713913876096977
classifier.0.weight,0,2570,0.8251469731330872,0.871511506015395
classifier.0.weight,0,2571,0.8250083923339844,0.871631584077475
classifier.0.weight,0,2572,0.8247800469398499,0.8717515956784666
classifier.0.weight,0,2573,0.8244258761405945,0.8718715042326427
classifier.0.weight,0,2574,0.8242671489715576,0.8719913666191434
classifier.0.weight,0,2575,0.824207603931427,0.8721112116885575
classifier.0.weight,0,2576,0.8239944577217102,0.8722309947803358
classifier.0.weight,0,2577,0.8239240646362305,0.8723507574070706
classifier.0.weight,0,2578,0.8236147165298462,0.8724704301192407
classifier.0.weight,0,2579,0.8234782814979553,0.8725900631861797
classifier.0.weight,0,2580,0.8233703970909119,0.8727096649087653
classifier.0.weight,0,2581,0.8233010172843933,0.8728292464761577
classifier.0.weight,0,2582,0.8229970335960388,0.8729487397547364
classifier.0.weight,0,2583,0.822778046131134,0.8730681694509504
classifier.0.weight,0,2584,0.8226916790008545,0.8731875740753756
classifier.0.weight,0,2585,0.8224091529846191,0.8733068967028116
classifier.0.weight,0,2586,0.8221321702003479,0.8734261389694009
classifier.0.weight,0,2587,0.8218879103660583,0.8735453103914944
classifier.0.weight,0,2588,0.8217589855194092,0.8736644444290441
classifier.0.weight,0,2589,0.8215991258621216,0.873783532119978
classifier.0.weight,0,2590,0.8213772773742676,0.8739025555073934
classifier.0.weight,0,2591,0.821079671382904,0.8740214926600005
classifier.0.weight,0,2592,0.8208845853805542,0.8741403733011193
classifier.0.weight,0,2593,0.8208211064338684,0.8742592355568858
classifier.0.weight,0,2594,0.8206255435943604,0.8743780411808942
classifier.0.weight,0,2595,0.8204867839813232,0.8744968066306023
classifier.0.weight,0,2596,0.8201516270637512,0.8746154750722096
classifier.0.weight,0,2597,0.8200292587280273,0.8747341081053002
classifier.0.weight,0,2598,0.819894552230835,0.8748527021658111
classifier.0.weight,0,2599,0.8197619915008545,0.8749712578807951
classifier.0.weight,0,2600,0.8196370601654053,0.875089777462864
classifier.0.weight,0,2601,0.8194119334220886,0.8752082319471854
classifier.0.weight,0,2602,0.819218099117279,0.8753266303966214
classifier.0.weight,0,2603,0.8190993070602417,0.8754449945114261
classifier.0.weight,0,2604,0.8188455104827881,0.8755632852877407
classifier.0.weight,0,2605,0.8185709118843079,0.8756814967400938
classifier.0.weight,0,2606,0.8185309767723083,0.8757996966585104
classifier.0.weight,0,2607,0.8183044791221619,0.8759178311712172
classifier.0.weight,0,2608,0.8182358145713806,0.8760359458592425
classifier.0.weight,0,2609,0.8180733323097229,0.8761540136423638
classifier.0.weight,0,2610,0.8178457617759705,0.876272015746749
classifier.0.weight,0,2611,0.8176807761192322,0.8763899702463365
classifier.0.weight,0,2612,0.8175631761550903,0.8765078908196099
classifier.0.weight,0,2613,0.8174236416816711,0.876625771145031
classifier.0.weight,0,2614,0.8172574043273926,0.8767436035292873
classifier.0.weight,0,2615,0.8169835805892944,0.8768613569668163
classifier.0.weight,0,2616,0.8167722821235657,0.8769790495025018
classifier.0.weight,0,2617,0.816534161567688,0.8770966734243828
classifier.0.weight,0,2618,0.816335141658783,0.8772142400145552
classifier.0.weight,0,2619,0.8161244988441467,0.8773317459400294
classifier.0.weight,0,2620,0.8158912062644958,0.8774491846959913
classifier.0.weight,0,2621,0.8158277273178101,0.8775666051784419
classifier.0.weight,0,2622,0.815493643283844,0.8776839295124654
classifier.0.weight,0,2623,0.8152854442596436,0.877801193947325
classifier.0.weight,0,2624,0.8150228261947632,0.8779183828483964
classifier.0.weight,0,2625,0.8149940371513367,0.8780355634706892
classifier.0.weight,0,2626,0.814832866191864,0.8781526977509352
classifier.0.weight,0,2627,0.8146766424179077,0.8782697871203635
classifier.0.weight,0,2628,0.8144928216934204,0.8783868236565
classifier.0.weight,0,2629,0.8142753839492798,0.8785037977126171
classifier.0.weight,0,2630,0.8140848278999329,0.8786207170267974
classifier.0.weight,0,2631,0.8138417601585388,0.8787375665323534
classifier.0.weight,0,2632,0.8136236667633057,0.8788543534196166
classifier.0.weight,0,2633,0.8133531808853149,0.878971062669136
classifier.0.weight,0,2634,0.813309371471405,0.879087759346439
classifier.0.weight,0,2635,0.8131375908851624,0.8792044067335031
classifier.0.weight,0,2636,0.812917172908783,0.8793209908897031
classifier.0.weight,0,2637,0.8127842545509338,0.8794375369241652
classifier.0.weight,0,2638,0.8126440644264221,0.8795540427580599
classifier.0.weight,0,2639,0.812440812587738,0.8796704903202842
classifier.0.weight,0,2640,0.8122084140777588,0.8797868712724392
classifier.0.weight,0,2641,0.8121635913848877,0.8799032393797045
classifier.0.weight,0,2642,0.8119723200798035,0.8800195526821029
classifier.0.weight,0,2643,0.8118558526039124,0.8801358326194595
classifier.0.weight,0,2644,0.8116670846939087,0.8802520584896592
classifier.0.weight,0,2645,0.8115905523300171,0.8803682624429389
classifier.0.weight,0,2646,0.8112356066703796,0.8804843647758404
classifier.0.weight,0,2647,0.811125636100769,0.8806004356333623
classifier.0.weight,0,2648,0.8109573721885681,0.880716458339254
classifier.0.weight,0,2649,0.8107823729515076,0.8808324309766836
classifier.0.weight,0,2650,0.8105267882347107,0.8809483305090168
classifier.0.weight,0,2651,0.810495913028717,0.8810642212116508
classifier.0.weight,0,2652,0.8102424740791321,0.8811800394484641
classifier.0.weight,0,2653,0.8100873231887817,0.8812958133341537
classifier.0.weight,0,2654,0.8099238276481628,0.8814115404925253
classifier.0.weight,0,2655,0.8097841739654541,0.8815272277450936
classifier.0.weight,0,2656,0.8095617890357971,0.8816428514657488
classifier.0.weight,0,2657,0.8092941045761108,0.8817583987362636
classifier.0.weight,0,2658,0.8091732263565063,0.8818739114924895
classifier.0.weight,0,2659,0.8090564012527466,0.8819893908966094
classifier.0.weight,0,2660,0.8087114095687866,0.8821047718380264
classifier.0.weight,0,2661,0.8085845112800598,0.8822201165724725
classifier.0.weight,0,2662,0.8083105683326721,0.8823353831641306
classifier.0.weight,0,2663,0.8082846403121948,0.8824506423611395
classifier.0.weight,0,2664,0.8081958293914795,0.882565876231147
classifier.0.weight,0,2665,0.8079627752304077,0.8826810436522574
classifier.0.weight,0,2666,0.807695209980011,0.8827961348082266
classifier.0.weight,0,2667,0.8073790669441223,0.8829111358852993
classifier.0.weight,0,2668,0.8072792887687683,0.8830261085398154
classifier.0.weight,0,2669,0.8069524765014648,0.8831409881240181
classifier.0.weight,0,2670,0.806837260723114,0.8832558349058038
classifier.0.weight,0,2671,0.8066394925117493,0.8833706253930674
classifier.0.weight,0,2672,0.8064813613891602,0.8834853708783953
classifier.0.weight,0,2673,0.8062912225723267,0.8836000622645214
classifier.0.weight,0,2674,0.8057831525802612,0.8837146091547365
classifier.0.weight,0,2675,0.8057247400283813,0.883829139438167
classifier.0.weight,0,2676,0.8056598901748657,0.8839436512860875
classifier.0.weight,0,2677,0.8055629134178162,0.8840581355682339
classifier.0.weight,0,2678,0.8054538369178772,0.884172588849203
classifier.0.weight,0,2679,0.8050888776779175,0.8842869384338033
classifier.0.weight,0,2680,0.8050282597541809,0.884401270799501
classifier.0.weight,0,2681,0.8048914670944214,0.8845155643131476
classifier.0.weight,0,2682,0.804646909236908,0.8846297883835671
classifier.0.weight,0,2683,0.8043809533119202,0.8847439369586418
classifier.0.weight,0,2684,0.8043357133865356,0.8848580726942088
classifier.0.weight,0,2685,0.8042317032814026,0.8849721789134876
classifier.0.weight,0,2686,0.8038893938064575,0.8850861880181482
classifier.0.weight,0,2687,0.8037993311882019,0.8852001715785401
classifier.0.weight,0,2688,0.8036041259765625,0.8853140997831178
classifier.0.weight,0,2689,0.8033961057662964,0.8854279690126333
classifier.0.weight,0,2690,0.8032994866371155,0.8855418108551993
classifier.0.weight,0,2691,0.803066074848175,0.8856555865501626
classifier.0.weight,0,2692,0.8030073642730713,0.8857693456099013
classifier.0.weight,0,2693,0.8028356432914734,0.8858830560206996
classifier.0.weight,0,2694,0.8026125431060791,0.8859967032422534
classifier.0.weight,0,2695,0.802465558052063,0.8861103088424458
classifier.0.weight,0,2696,0.8022830486297607,0.8862238627725461
classifier.0.weight,0,2697,0.802101194858551,0.8863373652298647
classifier.0.weight,0,2698,0.8017347455024719,0.8864507640010113
classifier.0.weight,0,2699,0.8016296625137329,0.8865641330478609
classifier.0.weight,0,2700,0.8014429211616516,0.8866774492817365
classifier.0.weight,0,2701,0.8011617660522461,0.8867906860243622
classifier.0.weight,0,2702,0.8010651469230652,0.8869038954562094
classifier.0.weight,0,2703,0.8008072376251221,0.8870170320024369
classifier.0.weight,0,2704,0.8006325960159302,0.8871301192079663
classifier.0.weight,0,2705,0.8005847930908203,0.8872431929098291
classifier.0.weight,0,2706,0.8004872798919678,0.8873562390680588
classifier.0.weight,0,2707,0.8002289533615112,0.8874692122754485
classifier.0.weight,0,2708,0.8000508546829224,0.8875821352018783
classifier.0.weight,0,2709,0.7999111413955688,0.8876950186921757
classifier.0.weight,0,2710,0.7997339367866516,0.8878078521737709
classifier.0.weight,0,2711,0.7996866106987,0.8879206723014016
classifier.0.weight,0,2712,0.7993219494819641,0.8880333895593726
classifier.0.weight,0,2713,0.7988294363021851,0.8881459679555694
classifier.0.weight,0,2714,0.798728883266449,0.8882585180118314
classifier.0.weight,0,2715,0.7986717224121094,0.8883710519594306
classifier.0.weight,0,2716,0.7984760403633118,0.8884835307700437
classifier.0.weight,0,2717,0.798108696937561,0.8885959061114352
classifier.0.weight,0,2718,0.7980254888534546,0.8887082580223103
classifier.0.weight,0,2719,0.7976870536804199,0.8888205146585955
classifier.0.weight,0,2720,0.7976112961769104,0.88893274997354
classifier.0.weight,0,2721,0.7973577380180359,0.8890449139413094
classifier.0.weight,0,2722,0.7973247170448303,0.8891570686191791
classifier.0.weight,0,2723,0.7970728278160095,0.8892691524448795
classifier.0.weight,0,2724,0.7968679070472717,0.8893811786463568
classifier.0.weight,0,2725,0.7966548204421997,0.8894931449430717
classifier.0.weight,0,2726,0.7965042591094971,0.8896050689223328
classifier.0.weight,0,2727,0.7963970303535461,0.8897169627682678
classifier.0.weight,0,2728,0.7962312698364258,0.8898288100403188
classifier.0.weight,0,2729,0.7961524724960327,0.8899406351760085
classifier.0.weight,0,2730,0.7958754897117615,0.8900523825169275
classifier.0.weight,0,2731,0.7957663536071777,0.8901640992127682
classifier.0.weight,0,2732,0.7953923940658569,0.8902757109338064
classifier.0.weight,0,2733,0.7952823042869568,0.8903872917607615
classifier.0.weight,0,2734,0.7949132919311523,0.8904987690643488
classifier.0.weight,0,2735,0.7948521375656128,0.890610229216225
classifier.0.weight,0,2736,0.7948329448699951,0.8907216839854777
classifier.0.weight,0,2737,0.7944867610931396,0.8908330416892255
classifier.0.weight,0,2738,0.7941685914993286,0.8909443102195784
classifier.0.weight,0,2739,0.7940235137939453,0.891055538100858
classifier.0.weight,0,2740,0.7938812971115112,0.8911667261418977
classifier.0.weight,0,2741,0.7937918305397034,0.8912778891236436
classifier.0.weight,0,2742,0.7935420870780945,0.8913889821680091
classifier.0.weight,0,2743,0.7934365272521973,0.8915000456583468
classifier.0.weight,0,2744,0.7932268977165222,0.8916110504694797
classifier.0.weight,0,2745,0.7931269407272339,0.8917220273062522
classifier.0.weight,0,2746,0.7929090261459351,0.8918329431688035
classifier.0.weight,0,2747,0.7928279042243958,0.8919438363370802
classifier.0.weight,0,2748,0.792669415473938,0.8920546851740137
classifier.0.weight,0,2749,0.7925979495048523,0.8921655140238949
classifier.0.weight,0,2750,0.7923451662063599,0.8922762721917497
classifier.0.weight,0,2751,0.7920528650283813,0.8923869486558904
classifier.0.weight,0,2752,0.7918972373008728,0.8924975816314331
classifier.0.weight,0,2753,0.7918363213539124,0.8926081975869561
classifier.0.weight,0,2754,0.7916238307952881,0.8927187541825033
classifier.0.weight,0,2755,0.7912713885307312,0.892829212357206
classifier.0.weight,0,2756,0.7910964488983154,0.8929396216956266
classifier.0.weight,0,2757,0.7910545468330383,0.8930500193382372
classifier.0.weight,0,2758,0.7908373475074768,0.8931603563655548
classifier.0.weight,0,2759,0.7906453609466553,0.8932706398277359
classifier.0.weight,0,2760,0.7904048562049866,0.8933808562063349
classifier.0.weight,0,2761,0.7902202010154724,0.8934910210932236
classifier.0.weight,0,2762,0.7899961471557617,0.8936011235181078
classifier.0.weight,0,2763,0.7899028062820435,0.8937111999265375
classifier.0.weight,0,2764,0.7897423505783081,0.893821231619102
classifier.0.weight,0,2765,0.7894620299339294,0.893931185213586
classifier.0.weight,0,2766,0.789249837398529,0.8940410797091
classifier.0.weight,0,2767,0.7891520261764526,0.8941509469679941
classifier.0.weight,0,2768,0.7889469265937805,0.8942607571255947
classifier.0.weight,0,2769,0.7886621952056885,0.8943704880364032
classifier.0.weight,0,2770,0.7884970307350159,0.894480172991541
classifier.0.weight,0,2771,0.7883976697921753,0.8945898303049415
classifier.0.weight,0,2772,0.7883026599884033,0.8946994611903288
classifier.0.weight,0,2773,0.7879956364631653,0.8948090066955495
classifier.0.weight,0,2774,0.7878432869911194,0.894918509846255
classifier.0.weight,0,2775,0.7877662181854248,0.8950279915742629
classifier.0.weight,0,2776,0.7875812649726868,0.8951374218996596
classifier.0.weight,0,2777,0.7875420451164246,0.8952468413265371
classifier.0.weight,0,2778,0.787451446056366,0.8953562355795791
classifier.0.weight,0,2779,0.7871286273002625,0.8954655401578145
classifier.0.weight,0,2780,0.7870354652404785,0.8955748188636913
classifier.0.weight,0,2781,0.786779522895813,0.8956840265066957
classifier.0.weight,0,2782,0.7866142988204956,0.8957931882872018
classifier.0.weight,0,2783,0.7864443063735962,0.8959023028916698
classifier.0.weight,0,2784,0.7863799333572388,0.8960113996341006
classifier.0.weight,0,2785,0.7861557602882385,0.896120434185052
classifier.0.weight,0,2786,0.7861214280128479,0.8962294592128971
classifier.0.weight,0,2787,0.785994291305542,0.8963384489791104
classifier.0.weight,0,2788,0.7856481075286865,0.8964473427594358
classifier.0.weight,0,2789,0.7855799794197083,0.8965562176549563
classifier.0.weight,0,2790,0.7852916717529297,0.896665012651019
classifier.0.weight,0,2791,0.7852059006690979,0.8967737838827776
classifier.0.weight,0,2792,0.7849765419960022,0.896882491579655
classifier.0.weight,0,2793,0.7846634984016418,0.8969911125899608
classifier.0.weight,0,2794,0.784436047077179,0.8970996706371951
classifier.0.weight,0,2795,0.7843751907348633,0.8972082118412733
classifier.0.weight,0,2796,0.7841607332229614,0.8973166937005516
classifier.0.weight,0,2797,0.7838357090950012,0.8974250856499096
classifier.0.weight,0,2798,0.7837961316108704,0.8975334666536772
classifier.0.weight,0,2799,0.7834916114807129,0.8976417634575242
classifier.0.weight,0,2800,0.7833369374275208,0.8977500175064728
classifier.0.weight,0,2801,0.7832467555999756,0.8978582466313164
classifier.0.weight,0,2802,0.7830638885498047,0.8979664252248803
classifier.0.weight,0,2803,0.7827140092849731,0.8980745071699037
classifier.0.weight,0,2804,0.7826552987098694,0.8981825729013032
classifier.0.weight,0,2805,0.782382607460022,0.8982905633417141
classifier.0.weight,0,2806,0.7823700308799744,0.8983985503103209
classifier.0.weight,0,2807,0.782300591468811,0.8985065181109678
classifier.0.weight,0,2808,0.7821303009986877,0.8986144389120684
classifier.0.weight,0,2809,0.7818796634674072,0.8987222905567404
classifier.0.weight,0,2810,0.7816677689552307,0.8988300837523288
classifier.0.weight,0,2811,0.7814536690711975,0.8989378179065929
classifier.0.weight,0,2812,0.7812306880950928,0.8990454905876296
classifier.0.weight,0,2813,0.7811732888221741,0.8991531474472024
classifier.0.weight,0,2814,0.7810461521148682,0.8992607692671111
classifier.0.weight,0,2815,0.780681312084198,0.8993682905665132
classifier.0.weight,0,2816,0.7804818153381348,0.8994757569205531
classifier.0.weight,0,2817,0.7802557349205017,0.8995831610245348
classifier.0.weight,0,2818,0.7801620960235596,0.8996905393508186
classifier.0.weight,0,2819,0.779980480670929,0.8997978676893296
classifier.0.weight,0,2820,0.7796775698661804,0.8999051126806256
classifier.0.weight,0,2821,0.7795998454093933,0.900012336290921
classifier.0.weight,0,2822,0.7794159054756165,0.9001195093101929
classifier.0.weight,0,2823,0.7792507410049438,0.9002266369126358
classifier.0.weight,0,2824,0.7790968418121338,0.9003337222046318
classifier.0.weight,0,2825,0.7789595127105713,0.9004407697487382
classifier.0.weight,0,2826,0.7786222696304321,0.9005477246224858
classifier.0.weight,0,2827,0.7785405516624451,0.9006546570471547
classifier.0.weight,0,2828,0.7784245610237122,0.9007615576116046
classifier.0.weight,0,2829,0.7781376242637634,0.9008683793808833
classifier.0.weight,0,2830,0.777998685836792,0.9009751630069773
classifier.0.weight,0,2831,0.7777707576751709,0.9010818840740188
classifier.0.weight,0,2832,0.7776427865028381,0.9011885700250665
classifier.0.weight,0,2833,0.7775231599807739,0.9012952231551639
classifier.0.weight,0,2834,0.7773304581642151,0.9014018234258582
classifier.0.weight,0,2835,0.7769925594329834,0.9015083310402902
classifier.0.weight,0,2836,0.7768334150314331,0.901614795029196
classifier.0.weight,0,2837,0.7766228914260864,0.9017212013219589
classifier.0.weight,0,2838,0.7765385508537292,0.9018275845047147
classifier.0.weight,0,2839,0.7763229608535767,0.9019339086254532
classifier.0.weight,0,2840,0.7762284278869629,0.9020402068535591
classifier.0.weight,0,2841,0.7759658694267273,0.9021464331832961
classifier.0.weight,0,2842,0.7759058475494385,0.9022526430802044
classifier.0.weight,0,2843,0.7758364677429199,0.9023588339838476
classifier.0.weight,0,2844,0.7757071256637573,0.9024649894836193
classifier.0.weight,0,2845,0.775421142578125,0.9025710667242642
classifier.0.weight,0,2846,0.7753610014915466,0.9026771275110036
classifier.0.weight,0,2847,0.7752081155776978,0.9027831464756714
classifier.0.weight,0,2848,0.7749798893928528,0.9028891030242174
classifier.0.weight,0,2849,0.7747941017150879,0.902995008776448
classifier.0.weight,0,2850,0.7746660709381104,0.9031008795307987
classifier.0.weight,0,2851,0.774421751499176,0.9032066835152073
classifier.0.weight,0,2852,0.7741019129753113,0.9033124001229322
classifier.0.weight,0,2853,0.7738412022590637,0.903418045533801
classifier.0.weight,0,2854,0.7736356854438782,0.9035236348374861
classifier.0.weight,0,2855,0.7735035419464111,0.9036291880731654
classifier.0.weight,0,2856,0.7734268307685852,0.9037347203736812
classifier.0.weight,0,2857,0.7731400728225708,0.9038401744337883
classifier.0.weight,0,2858,0.772952139377594,0.9039455772329743
classifier.0.weight,0,2859,0.7727368474006653,0.904050921324213
classifier.0.weight,0,2860,0.7724360227584839,0.9041561834110019
classifier.0.weight,0,2861,0.7723442316055298,0.9042614204819862
classifier.0.weight,0,2862,0.7722730040550232,0.9043666381434047
classifier.0.weight,0,2863,0.7719947695732117,0.9044717800028522
classifier.0.weight,0,2864,0.7717450261116028,0.9045768538456613
classifier.0.weight,0,2865,0.7716898918151855,0.9046819126758294
classifier.0.weight,0,2866,0.7715299129486084,0.9047869279510655
classifier.0.weight,0,2867,0.7715142965316772,0.9048919389751489
classifier.0.weight,0,2868,0.7712648510932922,0.9049968821060345
classifier.0.weight,0,2869,0.7711086869239807,0.9051017827438707
classifier.0.weight,0,2870,0.7709270119667053,0.9052066339578729
classifier.0.weight,0,2871,0.7708384990692139,0.9053114610965689
classifier.0.weight,0,2872,0.770615816116333,0.9054162276782349
classifier.0.weight,0,2873,0.7704052329063416,0.9055209370094054
classifier.0.weight,0,2874,0.7702845931053162,0.905625613549719
classifier.0.weight,0,2875,0.7699887752532959,0.9057302097061235
classifier.0.weight,0,2876,0.7697917819023132,0.9058347523497695
classifier.0.weight,0,2877,0.7697702646255493,0.9059392891491299
classifier.0.weight,0,2878,0.769468367099762,0.9060437439676349
classifier.0.weight,0,2879,0.769341230392456,0.9061481642715448
classifier.0.weight,0,2880,0.769131600856781,0.9062525276784712
classifier.0.weight,0,2881,0.7689123153686523,0.9063568315842193
classifier.0.weight,0,2882,0.7688448429107666,0.9064611171853261
classifier.0.weight,0,2883,0.7686688303947449,0.9065653550434581
classifier.0.weight,0,2884,0.7684664130210876,0.9066695380098748
classifier.0.weight,0,2885,0.7683915495872498,0.9067737006784239
classifier.0.weight,0,2886,0.7680925130844116,0.9068777822883536
classifier.0.weight,0,2887,0.7680313587188721,0.9069818473253021
classifier.0.weight,0,2888,0.7679038643836975,0.9070858778152198
classifier.0.weight,0,2889,0.7677366137504578,0.9071898629940736
classifier.0.weight,0,2890,0.767556369304657,0.9072937993526667
classifier.0.weight,0,2891,0.7674183249473572,0.9073976983288912
classifier.0.weight,0,2892,0.7672312259674072,0.9075015466495029
classifier.0.weight,0,2893,0.7669876217842102,0.9076053290346617
classifier.0.weight,0,2894,0.7667335271835327,0.9077090426672754
classifier.0.weight,0,2895,0.7663865089416504,0.9078126624410016
classifier.0.weight,0,2896,0.7663036584854126,0.9079162598122418
classifier.0.weight,0,2897,0.7660718560218811,0.9080197945177397
classifier.0.weight,0,2898,0.7660102844238281,0.9081233125810884
classifier.0.weight,0,2899,0.7658405303955078,0.9082267847686532
classifier.0.weight,0,2900,0.7656068801879883,0.9083301938292113
classifier.0.weight,0,2901,0.765542209148407,0.9084335854205193
classifier.0.weight,0,2902,0.7651718258857727,0.9085368769905596
classifier.0.weight,0,2903,0.7649403214454651,0.9086401060678659
classifier.0.weight,0,2904,0.7648333311080933,0.9087433062703931
classifier.0.weight,0,2905,0.7647237181663513,0.9088464768945357
classifier.0.weight,0,2906,0.7644602060317993,0.9089495764288803
classifier.0.weight,0,2907,0.7643022537231445,0.9090526333628987
classifier.0.weight,0,2908,0.7641420960426331,0.909155647110782
classifier.0.weight,0,2909,0.7640059590339661,0.9092586241567631
classifier.0.weight,0,2910,0.7637960910797119,0.9093615446361337
classifier.0.weight,0,2911,0.7635834217071533,0.9094644078096691
classifier.0.weight,0,2912,0.7634631991386414,0.9095672385951219
classifier.0.weight,0,2913,0.7633329629898071,0.909670034300578
classifier.0.weight,0,2914,0.7630610466003418,0.9097727567827886
classifier.0.weight,0,2915,0.7629355192184448,0.9098754454710486
classifier.0.weight,0,2916,0.7627652883529663,0.9099780883393574
classifier.0.weight,0,2917,0.7626909613609314,0.9100807112047532
classifier.0.weight,0,2918,0.7626570463180542,0.910183324943565
classifier.0.weight,0,2919,0.7623341083526611,0.9102858517996654
classifier.0.weight,0,2920,0.7619885802268982,0.9103882857361818
classifier.0.weight,0,2921,0.7619043588638306,0.9104906970302357
classifier.0.weight,0,2922,0.7616490125656128,0.9105930396911007
classifier.0.weight,0,2923,0.7615441083908081,0.9106953541619917
classifier.0.weight,0,2924,0.7613691687583923,0.9107976216315339
classifier.0.weight,0,2925,0.7612125873565674,0.9108998470412245
classifier.0.weight,0,2926,0.7610229849815369,0.9110020215327697
classifier.0.weight,0,2927,0.7609528303146362,0.9111041771873357
classifier.0.weight,0,2928,0.7609061002731323,0.9112063202955488
classifier.0.weight,0,2929,0.7606006264686584,0.9113083814073615
classifier.0.weight,0,2930,0.7604398131370544,0.911410399366298
classifier.0.weight,0,2931,0.760232150554657,0.9115123616142634
classifier.0.weight,0,2932,0.7601127624511719,0.9116142918401062
classifier.0.weight,0,2933,0.7599983811378479,0.9117161913914587
classifier.0.weight,0,2934,0.7598488926887512,0.9118180508603366
classifier.0.weight,0,2935,0.759614884853363,0.9119198476003123
classifier.0.weight,0,2936,0.7592386603355408,0.9120215435288218
classifier.0.weight,0,2937,0.7591680288314819,0.9121232205367925
classifier.0.weight,0,2938,0.7588013410568237,0.9122247993459189
classifier.0.weight,0,2939,0.7587544322013855,0.9123263655962949
classifier.0.weight,0,2940,0.7586250305175781,0.9124278972064168
classifier.0.weight,0,2941,0.7583338022232056,0.9125293508776338
classifier.0.weight,0,2942,0.758139431476593,0.9126307525477437
classifier.0.weight,0,2943,0.7578769326210022,0.9127320840112052
classifier.0.weight,0,2944,0.7578398585319519,0.9128334055609733
classifier.0.weight,0,2945,0.7576489448547363,0.91293467606768
classifier.0.weight,0,2946,0.7575297355651855,0.9130359147088757
classifier.0.weight,0,2947,0.7573148012161255,0.9131370959092254
classifier.0.weight,0,2948,0.7572215795516968,0.9132382522013086
classifier.0.weight,0,2949,0.7569375038146973,0.9133393326089777
classifier.0.weight,0,2950,0.7567625045776367,0.913440366283728
classifier.0.weight,0,2951,0.7567052245140076,0.91354138466439
classifier.0.weight,0,2952,0.7562817931175232,0.9136422900224775
classifier.0.weight,0,2953,0.7562429904937744,0.9137431850265085
classifier.0.weight,0,2954,0.7561455965042114,0.913844054044357
classifier.0.weight,0,2955,0.755919873714447,0.9139448628488342
classifier.0.weight,0,2956,0.755850076675415,0.9140456530380284
classifier.0.weight,0,2957,0.7556965351104736,0.914146402282829
classifier.0.weight,0,2958,0.7554283142089844,0.9142470800220546
classifier.0.weight,0,2959,0.7552001476287842,0.9143476969538524
classifier.0.weight,0,2960,0.755039632320404,0.9144482711185995
classifier.0.weight,0,2961,0.7547265291213989,0.9145487618875562
classifier.0.weight,0,2962,0.7546356916427612,0.9146492284682052
classifier.0.weight,0,2963,0.7543683052062988,0.9147496238657863
classifier.0.weight,0,2964,0.7543078660964966,0.9148500031768872
classifier.0.weight,0,2965,0.7540708184242249,0.9149503194077945
classifier.0.weight,0,2966,0.753868579864502,0.9150505818371515
classifier.0.weight,0,2967,0.7537773251533508,0.9151508199947309
classifier.0.weight,0,2968,0.7535474300384521,0.9152509970182118
classifier.0.weight,0,2969,0.7534474730491638,0.9153511474667774
classifier.0.weight,0,2970,0.7534160017967224,0.9154512895490153
classifier.0.weight,0,2971,0.7531893849372864,0.9155513713976742
classifier.0.weight,0,2972,0.7528665065765381,0.9156513674582494
classifier.0.weight,0,2973,0.7528141140937805,0.9157513496017237
classifier.0.weight,0,2974,0.752469003200531,0.9158512400970281
classifier.0.weight,0,2975,0.7524073719978333,0.9159511142298801
classifier.0.weight,0,2976,0.7522609829902649,0.916050949503323
classifier.0.weight,0,2977,0.7519883513450623,0.9161507124260171
classifier.0.weight,0,2978,0.7515577673912048,0.916250361134135
classifier.0.weight,0,2979,0.7515012621879578,0.916349994858817
classifier.0.weight,0,2980,0.7512304186820984,0.9164495567798018
classifier.0.weight,0,2981,0.7511487603187561,0.9165490970573029
classifier.0.weight,0,2982,0.7508446574211121,0.916648556753271
classifier.0.weight,0,2983,0.750701367855072,0.9167479784915159
classifier.0.weight,0,2984,0.7506222724914551,0.9168473792803272
classifier.0.weight,0,2985,0.7504922151565552,0.9169467456265642
classifier.0.weight,0,2986,0.7501043677330017,0.917046009296125
classifier.0.weight,0,2987,0.7499343156814575,0.9171452279637421
classifier.0.weight,0,2988,0.7498533725738525,0.9172444252144598
classifier.0.weight,0,2989,0.7495427131652832,0.9173435402886432
classifier.0.weight,0,2990,0.7494801878929138,0.9174426388275754
classifier.0.weight,0,2991,0.7492429614067078,0.9175416746428278
classifier.0.weight,0,2992,0.7491775751113892,0.9176406931731598
classifier.0.weight,0,2993,0.7491413950920105,0.9177397021399224
classifier.0.weight,0,2994,0.7489397525787354,0.9178386578143956
classifier.0.weight,0,2995,0.7487367987632751,0.9179375598645007
classifier.0.weight,0,2996,0.7485831379890442,0.9180364213240905
classifier.0.weight,0,2997,0.7484225034713745,0.9181352403599117
classifier.0.weight,0,2998,0.7481661438941956,0.9182339917097202
classifier.0.weight,0,2999,0.7480579614639282,0.9183327145033351
classifier.0.weight,0,3000,0.7479788661003113,0.9184314164212882
classifier.0.weight,0,3001,0.7477797269821167,0.9185300657901727
classifier.0.weight,0,3002,0.7477614879608154,0.9186287103468219
classifier.0.weight,0,3003,0.7474517226219177,0.9187272731920274
classifier.0.weight,0,3004,0.7471663951873779,0.9188257608020968
classifier.0.weight,0,3005,0.7468120455741882,0.9189241550172511
classifier.0.weight,0,3006,0.7466610670089722,0.9190225094528761
classifier.0.weight,0,3007,0.7464948892593384,0.9191208201136194
classifier.0.weight,0,3008,0.7464017271995544,0.9192191062376853
classifier.0.weight,0,3009,0.7461649775505066,0.9193173300212871
classifier.0.weight,0,3010,0.746029794216156,0.9194155182175424
classifier.0.weight,0,3011,0.7458335757255554,0.919513654770268
classifier.0.weight,0,3012,0.7457389235496521,0.9196117664159659
classifier.0.weight,0,3013,0.7456092238426208,0.9197098439372677
classifier.0.weight,0,3014,0.7454171776771545,0.9198078709415277
classifier.0.weight,0,3015,0.7452545762062073,0.9199058551842386
classifier.0.weight,0,3016,0.7451821565628052,0.9200038203847607
classifier.0.weight,0,3017,0.7450699210166931,0.9201017560774647
classifier.0.weight,0,3018,0.7448910474777222,0.9201996447517597
classifier.0.weight,0,3019,0.7445910573005676,0.920297454596466
classifier.0.weight,0,3020,0.7445289492607117,0.9203952481247679
classifier.0.weight,0,3021,0.7443682551383972,0.9204929994434303
classifier.0.weight,0,3022,0.7439559698104858,0.9205906425084877
classifier.0.weight,0,3023,0.7438708543777466,0.9206882632322864
classifier.0.weight,0,3024,0.7435436844825745,0.9207857981037141
classifier.0.weight,0,3025,0.7434866428375244,0.9208833180107591
classifier.0.weight,0,3026,0.7432231307029724,0.9209807688025747
classifier.0.weight,0,3027,0.7431608438491821,0.921078203261075
classifier.0.weight,0,3028,0.7428873181343079,0.9211755660098625
classifier.0.weight,0,3029,0.7427017092704773,0.9212728801129638
classifier.0.weight,0,3030,0.7424797415733337,0.921370136057159
classifier.0.weight,0,3031,0.7423974871635437,0.9214673704538648
classifier.0.weight,0,3032,0.7422109842300415,0.9215645560028234
classifier.0.weight,0,3033,0.7421469688415527,0.9216617247880786
classifier.0.weight,0,3034,0.7420080304145813,0.9217588571945168
classifier.0.weight,0,3035,0.74188631772995,0.9218559577380212
classifier.0.weight,0,3036,0.7415967583656311,0.9219529824993362
classifier.0.weight,0,3037,0.7412799596786499,0.9220499243833964
classifier.0.weight,0,3038,0.7411543726921082,0.9221468334226248
classifier.0.weight,0,3039,0.7410153746604919,0.922243706116112
classifier.0.weight,0,3040,0.7408873438835144,0.9223405453376491
classifier.0.weight,0,3041,0.7407428026199341,0.9224373467777388
classifier.0.weight,0,3042,0.7405731678009033,0.9225341038866129
classifier.0.weight,0,3043,0.7402811646461487,0.9226307847091395
classifier.0.weight,0,3044,0.7400714755058289,0.9227274107685617
classifier.0.weight,0,3045,0.7400152683258057,0.9228240221513688
classifier.0.weight,0,3046,0.7396011352539062,0.9229205254316135
classifier.0.weight,0,3047,0.7395551204681396,0.9230170167041978
classifier.0.weight,0,3048,0.7393777966499329,0.9231134617107253
classifier.0.weight,0,3049,0.7391323447227478,0.9232098426940064
classifier.0.weight,0,3050,0.7390787601470947,0.9233062097032085
classifier.0.weight,0,3051,0.7387911677360535,0.9234025017297975
classifier.0.weight,0,3052,0.7387131452560425,0.9234987734189859
classifier.0.weight,0,3053,0.7385931015014648,0.9235950138216699
classifier.0.weight,0,3054,0.7384549379348755,0.9236912182216521
classifier.0.weight,0,3055,0.7382396459579468,0.9237873665342139
classifier.0.weight,0,3056,0.7379953265190125,0.9238834512169918
classifier.0.weight,0,3057,0.737877607345581,0.9239795052488782
classifier.0.weight,0,3058,0.7376953959465027,0.9240755118474818
classifier.0.weight,0,3059,0.7375859022140503,0.9241714899483052
classifier.0.weight,0,3060,0.7374439239501953,0.9242674311029435
classifier.0.weight,0,3061,0.7371506094932556,0.9243632959525766
classifier.0.weight,0,3062,0.737075686454773,0.9244591413160403
classifier.0.weight,0,3063,0.7369012236595154,0.9245549413124642
classifier.0.weight,0,3064,0.7365925908088684,0.9246506610787748
classifier.0.weight,0,3065,0.7365675568580627,0.924746374338902
classifier.0.weight,0,3066,0.7364140152931213,0.9248420476992757
classifier.0.weight,0,3067,0.7361388206481934,0.9249376495675908
classifier.0.weight,0,3068,0.7360904812812805,0.9250332388807141
classifier.0.weight,0,3069,0.7360513210296631,0.9251288180233432
classifier.0.weight,0,3070,0.7357668280601501,0.9252243232952018
classifier.0.weight,0,3071,0.735608696937561,0.9253197875194555
classifier.0.weight,0,3072,0.7352298498153687,0.9254151534386356
classifier.0.weight,0,3073,0.735148012638092,0.9255104981289626
classifier.0.weight,0,3074,0.7348708510398865,0.9256057709401444
classifier.0.weight,0,3075,0.7347826361656189,0.9257010208793494
classifier.0.weight,0,3076,0.7347020506858826,0.9257962499270939
classifier.0.weight,0,3077,0.7345544099807739,0.9258914407055262
classifier.0.weight,0,3078,0.7343137860298157,0.9259865691293412
classifier.0.weight,0,3079,0.7340933084487915,0.9260816404371479
classifier.0.weight,0,3080,0.7338939905166626,0.926176660125239
classifier.0.weight,0,3081,0.7337533831596375,0.9262716434070167
classifier.0.weight,0,3082,0.7336361408233643,0.9263665963375282
classifier.0.weight,0,3083,0.7335577607154846,0.9264615289799893
classifier.0.weight,0,3084,0.7332868576049805,0.9265563915180887
classifier.0.weight,0,3085,0.7332202196121216,0.9266512368155628
classifier.0.weight,0,3086,0.7328392267227173,0.9267459835723949
classifier.0.weight,0,3087,0.7326456904411316,0.9268406802922936
classifier.0.weight,0,3088,0.7324655652046204,0.9269353304544294
classifier.0.weight,0,3089,0.7324362397193909,0.9270299730377614
classifier.0.weight,0,3090,0.7322213053703308,0.9271245600832697
classifier.0.weight,0,3091,0.7320163249969482,0.9272190941781908
classifier.0.weight,0,3092,0.7319272756576538,0.9273136052744809
classifier.0.weight,0,3093,0.7316247224807739,0.9274080382517464
classifier.0.weight,0,3094,0.731459379196167,0.9275024285511368
classifier.0.weight,0,3095,0.7312504053115845,0.9275967649246621
classifier.0.weight,0,3096,0.731227695941925,0.9276910954389461
classifier.0.weight,0,3097,0.7309476733207703,0.9277853537195871
classifier.0.weight,0,3098,0.7307854890823364,0.9278795701764095
classifier.0.weight,0,3099,0.730618953704834,0.927973743697006
classifier.0.weight,0,3100,0.7302197813987732,0.9280678143426575
classifier.0.weight,0,3101,0.7301737666130066,0.9281618731329625
classifier.0.weight,0,3102,0.7299855351448059,0.9282558834346941
classifier.0.weight,0,3103,0.7298794984817505,0.9283498664268034
classifier.0.weight,0,3104,0.7296602129936218,0.9284437929547691
classifier.0.weight,0,3105,0.7295854091644287,0.9285377002252675
classifier.0.weight,0,3106,0.7292608022689819,0.9286315239519727
classifier.0.weight,0,3107,0.7292060256004333,0.9287253335845208
classifier.0.weight,0,3108,0.7287343144416809,0.9288190218885655
classifier.0.weight,0,3109,0.7286486029624939,0.9289126881552484
classifier.0.weight,0,3110,0.7284139394760132,0.9290062941006373
classifier.0.weight,0,3111,0.7283114790916443,0.929099873714222
classifier.0.weight,0,3112,0.7281975746154785,0.9291934240592762
classifier.0.weight,0,3113,0.7279759645462036,0.9292869174732322
classifier.0.weight,0,3114,0.7277920842170715,0.9293803636619243
classifier.0.weight,0,3115,0.727731466293335,0.9294737942849676
classifier.0.weight,0,3116,0.7271842360496521,0.9295670844473005
classifier.0.weight,0,3117,0.7271212339401245,0.9296603584453051
classifier.0.weight,0,3118,0.726930558681488,0.9297535835306636
classifier.0.weight,0,3119,0.7267662286758423,0.9298467664718392
classifier.0.weight,0,3120,0.7266610264778137,0.9299399224377911
classifier.0.weight,0,3121,0.7264978885650635,0.9300330365807655
classifier.0.weight,0,3122,0.7262757420539856,0.9301260937880769
classifier.0.weight,0,3123,0.7260634303092957,0.9302190965966273
classifier.0.weight,0,3124,0.7258912920951843,0.9303120553114004
classifier.0.weight,0,3125,0.7258817553520203,0.9304050115836106
classifier.0.weight,0,3126,0.7257569432258606,0.9304979358917373
classifier.0.weight,0,3127,0.7254383563995361,0.93059077863547
classifier.0.weight,0,3128,0.7253009080886841,0.9306835862008329
classifier.0.weight,0,3129,0.7251859307289124,0.9307763643441369
classifier.0.weight,0,3130,0.7250908017158508,0.9308691181479881
classifier.0.weight,0,3131,0.7248785495758057,0.9309618176570894
classifier.0.weight,0,3132,0.7246519923210144,0.9310544592296872
classifier.0.weight,0,3133,0.7245219945907593,0.9311470675667068
classifier.0.weight,0,3134,0.7242486476898193,0.9312396060385552
classifier.0.weight,0,3135,0.7241285443305969,0.9313321138213305
classifier.0.weight,0,3136,0.723895788192749,0.9314245621442381
classifier.0.weight,0,3137,0.7237487435340881,0.9315169729129792
classifier.0.weight,0,3138,0.7236594557762146,0.9316093608819811
classifier.0.weight,0,3139,0.7234848141670227,0.9317017042641637
classifier.0.weight,0,3140,0.7233543992042542,0.9317940143578154
classifier.0.weight,0,3141,0.7231094837188721,0.9318862619527969
classifier.0.weight,0,3142,0.7228942513465881,0.931978454641255
classifier.0.weight,0,3143,0.7228044867515564,0.9320706244352841
classifier.0.weight,0,3144,0.722634494304657,0.9321627508805885
classifier.0.weight,0,3145,0.722549319267273,0.9322548556097667
classifier.0.weight,0,3146,0.7222368121147156,0.9323468806844178
classifier.0.weight,0,3147,0.7221484184265137,0.9324388832347725
classifier.0.weight,0,3148,0.7218083739280701,0.9325307991613958
classifier.0.weight,0,3149,0.7216706275939941,0.9326226800098062
classifier.0.weight,0,3150,0.7216113805770874,0.932714545772546
classifier.0.weight,0,3151,0.721357524394989,0.9328063469116104
classifier.0.weight,0,3152,0.7212377190589905,0.9328981175599608
classifier.0.weight,0,3153,0.7210313081741333,0.9329898356881791
classifier.0.weight,0,3154,0.720964252948761,0.9330815367577933
classifier.0.weight,0,3155,0.7207165956497192,0.9331731748380471
classifier.0.weight,0,3156,0.7203632593154907,0.9332647230879112
classifier.0.weight,0,3157,0.7202824354171753,0.9333562507957188
classifier.0.weight,0,3158,0.7201838493347168,0.9334477534501858
classifier.0.weight,0,3159,0.719865083694458,0.9335391751213119
classifier.0.weight,0,3160,0.7197716236114502,0.933630573055428
classifier.0.weight,0,3161,0.719670295715332,0.9337219452577475
classifier.0.weight,0,3162,0.7192797064781189,0.9338132183054564
classifier.0.weight,0,3163,0.719107985496521,0.933904447777276
classifier.0.weight,0,3164,0.7190715074539185,0.9339956679937731
classifier.0.weight,0,3165,0.7187813520431519,0.9340868146078566
classifier.0.weight,0,3166,0.7187181115150452,0.9341779451839435
classifier.0.weight,0,3167,0.7184008955955505,0.9342689953343682
classifier.0.weight,0,3168,0.7182899117469788,0.9343600173547736
classifier.0.weight,0,3169,0.718054473400116,0.9344509797152519
classifier.0.weight,0,3170,0.7179358005523682,0.9345419120115199
classifier.0.weight,0,3171,0.717699408531189,0.9346327844357761
classifier.0.weight,0,3172,0.7175257802009583,0.9347236128970067
classifier.0.weight,0,3173,0.7174417972564697,0.9348144200974117
classifier.0.weight,0,3174,0.7171806693077087,0.9349051612074863
classifier.0.weight,0,3175,0.7169995903968811,0.9349958565014153
classifier.0.weight,0,3176,0.7168679237365723,0.9350865184886306
classifier.0.weight,0,3177,0.7166200280189514,0.9351771177841512
classifier.0.weight,0,3178,0.7164005637168884,0.9352676615962476
classifier.0.weight,0,3179,0.7162284255027771,0.9353581619014617
classifier.0.weight,0,3180,0.7161428332328796,0.9354486405776438
classifier.0.weight,0,3181,0.7159625887870789,0.9355390737147915
classifier.0.weight,0,3182,0.7158060073852539,0.9356294673007135
classifier.0.weight,0,3183,0.7157021760940552,0.9357198346644415
classifier.0.weight,0,3184,0.7154184579849243,0.9358101303956481
classifier.0.weight,0,3185,0.7153646945953369,0.9359004125559939
classifier.0.weight,0,3186,0.7150126695632935,0.9359906058839975
classifier.0.weight,0,3187,0.7149263024330139,0.9360807774242237
classifier.0.weight,0,3188,0.7146697640419006,0.9361708842632032
classifier.0.weight,0,3189,0.7145860195159912,0.9362609699861014
classifier.0.weight,0,3190,0.7144414782524109,0.9363510192689157
classifier.0.weight,0,3191,0.7142797112464905,0.9364410277776312
classifier.0.weight,0,3192,0.7142133712768555,0.9365310195677297
classifier.0.weight,0,3193,0.7140312194824219,0.9366209654609677
classifier.0.weight,0,3194,0.7139537930488586,0.936710891848582
classifier.0.weight,0,3195,0.713593602180481,0.9368007275230622
classifier.0.weight,0,3196,0.71343594789505,0.9368905235071234
classifier.0.weight,0,3197,0.7132756114006042,0.9369802791344982
classifier.0.weight,0,3198,0.7131533026695251,0.937070003982871
classifier.0.weight,0,3199,0.7131034135818481,0.9371597162781666
classifier.0.weight,0,3200,0.71282559633255,0.9372493586852311
classifier.0.weight,0,3201,0.712565541267395,0.9373389356970296
classifier.0.weight,0,3202,0.7123311161994934,0.9374284537791112
classifier.0.weight,0,3203,0.7122559547424316,0.937517952971229
classifier.0.weight,0,3204,0.7120802402496338,0.9376074080096539
classifier.0.weight,0,3205,0.7119695544242859,0.9376968352404397
classifier.0.weight,0,3206,0.7114059329032898,0.9377861209394392
classifier.0.weight,0,3207,0.7111493349075317,0.9378753422408889
classifier.0.weight,0,3208,0.7111079096794128,0.937964553148164
classifier.0.weight,0,3209,0.7109212279319763,0.9380537172218661
classifier.0.weight,0,3210,0.7107560038566589,0.9381428398554226
classifier.0.weight,0,3211,0.7106266617774963,0.9382319300551822
classifier.0.weight,0,3212,0.710472583770752,0.9383209816260725
classifier.0.weight,0,3213,0.7103835940361023,0.9384100108901783
classifier.0.weight,0,3214,0.7102915048599243,0.9384990170735142
classifier.0.weight,0,3215,0.7099934220314026,0.9385879485673806
classifier.0.weight,0,3216,0.7099605202674866,0.9386768718190996
classifier.0.weight,0,3217,0.7097474336624146,0.9387657417002165
classifier.0.weight,0,3218,0.7094542384147644,0.9388545381725582
classifier.0.weight,0,3219,0.7093663811683655,0.9389433126535434
classifier.0.weight,0,3220,0.7091962099075317,0.9390320445470767
classifier.0.weight,0,3221,0.7086957097053528,0.9391206512434946
classifier.0.weight,0,3222,0.7085639834403992,0.9392092250040721
classifier.0.weight,0,3223,0.7083539962768555,0.9392977462737041
classifier.0.weight,0,3224,0.7082856893539429,0.9393862504718602
classifier.0.weight,0,3225,0.708083987236023,0.9394747042696127
classifier.0.weight,0,3226,0.7079891562461853,0.9395631343763916
classifier.0.weight,0,3227,0.7078015208244324,0.9396515176168547
classifier.0.weight,0,3228,0.7076215147972107,0.9397398559082963
classifier.0.weight,0,3229,0.707433819770813,0.9398281473428841
classifier.0.weight,0,3230,0.7072851657867432,0.9399164016757834
classifier.0.weight,0,3231,0.707237958908081,0.9400046442282222
classifier.0.weight,0,3232,0.7069321870803833,0.9400928104944452
classifier.0.weight,0,3233,0.7066376805305481,0.9401809033161858
classifier.0.weight,0,3234,0.7064794301986694,0.940268956685863
classifier.0.weight,0,3235,0.7063952088356018,0.9403569890626211
classifier.0.weight,0,3236,0.7059999108314514,0.9404449229412987
classifier.0.weight,0,3237,0.7058330178260803,0.9405328152510908
classifier.0.weight,0,3238,0.7057420611381531,0.940620684909978
classifier.0.weight,0,3239,0.7055903077125549,0.9407085167842726
classifier.0.weight,0,3240,0.7054660320281982,0.9407963177216202
classifier.0.weight,0,3241,0.7053038477897644,0.9408840782933352
classifier.0.weight,0,3242,0.7052926421165466,0.9409718360764409
classifier.0.weight,0,3243,0.7050593495368958,0.9410595358131346
classifier.0.weight,0,3244,0.7049024701118469,0.9411471965268621
classifier.0.weight,0,3245,0.7047622203826904,0.9412348223615281
classifier.0.weight,0,3246,0.7046284079551697,0.9413224149245113
classifier.0.weight,0,3247,0.7043198347091675,0.9414099307866323
classifier.0.weight,0,3248,0.7041094899177551,0.9414973943834157
classifier.0.weight,0,3249,0.7038965225219727,0.9415848050791158
classifier.0.weight,0,3250,0.7038173675537109,0.9416721961168075
classifier.0.weight,0,3251,0.7037758827209473,0.9417595768526912
classifier.0.weight,0,3252,0.7035276293754578,0.9418468959532316
classifier.0.weight,0,3253,0.7033237814903259,0.9419341644594968
classifier.0.weight,0,3254,0.7030388116836548,0.9420213622619075
classifier.0.weight,0,3255,0.7027714252471924,0.9421084937491291
classifier.0.weight,0,3256,0.7026086449623108,0.9421955848771523
classifier.0.weight,0,3257,0.7024061679840088,0.9422826258167591
classifier.0.weight,0,3258,0.7022051811218262,0.942369616951614
classifier.0.weight,0,3259,0.7020682692527771,0.9424565741677282
classifier.0.weight,0,3260,0.70191490650177,0.9425434933973904
classifier.0.weight,0,3261,0.7018031477928162,0.9426303849507417
classifier.0.weight,0,3262,0.7016799449920654,0.9427172459988351
classifier.0.weight,0,3263,0.7014541625976562,0.9428040511566601
classifier.0.weight,0,3264,0.7013615965843201,0.9428908334058543
classifier.0.weight,0,3265,0.701164186000824,0.9429775668091366
classifier.0.weight,0,3266,0.7010037302970886,0.9430642605204974
classifier.0.weight,0,3267,0.7007471919059753,0.9431508907908385
classifier.0.weight,0,3268,0.7004735469818115,0.9432374534153712
classifier.0.weight,0,3269,0.7004024982452393,0.9433239984807736
classifier.0.weight,0,3270,0.7003600597381592,0.9434105330586859
classifier.0.weight,0,3271,0.7001625299453735,0.9434970188309975
classifier.0.weight,0,3272,0.6999556422233582,0.9435834535003146
classifier.0.weight,0,3273,0.6998745799064636,0.9436698681506808
classifier.0.weight,0,3274,0.6994950771331787,0.9437561891108086
classifier.0.weight,0,3275,0.6993421912193298,0.9438424723413881
classifier.0.weight,0,3276,0.6991873979568481,0.9439287173801216
classifier.0.weight,0,3277,0.699068546295166,0.9440149331005494
classifier.0.weight,0,3278,0.6989374756813049,0.9441011164942815
classifier.0.weight,0,3279,0.6987577676773071,0.9441872555754532
classifier.0.weight,0,3280,0.6984474062919617,0.94427331815427
classifier.0.weight,0,3281,0.6982753872871399,0.9443593383459981
classifier.0.weight,0,3282,0.6981588006019592,0.9444453298156144
classifier.0.weight,0,3283,0.6980476975440979,0.94453129391852
classifier.0.weight,0,3284,0.6979326009750366,0.9446172296756329
classifier.0.weight,0,3285,0.6976391673088074,0.9447030931875368
classifier.0.weight,0,3286,0.6974489688873291,0.9447889098876243
classifier.0.weight,0,3287,0.6972970962524414,0.94487468921784
classifier.0.weight,0,3288,0.6971651315689087,0.9449604360833542
classifier.0.weight,0,3289,0.69682377576828,0.945046099000252
classifier.0.weight,0,3290,0.6965070366859436,0.9451316840592235
classifier.0.weight,0,3291,0.6964432001113892,0.9452172534307537
classifier.0.weight,0,3292,0.6963102221488953,0.9453027901283936
classifier.0.weight,0,3293,0.6962465047836304,0.9453883111723105
classifier.0.weight,0,3294,0.696062445640564,0.9454737870056611
classifier.0.weight,0,3295,0.6957996487617493,0.9455591983087615
classifier.0.weight,0,3296,0.695681095123291,0.9456445805087771
classifier.0.weight,0,3297,0.6955561637878418,0.9457299320454484
classifier.0.weight,0,3298,0.6952730417251587,0.945815214112575
classifier.0.weight,0,3299,0.6950299143791199,0.9459004365462161
classifier.0.weight,0,3300,0.6949493288993835,0.9459856392187149
classifier.0.weight,0,3301,0.6944808959960938,0.9460707270676366
classifier.0.weight,0,3302,0.6943337321281433,0.9461557788593238
classifier.0.weight,0,3303,0.6942350268363953,0.9462408064710963
classifier.0.weight,0,3304,0.6942031383514404,0.9463258262718558
classifier.0.weight,0,3305,0.6938990950584412,0.9464107716159094
classifier.0.weight,0,3306,0.6938170194625854,0.9464956968661843
classifier.0.weight,0,3307,0.6935655474662781,0.9465805605657871
classifier.0.weight,0,3308,0.6934109926223755,0.9466653864473799
classifier.0.weight,0,3309,0.6932803988456726,0.9467501803805634
classifier.0.weight,0,3310,0.6931267976760864,0.9468349367445195
classifier.0.weight,0,3311,0.6928619146347046,0.9469196283404311
classifier.0.weight,0,3312,0.6927347183227539,0.9470042888436541
classifier.0.weight,0,3313,0.6925952434539795,0.9470889152593006
classifier.0.weight,0,3314,0.6921929717063904,0.9471734433984137
classifier.0.weight,0,3315,0.6920689940452576,0.9472579412608181
classifier.0.weight,0,3316,0.6920153498649597,0.9473424260244045
classifier.0.weight,0,3317,0.691830039024353,0.947426865546664
classifier.0.weight,0,3318,0.6917389631271362,0.9475112828383218
classifier.0.weight,0,3319,0.691583514213562,0.9475956621934094
classifier.0.weight,0,3320,0.6913738250732422,0.9476799903883646
classifier.0.weight,0,3321,0.6911133527755737,0.9477642550546751
classifier.0.weight,0,3322,0.6910332441329956,0.9478485001874698
classifier.0.weight,0,3323,0.6908496022224426,0.9479327005499684
classifier.0.weight,0,3324,0.6907041668891907,0.9480168654650446
classifier.0.weight,0,3325,0.6906063556671143,0.9481010065444742
classifier.0.weight,0,3326,0.6903762817382812,0.9481850915704255
classifier.0.weight,0,3327,0.6901813745498657,0.9482691291252717
classifier.0.weight,0,3328,0.6900643110275269,0.9483531381748634
classifier.0.weight,0,3329,0.6896422505378723,0.9484370444918347
classifier.0.weight,0,3330,0.6895748972892761,0.9485209344203465
classifier.0.weight,0,3331,0.689281702041626,0.948604753026948
classifier.0.weight,0,3332,0.6891481876373291,0.9486885391652353
classifier.0.weight,0,3333,0.6890735030174255,0.9487723071443025
classifier.0.weight,0,3334,0.6889620423316956,0.9488560480258795
classifier.0.weight,0,3335,0.6886298060417175,0.948939708162655
classifier.0.weight,0,3336,0.6884690523147583,0.9490233292447486
classifier.0.weight,0,3337,0.6882821321487427,0.9491069049265599
classifier.0.weight,0,3338,0.6881086826324463,0.9491904384909475
classifier.0.weight,0,3339,0.6878597736358643,0.9492739116332082
classifier.0.weight,0,3340,0.6878249645233154,0.9493573763273735
classifier.0.weight,0,3341,0.6876504421234131,0.9494407986717798
classifier.0.weight,0,3342,0.6874505281448364,0.9495241725180901
classifier.0.weight,0,3343,0.6870640516281128,0.94960745264718
classifier.0.weight,0,3344,0.6869317293167114,0.9496907007013623
classifier.0.weight,0,3345,0.6867639422416687,0.9497739080928673
classifier.0.weight,0,3346,0.6865628361701965,0.9498570667600276
classifier.0.weight,0,3347,0.6863974928855896,0.9499401853782052
classifier.0.weight,0,3348,0.6862286925315857,0.9500232631199894
classifier.0.weight,0,3349,0.6860724687576294,0.9501063030398605
classifier.0.weight,0,3350,0.6858041882514954,0.9501892780288766
classifier.0.weight,0,3351,0.6857072114944458,0.9502722295532463
classifier.0.weight,0,3352,0.6855785250663757,0.9503551499455712
classifier.0.weight,0,3353,0.6854169368743896,0.9504380312544749
classifier.0.weight,0,3354,0.6853674650192261,0.9505209005994367
classifier.0.weight,0,3355,0.6851791143417358,0.9506037244028365
classifier.0.weight,0,3356,0.6849587559700012,0.9506864949413795
classifier.0.weight,0,3357,0.6847378015518188,0.9507692120881927
classifier.0.weight,0,3358,0.6844892501831055,0.9508518691952984
classifier.0.weight,0,3359,0.6843810081481934,0.9509345001624288
classifier.0.weight,0,3360,0.6841459274291992,0.9510170743728381
classifier.0.weight,0,3361,0.6839748024940491,0.9510996072799565
classifier.0.weight,0,3362,0.6839279532432556,0.9511821288811833
classifier.0.weight,0,3363,0.6837725043296814,0.9512646129742621
classifier.0.weight,0,3364,0.6834136843681335,0.9513470105205051
classifier.0.weight,0,3365,0.6831976771354675,0.9514293559880331
classifier.0.weight,0,3366,0.6829622983932495,0.9515116447251761
classifier.0.weight,0,3367,0.6827850341796875,0.9515938907514542
classifier.0.weight,0,3368,0.6826497316360474,0.9516761041847683
classifier.0.weight,0,3369,0.6824254989624023,0.9517582636170057
classifier.0.weight,0,3370,0.6823899149894714,0.9518404144813253
classifier.0.weight,0,3371,0.6822032928466797,0.951922520418035
classifier.0.weight,0,3372,0.6821029186248779,0.9520046021956319
classifier.0.weight,0,3373,0.681833803653717,0.9520866192173773
classifier.0.weight,0,3374,0.6817132830619812,0.952168607247112
classifier.0.weight,0,3375,0.6815781593322754,0.952250562778051
classifier.0.weight,0,3376,0.6814810633659363,0.9523324949602819
classifier.0.weight,0,3377,0.680953323841095,0.9524143002949418
classifier.0.weight,0,3378,0.6808432936668396,0.9524960791951085
classifier.0.weight,0,3379,0.6806288361549377,0.952577806584634
classifier.0.weight,0,3380,0.680496871471405,0.9526595022855708
classifier.0.weight,0,3381,0.6802535653114319,0.9527411395776755
classifier.0.weight,0,3382,0.680191159248352,0.9528227618917525
classifier.0.weight,0,3383,0.6801422834396362,0.9529043724761469
classifier.0.weight,0,3384,0.6798928380012512,0.9529859232093735
classifier.0.weight,0,3385,0.6795732378959656,0.9530673972908233
classifier.0.weight,0,3386,0.6793867349624634,0.9531488266587111
classifier.0.weight,0,3387,0.6792902946472168,0.9532302329101141
classifier.0.weight,0,3388,0.6791570782661438,0.9533116072353057
classifier.0.weight,0,3389,0.6789209842681885,0.9533929249943476
classifier.0.weight,0,3390,0.6786500811576843,0.953474177871498
classifier.0.weight,0,3391,0.6786132454872131,0.953555421928424
classifier.0.weight,0,3392,0.6784377098083496,0.9536366239602753
classifier.0.weight,0,3393,0.6781355738639832,0.953717753683087
classifier.0.weight,0,3394,0.6779276132583618,0.9537988336541973
classifier.0.weight,0,3395,0.6778005361557007,0.9538798832313778
classifier.0.weight,0,3396,0.6775628328323364,0.95396087597067
classifier.0.weight,0,3397,0.6774469614028931,0.9540418410108572
classifier.0.weight,0,3398,0.677220344543457,0.9541227518918989
classifier.0.weight,0,3399,0.6771087646484375,0.9542036361131275
classifier.0.weight,0,3400,0.6768538951873779,0.9542844594548073
classifier.0.weight,0,3401,0.6766883134841919,0.9543652432569951
classifier.0.weight,0,3402,0.6765813827514648,0.9544460015301809
classifier.0.weight,0,3403,0.6763472557067871,0.9545267039211774
classifier.0.weight,0,3404,0.676308274269104,0.9546073970098384
classifier.0.weight,0,3405,0.6760715246200562,0.9546880336132623
classifier.0.weight,0,3406,0.6759887337684631,0.9547686504685854
classifier.0.weight,0,3407,0.6758480668067932,0.9548492337761654
classifier.0.weight,0,3408,0.6757259368896484,0.9549297879625747
classifier.0.weight,0,3409,0.6753430366516113,0.9550102508827575
classifier.0.weight,0,3410,0.6753307580947876,0.9550907108771395
classifier.0.weight,0,3411,0.6751300096511841,0.9551711230436454
classifier.0.weight,0,3412,0.6749210953712463,0.9552514854518812
classifier.0.weight,0,3413,0.6747437119483948,0.9553318056238146
classifier.0.weight,0,3414,0.6746131777763367,0.9554120947216889
classifier.0.weight,0,3415,0.6745057702064514,0.9554923582553712
classifier.0.weight,0,3416,0.6743229031562805,0.9555725782740335
classifier.0.weight,0,3417,0.674216091632843,0.9556527728812979
classifier.0.weight,0,3418,0.6739325523376465,0.9557329000516043
classifier.0.weight,0,3419,0.6738472580909729,0.9558130069410856
classifier.0.weight,0,3420,0.6737268567085266,0.9558930852065176
classifier.0.weight,0,3421,0.6736071109771729,0.955973135008847
classifier.0.weight,0,3422,0.6733760237693787,0.9560531298969335
classifier.0.weight,0,3423,0.6732963919639587,0.9561331058661381
classifier.0.weight,0,3424,0.6731343865394592,0.9562130433530867
classifier.0.weight,0,3425,0.6729037761688232,0.9562929260775508
classifier.0.weight,0,3426,0.6726025342941284,0.9563727372951036
classifier.0.weight,0,3427,0.6724228262901306,0.956452505869943
classifier.0.weight,0,3428,0.6723105907440186,0.9565322478183148
classifier.0.weight,0,3429,0.6722385883331299,0.9566119726873629
classifier.0.weight,0,3430,0.6720863580703735,0.956691661452671
classifier.0.weight,0,3431,0.671885073184967,0.9567713024927372
classifier.0.weight,0,3432,0.6716070175170898,0.9568508776284954
classifier.0.weight,0,3433,0.6714139580726624,0.9569304070216601
classifier.0.weight,0,3434,0.6711122989654541,0.9570098649674678
classifier.0.weight,0,3435,0.6710482835769653,0.9570893077554884
classifier.0.weight,0,3436,0.6707661151885986,0.9571686837479264
classifier.0.weight,0,3437,0.6706145405769348,0.9572480238708545
classifier.0.weight,0,3438,0.670536994934082,0.957327345646059
classifier.0.weight,0,3439,0.6701205968856812,0.9574065689354914
classifier.0.weight,0,3440,0.6698439717292786,0.9574857268318239
classifier.0.weight,0,3441,0.6697220206260681,0.9575648559079699
classifier.0.weight,0,3442,0.6694285869598389,0.9576439156596872
classifier.0.weight,0,3443,0.6693827509880066,0.9577229645852863
classifier.0.weight,0,3444,0.6690675616264343,0.9578019390855601
classifier.0.weight,0,3445,0.6689691543579102,0.9578808903562118
classifier.0.weight,0,3446,0.6688277125358582,0.9579598082446635
classifier.0.weight,0,3447,0.6687263250350952,0.9580387022086252
classifier.0.weight,0,3448,0.6685358285903931,0.9581175512307968
classifier.0.weight,0,3449,0.6683351993560791,0.9581963529345014
classifier.0.weight,0,3450,0.6682233214378357,0.9582751282579328
classifier.0.weight,0,3451,0.667860209941864,0.9583538179918526
classifier.0.weight,0,3452,0.6677241921424866,0.9584324756768066
classifier.0.weight,0,3453,0.667319118976593,0.9585110379557432
classifier.0.weight,0,3454,0.6672738194465637,0.9585895895689776
classifier.0.weight,0,3455,0.6670883893966675,0.9586680975305498
classifier.0.weight,0,3456,0.6668233275413513,0.9587465431155852
classifier.0.weight,0,3457,0.6665657162666321,0.9588249281011701
classifier.0.weight,0,3458,0.6665252447128296,0.9589033035685162
classifier.0.weight,0,3459,0.6662963032722473,0.9589816252035104
classifier.0.weight,0,3460,0.6662051677703857,0.9590599254144224
classifier.0.weight,0,3461,0.6661767363548279,0.9591382189422931
classifier.0.weight,0,3462,0.6657906770706177,0.95921642175194
classifier.0.weight,0,3463,0.6657081842422485,0.9592946051838109
classifier.0.weight,0,3464,0.6655189990997314,0.9593727441846764
classifier.0.weight,0,3465,0.6652881503105164,0.9594508289867428
classifier.0.weight,0,3466,0.665142834186554,0.9595288796810574
classifier.0.weight,0,3467,0.6649429798126221,0.9596068834788909
classifier.0.weight,0,3468,0.6647443175315857,0.959684840673939
classifier.0.weight,0,3469,0.6645320057868958,0.9597627480796636
classifier.0.weight,0,3470,0.6644777059555054,0.9598406427540639
classifier.0.weight,0,3471,0.6644594669342041,0.9599185331523143
classifier.0.weight,0,3472,0.6642985343933105,0.9599963858249178
classifier.0.weight,0,3473,0.6640892624855042,0.9600741894538752
classifier.0.weight,0,3474,0.6638131737709045,0.9601519284040617
classifier.0.weight,0,3475,0.6635768413543701,0.960229612010473
classifier.0.weight,0,3476,0.6633242964744568,0.9603072364982936
classifier.0.weight,0,3477,0.6632914543151855,0.9603848532996999
classifier.0.weight,0,3478,0.6631101965904236,0.9604624276861996
classifier.0.weight,0,3479,0.6629312634468079,0.9605399602131225
classifier.0.weight,0,3480,0.6626825928688049,0.9606174345848693
classifier.0.weight,0,3481,0.6625991463661194,0.9606948894463453
classifier.0.weight,0,3482,0.6623622179031372,0.9607722889259803
classifier.0.weight,0,3483,0.6621163487434387,0.9608496309548354
classifier.0.weight,0,3484,0.6620038151741028,0.9609269466957581
classifier.0.weight,0,3485,0.6617966294288635,0.96100421404961
classifier.0.weight,0,3486,0.6617737412452698,0.9610814760589838
classifier.0.weight,0,3487,0.661456286907196,0.9611586639606204
classifier.0.weight,0,3488,0.661385715007782,0.9612358353925181
classifier.0.weight,0,3489,0.6612586379051208,0.9613129771721883
classifier.0.weight,0,3490,0.6611822843551636,0.9613901011382275
classifier.0.weight,0,3491,0.6609181761741638,0.9614671635024885
classifier.0.weight,0,3492,0.6606951951980591,0.9615441738768266
classifier.0.weight,0,3493,0.6604467034339905,0.961621126333852
classifier.0.weight,0,3494,0.6602565050125122,0.9616980344750279
classifier.0.weight,0,3495,0.6600309610366821,0.9617748900814539
classifier.0.weight,0,3496,0.6598257422447205,0.9618516979029618
classifier.0.weight,0,3497,0.6597855687141418,0.9619284963718565
classifier.0.weight,0,3498,0.6595690250396729,0.9620052444380314
classifier.0.weight,0,3499,0.6593788862228394,0.9620819482611246
classifier.0.weight,0,3500,0.6592341661453247,0.9621586184180957
classifier.0.weight,0,3501,0.6589657068252563,0.962235226143147
classifier.0.weight,0,3502,0.6588561534881592,0.9623118083981803
classifier.0.weight,0,3503,0.6587416529655457,0.9623883640375518
classifier.0.weight,0,3504,0.6585710048675537,0.9624648800183345
classifier.0.weight,0,3505,0.6583094596862793,0.9625413352360042
classifier.0.weight,0,3506,0.6580173373222351,0.9626177226152942
classifier.0.weight,0,3507,0.6577864289283752,0.9626940563929806
classifier.0.weight,0,3508,0.6577264070510864,0.9627703762406513
classifier.0.weight,0,3509,0.6574326753616333,0.9628466279367264
classifier.0.weight,0,3510,0.657304584980011,0.9629228499228166
classifier.0.weight,0,3511,0.6572315096855164,0.9629990549620163
classifier.0.weight,0,3512,0.6571604609489441,0.9630752435261108
classifier.0.weight,0,3513,0.6567928194999695,0.9631513468682822
classifier.0.weight,0,3514,0.6566794514656067,0.9632274239405509
classifier.0.weight,0,3515,0.6565936803817749,0.9633034811407596
classifier.0.weight,0,3516,0.6561974883079529,0.9633794465820327
classifier.0.weight,0,3517,0.6561030745506287,0.9634553901650484
classifier.0.weight,0,3518,0.655988335609436,0.9635313071884436
classifier.0.weight,0,3519,0.6558959484100342,0.9636072028295462
classifier.0.weight,0,3520,0.6554463505744934,0.9636829944577452
classifier.0.weight,0,3521,0.6552509069442749,0.9637587408929777
classifier.0.weight,0,3522,0.655029296875,0.9638344361010118
classifier.0.weight,0,3523,0.654954195022583,0.9639101139524958
classifier.0.weight,0,3524,0.6547346711158752,0.9639857410819181
classifier.0.weight,0,3525,0.654495894908905,0.9640613130602476
classifier.0.weight,0,3526,0.6543410420417786,0.9641368492823464
classifier.0.weight,0,3527,0.6541711091995239,0.9642123462759167
classifier.0.weight,0,3528,0.6538817882537842,0.9642877765039846
classifier.0.weight,0,3529,0.6537065505981445,0.9643631663074823
classifier.0.weight,0,3530,0.6535907983779907,0.9644385294147063
classifier.0.weight,0,3531,0.6534850001335144,0.9645138681255062
classifier.0.weight,0,3532,0.6532919406890869,0.9645891623281655
classifier.0.weight,0,3533,0.653121829032898,0.9646644173239921
classifier.0.weight,0,3534,0.653020977973938,0.9647396490807852
classifier.0.weight,0,3535,0.652797520160675,0.9648148293591476
classifier.0.weight,0,3536,0.6525077819824219,0.9648899429161694
classifier.0.weight,0,3537,0.6523626446723938,0.9649650230618894
classifier.0.weight,0,3538,0.6520935893058777,0.9650400412894399
classifier.0.weight,0,3539,0.6520382761955261,0.9651150467908554
classifier.0.weight,0,3540,0.651935875415802,0.9651900287353142
classifier.0.weight,0,3541,0.6516107320785522,0.965264935906161
classifier.0.weight,0,3542,0.6513254642486572,0.9653397775043352
classifier.0.weight,0,3543,0.6511325836181641,0.9654145747825557
classifier.0.weight,0,3544,0.6509910821914673,0.9654893395550413
classifier.0.weight,0,3545,0.6509709358215332,0.9655640997000735
classifier.0.weight,0,3546,0.6506640911102295,0.9656387893831316
classifier.0.weight,0,3547,0.6504837274551392,0.9657134376640675
classifier.0.weight,0,3548,0.6500911116600037,0.9657879958605073
classifier.0.weight,0,3549,0.6500569581985474,0.9658625462231112
classifier.0.weight,0,3550,0.6497695446014404,0.9659370306774872
classifier.0.weight,0,3551,0.6496359705924988,0.9660114845112694
classifier.0.weight,0,3552,0.649361789226532,0.9660858755112589
classifier.0.weight,0,3553,0.6493313312530518,0.9661602595328707
classifier.0.weight,0,3554,0.6489548683166504,0.9662345573282115
classifier.0.weight,0,3555,0.6488775610923767,0.9663088374230483
classifier.0.weight,0,3556,0.6486887335777283,0.9663830742922113
classifier.0.weight,0,3557,0.6486415863037109,0.9664573003705631
classifier.0.weight,0,3558,0.6485422253608704,0.9665315037102918
classifier.0.weight,0,3559,0.6483737230300903,0.9666056684964434
classifier.0.weight,0,3560,0.6483317613601685,0.9666798236832621
classifier.0.weight,0,3561,0.6479790806770325,0.9667538982138795
classifier.0.weight,0,3562,0.6475448608398438,0.966827873501004
classifier.0.weight,0,3563,0.6473678350448608,0.9669018083469336
classifier.0.weight,0,3564,0.6471201777458191,0.966975686634595
classifier.0.weight,0,3565,0.6470557451248169,0.9670495502111257
classifier.0.weight,0,3566,0.6467372179031372,0.9671233410836615
classifier.0.weight,0,3567,0.6466432809829712,0.9671971105218845
classifier.0.weight,0,3568,0.6465057134628296,0.9672708485758823
classifier.0.weight,0,3569,0.6464331150054932,0.9673445700701859
classifier.0.weight,0,3570,0.6460148692131042,0.9674181961989236
classifier.0.weight,0,3571,0.6459363102912903,0.9674918044220744
classifier.0.weight,0,3572,0.6458425521850586,0.9675653912782062
classifier.0.weight,0,3573,0.6456708908081055,0.9676389390215782
classifier.0.weight,0,3574,0.6454607248306274,0.9677124388931383
classifier.0.weight,0,3575,0.6452086567878723,0.9677858813689486
classifier.0.weight,0,3576,0.6450034379959106,0.9678592771331127
classifier.0.weight,0,3577,0.644663393497467,0.9679325955294816
classifier.0.weight,0,3578,0.6445644497871399,0.9680058914215869
classifier.0.weight,0,3579,0.6444308161735535,0.9680791569248627
classifier.0.weight,0,3580,0.6443383097648621,0.9681524013954939
classifier.0.weight,0,3581,0.6441885828971863,0.9682256118299958
classifier.0.weight,0,3582,0.6440868973731995,0.968298799153707
classifier.0.weight,0,3583,0.6438628435134888,0.9683719355679823
classifier.0.weight,0,3584,0.6435577273368835,0.9684450026823564
classifier.0.weight,0,3585,0.6435093283653259,0.9685180588070709
classifier.0.weight,0,3586,0.6432334780693054,0.9685910523119184
classifier.0.weight,0,3587,0.6430610418319702,0.9686640066862212
classifier.0.weight,0,3588,0.6428763270378113,0.9687369191552738
classifier.0.weight,0,3589,0.642744243144989,0.9688098016665477
classifier.0.weight,0,3590,0.6425755620002747,0.9688826459284173
classifier.0.weight,0,3591,0.6422815918922424,0.968955423554895
classifier.0.weight,0,3592,0.6420611143112183,0.969028151224839
classifier.0.weight,0,3593,0.6419491171836853,0.9691008535246756
classifier.0.weight,0,3594,0.641799807548523,0.969173522009086
classifier.0.weight,0,3595,0.6416308283805847,0.9692461522328322
classifier.0.weight,0,3596,0.6413468718528748,0.9693187181851571
classifier.0.weight,0,3597,0.6411650776863098,0.9693912430046796
classifier.0.weight,0,3598,0.6410400867462158,0.9694637395504795
classifier.0.weight,0,3599,0.6408610939979553,0.9695361956166132
classifier.0.weight,0,3600,0.6407595872879028,0.9696086287317689
classifier.0.weight,0,3601,0.6406980752944946,0.9696810479406435
classifier.0.weight,0,3602,0.6403231620788574,0.9697533824201405
classifier.0.weight,0,3603,0.6401296854019165,0.9698256731938301
classifier.0.weight,0,3604,0.6399213075637817,0.9698979169103573
classifier.0.weight,0,3605,0.6398824453353882,0.9699701518524725
classifier.0.weight,0,3606,0.63956218957901,0.9700423145067258
classifier.0.weight,0,3607,0.6394198536872864,0.9701144450446566
classifier.0.weight,0,3608,0.6392552256584167,0.970186538445237
classifier.0.weight,0,3609,0.639061689376831,0.9702585881994737
classifier.0.weight,0,3610,0.6389240026473999,0.9703306069106156
classifier.0.weight,0,3611,0.6387174129486084,0.9704025790562241
classifier.0.weight,0,3612,0.638313353061676,0.9704744601698428
classifier.0.weight,0,3613,0.6382552981376648,0.9705463282088085
classifier.0.weight,0,3614,0.637910783290863,0.9706181186834384
classifier.0.weight,0,3615,0.6377397775650024,0.9706898706732613
classifier.0.weight,0,3616,0.6375641822814941,0.970761583156135
classifier.0.weight,0,3617,0.6374521851539612,0.9708332704466065
classifier.0.weight,0,3618,0.637347400188446,0.9709049341709721
classifier.0.weight,0,3619,0.6369672417640686,0.970976512430351
classifier.0.weight,0,3620,0.6367992162704468,0.9710480529314739
classifier.0.weight,0,3621,0.636490523815155,0.9711195240899855
classifier.0.weight,0,3622,0.6363136172294617,0.9711909555245388
classifier.0.weight,0,3623,0.6361141204833984,0.9712623421758139
classifier.0.weight,0,3624,0.6360498666763306,0.971333714406304
classifier.0.weight,0,3625,0.6358209252357483,0.9714050352662292
classifier.0.weight,0,3626,0.6357054710388184,0.9714763302272111
classifier.0.weight,0,3627,0.6354193091392517,0.9715475610159925
classifier.0.weight,0,3628,0.6352616548538208,0.9716187564629267
classifier.0.weight,0,3629,0.6350246071815491,0.9716898987866603
classifier.0.weight,0,3630,0.6347424387931824,0.9717609779013318
classifier.0.weight,0,3631,0.6344615817070007,0.9718319941285853
classifier.0.weight,0,3632,0.6342868804931641,0.9719029712520907
classifier.0.weight,0,3633,0.6340366005897522,0.9719738923736719
classifier.0.weight,0,3634,0.6339045166969299,0.9720447839494443
classifier.0.weight,0,3635,0.6338315010070801,0.9721156591949995
classifier.0.weight,0,3636,0.6336480975151062,0.9721864934300123
classifier.0.weight,0,3637,0.6335221529006958,0.9722572995096375
classifier.0.weight,0,3638,0.6333037614822388,0.9723280567803151
classifier.0.weight,0,3639,0.6331080794334412,0.972398770331724
classifier.0.weight,0,3640,0.632937490940094,0.9724694457812877
classifier.0.weight,0,3641,0.632707417011261,0.9725400698588811
classifier.0.weight,0,3642,0.632550060749054,0.9726106588119963
classifier.0.weight,0,3643,0.6325013041496277,0.9726812368836182
classifier.0.weight,0,3644,0.6321759819984436,0.9727517423713413
classifier.0.weight,0,3645,0.6320449709892273,0.9728222186392326
classifier.0.weight,0,3646,0.6318956613540649,0.972892661613471
classifier.0.weight,0,3647,0.6315890550613403,0.9729630362440868
classifier.0.weight,0,3648,0.6315529942512512,0.973033402838801
classifier.0.weight,0,3649,0.6313216686248779,0.9731037178951151
classifier.0.weight,0,3650,0.63105708360672,0.9731739740261208
classifier.0.weight,0,3651,0.6309579014778137,0.9732442080747976
classifier.0.weight,0,3652,0.6306012868881226,0.9733143627539688
classifier.0.weight,0,3653,0.6304545998573303,0.9733844847989386
classifier.0.weight,0,3654,0.6303114295005798,0.9734545749994004
classifier.0.weight,0,3655,0.6301029920578003,0.9735246188513244
classifier.0.weight,0,3656,0.6300783157348633,0.9735946572171902
classifier.0.weight,0,3657,0.6298866868019104,0.9736646529872833
classifier.0.weight,0,3658,0.6297165751457214,0.9737346109553756
classifier.0.weight,0,3659,0.62925124168396,0.9738044655698105
classifier.0.weight,0,3660,0.6291701197624207,0.9738743021743477
classifier.0.weight,0,3661,0.6289494633674622,0.9739440898026518
classifier.0.weight,0,3662,0.6288679242134094,0.9740138593371166
classifier.0.weight,0,3663,0.6285223960876465,0.974083552223647
classifier.0.weight,0,3664,0.6283321976661682,0.9741532029367515
classifier.0.weight,0,3665,0.6280983090400696,0.9742228018063321
classifier.0.weight,0,3666,0.6278848052024841,0.9742923533677129
classifier.0.weight,0,3667,0.6275829672813416,0.9743618380752613
classifier.0.weight,0,3668,0.627301037311554,0.9744312603674087
classifier.0.weight,0,3669,0.6272847652435303,0.9745006790580009
classifier.0.weight,0,3670,0.6271153688430786,0.9745700602610303
classifier.0.weight,0,3671,0.6269494295120239,0.9746394047513661
classifier.0.weight,0,3672,0.6268594264984131,0.9747087293333494
classifier.0.weight,0,3673,0.6265882253646851,0.9747779939438703
classifier.0.weight,0,3674,0.6264265775680542,0.9748472228211074
classifier.0.weight,0,3675,0.6263437867164612,0.9749164334004652
classifier.0.weight,0,3676,0.6258785724639893,0.9749855412062624
classifier.0.weight,0,3677,0.6257332563400269,0.9750546169249645
classifier.0.weight,0,3678,0.6255196928977966,0.9751236455004768
classifier.0.weight,0,3679,0.6253793239593506,0.9751926430989286
classifier.0.weight,0,3680,0.6252030730247498,0.9752616018116126
classifier.0.weight,0,3681,0.6251596212387085,0.9753305509393306
classifier.0.weight,0,3682,0.6247791647911072,0.9753994161711693
classifier.0.weight,0,3683,0.6246773600578308,0.9754682589623256
classifier.0.weight,0,3684,0.6244574785232544,0.9755370532977657
classifier.0.weight,0,3685,0.624372124671936,0.97560582882821
classifier.0.weight,0,3686,0.6242353916168213,0.9756745742392483
classifier.0.weight,0,3687,0.6240767240524292,0.9757432847074403
classifier.0.weight,0,3688,0.6238174438476562,0.9758119380943062
classifier.0.weight,0,3689,0.6237087249755859,0.97588056755344
classifier.0.weight,0,3690,0.6232611536979675,0.9759490985513771
classifier.0.weight,0,3691,0.6230632662773132,0.9760175860385983
classifier.0.weight,0,3692,0.6228837966918945,0.9760860340766935
classifier.0.weight,0,3693,0.6228012442588806,0.9761544639727927
classifier.0.weight,0,3694,0.6226404905319214,0.9762228585480212
classifier.0.weight,0,3695,0.6224288940429688,0.9762912066450871
classifier.0.weight,0,3696,0.6223317980766296,0.976359533419856
classifier.0.weight,0,3697,0.6218922734260559,0.9764277637165177
classifier.0.weight,0,3698,0.6217778921127319,0.976495968917022
classifier.0.weight,0,3699,0.6215194463729858,0.9765641174295021
classifier.0.weight,0,3700,0.6214052438735962,0.9766322409000774
classifier.0.weight,0,3701,0.6212087869644165,0.9767003213030698
classifier.0.weight,0,3702,0.6209942698478699,0.9767683546948466
classifier.0.weight,0,3703,0.6207093000411987,0.9768363256608812
classifier.0.weight,0,3704,0.6204374432563782,0.9769042371004296
classifier.0.weight,0,3705,0.6202549338340759,0.9769721085918585
classifier.0.weight,0,3706,0.620036244392395,0.9770399322314732
classifier.0.weight,0,3707,0.6199068427085876,0.9771077275644287
classifier.0.weight,0,3708,0.6197731494903564,0.9771754936581558
classifier.0.weight,0,3709,0.6195551753044128,0.9772432120936013
classifier.0.weight,0,3710,0.6191707253456116,0.9773108465130521
classifier.0.weight,0,3711,0.6190156936645508,0.9773784470673196
classifier.0.weight,0,3712,0.6189004182815552,0.9774460224462829
classifier.0.weight,0,3713,0.6187122464179993,0.977513556739955
classifier.0.weight,0,3714,0.6184391379356384,0.9775810314255694
classifier.0.weight,0,3715,0.6183666586875916,0.9776484902964412
classifier.0.weight,0,3716,0.6181612014770508,0.9777159043472738
classifier.0.weight,0,3717,0.6179578304290771,0.9777832740478274
classifier.0.weight,0,3718,0.617668092250824,0.9778505805887369
classifier.0.weight,0,3719,0.6174654960632324,0.9779178429835672
classifier.0.weight,0,3720,0.6172633767127991,0.9779850613506532
classifier.0.weight,0,3721,0.617112398147583,0.9780522468394192
classifier.0.weight,0,3722,0.6171060800552368,0.9781194309524812
classifier.0.weight,0,3723,0.6169787645339966,0.9781865873468143
classifier.0.weight,0,3724,0.6169143319129944,0.9782537297152626
classifier.0.weight,0,3725,0.6165748238563538,0.9783207982027803
classifier.0.weight,0,3726,0.6163081526756287,0.978387808688043
classifier.0.weight,0,3727,0.6161820292472839,0.9784547917495979
classifier.0.weight,0,3728,0.6160556674003601,0.978521747341233
classifier.0.weight,0,3729,0.615702211856842,0.9785886261247572
classifier.0.weight,0,3730,0.6156675219535828,0.9786554973723226
classifier.0.weight,0,3731,0.6154358386993408,0.9787223183004136
classifier.0.weight,0,3732,0.6153380870819092,0.9787891180034322
classifier.0.weight,0,3733,0.6148744821548462,0.9788558170885759
classifier.0.weight,0,3734,0.6147180795669556,0.9789224822462009
classifier.0.weight,0,3735,0.6145365834236145,0.9789891080437251
classifier.0.weight,0,3736,0.6143279671669006,0.9790556886141115
classifier.0.weight,0,3737,0.6143124103546143,0.9791222658124611
classifier.0.weight,0,3738,0.613985538482666,0.979188772179021
classifier.0.weight,0,3739,0.6138326525688171,0.9792552454287727
classifier.0.weight,0,3740,0.6136611700057983,0.9793216815432858
classifier.0.weight,0,3741,0.613550066947937,0.9793880936035239
classifier.0.weight,0,3742,0.613194465637207,0.9794544287038748
classifier.0.weight,0,3743,0.613104522228241,0.9795207443455782
classifier.0.weight,0,3744,0.6126692295074463,0.979586965854984
classifier.0.weight,0,3745,0.6125166416168213,0.9796531543829973
classifier.0.weight,0,3746,0.6123883724212646,0.9797193151923832
classifier.0.weight,0,3747,0.6123262643814087,0.9797854625824751
classifier.0.weight,0,3748,0.6121779680252075,0.9798515779366096
classifier.0.weight,0,3749,0.6118934154510498,0.9799176318415486
classifier.0.weight,0,3750,0.6117234826087952,0.9799836490630754
classifier.0.weight,0,3751,0.6116073727607727,0.9800496412258222
classifier.0.weight,0,3752,0.6113861799240112,0.9801155856639837
classifier.0.weight,0,3753,0.6112414002418518,0.9801814988738163
classifier.0.weight,0,3754,0.6110592484474182,0.9802473728048289
classifier.0.weight,0,3755,0.610828161239624,0.9803131969215413
classifier.0.weight,0,3756,0.6106080412864685,0.9803789736056311
classifier.0.weight,0,3757,0.6104560494422913,0.980444717547685
classifier.0.weight,0,3758,0.610130250453949,0.9805103913336839
classifier.0.weight,0,3759,0.6100500226020813,0.9805760478495332
classifier.0.weight,0,3760,0.6098173260688782,0.9806416542870963
classifier.0.weight,0,3761,0.6095394492149353,0.9807072009482112
classifier.0.weight,0,3762,0.6094176769256592,0.9807727214224413
classifier.0.weight,0,3763,0.6092283725738525,0.9808382011975418
classifier.0.weight,0,3764,0.6092020869255066,0.980903675322409
classifier.0.weight,0,3765,0.6089708805084229,0.9809690997587885
classifier.0.weight,0,3766,0.608784019947052,0.9810344840508143
classifier.0.weight,0,3767,0.608636736869812,0.9810998367098321
classifier.0.weight,0,3768,0.6083802580833435,0.9811651343013916
classifier.0.weight,0,3769,0.608053982257843,0.9812303618732149
classifier.0.weight,0,3770,0.6078199744224548,0.9812955392494102
classifier.0.weight,0,3771,0.6076189875602722,0.9813606735285337
classifier.0.weight,0,3772,0.6073769330978394,0.9814257559234901
classifier.0.weight,0,3773,0.6073226928710938,0.9814908266949354
classifier.0.weight,0,3774,0.6071097254753113,0.981555851838173
classifier.0.weight,0,3775,0.6069405674934387,0.9816208407507617
classifier.0.weight,0,3776,0.6064808964729309,0.9816857312609405
classifier.0.weight,0,3777,0.606410026550293,0.9817506066065304
classifier.0.weight,0,3778,0.6062290072441101,0.9818154432260546
classifier.0.weight,0,3779,0.6060468554496765,0.9818802408889067
classifier.0.weight,0,3780,0.6056652665138245,0.9819449569795611
classifier.0.weight,0,3781,0.6055000424385071,0.9820096377662336
classifier.0.weight,0,3782,0.6054372787475586,0.9820743051445024
classifier.0.weight,0,3783,0.6052776575088501,0.982138938428649
classifier.0.weight,0,3784,0.6051857471466064,0.9822035520853818
classifier.0.weight,0,3785,0.6048702597618103,0.9822680983926096
classifier.0.weight,0,3786,0.604589581489563,0.9823325848108205
classifier.0.weight,0,3787,0.6045088171958923,0.9823970540013043
classifier.0.weight,0,3788,0.6041375994682312,0.9824614440374149
classifier.0.weight,0,3789,0.6039707064628601,0.9825257985029457
classifier.0.weight,0,3790,0.6037274599075317,0.9825901011419572
classifier.0.weight,0,3791,0.6034165620803833,0.9826543375709498
classifier.0.weight,0,3792,0.6032711863517761,0.9827185430518597
classifier.0.weight,0,3793,0.6029561161994934,0.9827826814851515
classifier.0.weight,0,3794,0.6028062701225281,0.9828467880431605
classifier.0.weight,0,3795,0.6026010513305664,0.9829108509598483
classifier.0.weight,0,3796,0.6022932529449463,0.9829748484487498
classifier.0.weight,0,3797,0.6020973324775696,0.9830388043088317
classifier.0.weight,0,3798,0.6017560362815857,0.9831026876832737
classifier.0.weight,0,3799,0.6015939712524414,0.9831665366521886
classifier.0.weight,0,3800,0.6015231609344482,0.9832303705913661
classifier.0.weight,0,3801,0.6014115810394287,0.9832941808509112
classifier.0.weight,0,3802,0.6011755466461182,0.9833579410334017
classifier.0.weight,0,3803,0.6010527014732361,0.9834216751608391
classifier.0.weight,0,3804,0.6006085276603699,0.9834853151249185
classifier.0.weight,0,3805,0.600545346736908,0.9835489417005097
classifier.0.weight,0,3806,0.6002703905105591,0.983612510027316
classifier.0.weight,0,3807,0.5999785661697388,0.9836760165610503
classifier.0.weight,0,3808,0.5997159481048584,0.9837394675117559
classifier.0.weight,0,3809,0.5995692014694214,0.9838028874141816
classifier.0.weight,0,3810,0.5994707942008972,0.9838662865001037
classifier.0.weight,0,3811,0.5992394089698792,0.9839296366535969
classifier.0.weight,0,3812,0.5991433262825012,0.9839929664934559
classifier.0.weight,0,3813,0.5987274646759033,0.9840562084501399
classifier.0.weight,0,3814,0.5985809564590454,0.9841194194600801
classifier.0.weight,0,3815,0.5984387397766113,0.9841826004370161
classifier.0.weight,0,3816,0.5981888771057129,0.9842457286657893
classifier.0.weight,0,3817,0.5979737639427185,0.9843088114999663
classifier.0.weight,0,3818,0.5976248383522034,0.9843718207362882
classifier.0.weight,0,3819,0.5974591374397278,0.9844347950368447
classifier.0.weight,0,3820,0.5974350571632385,0.9844977642612114
classifier.0.weight,0,3821,0.5974201560020447,0.984560730344474
classifier.0.weight,0,3822,0.5972248315811157,0.9846236552613878
classifier.0.weight,0,3823,0.5969547629356384,0.9846865232811207
classifier.0.weight,0,3824,0.5967899560928345,0.9847493565925297
classifier.0.weight,0,3825,0.596511721611023,0.9848121313294995
classifier.0.weight,0,3826,0.5961959958076477,0.9848748396323711
classifier.0.weight,0,3827,0.5960158705711365,0.9849375100495753
classifier.0.weight,0,3828,0.5959274768829346,0.9850001618791587
classifier.0.weight,0,3829,0.5957832932472229,0.9850627833954032
classifier.0.weight,0,3830,0.5955803990364075,0.9851253622673513
classifier.0.weight,0,3831,0.5954246520996094,0.9851879084142692
classifier.0.weight,0,3832,0.5951362252235413,0.9852503939804894
classifier.0.weight,0,3833,0.5947656035423279,0.9853128017450448
classifier.0.weight,0,3834,0.5946528315544128,0.9853751858458897
classifier.0.weight,0,3835,0.5942494869232178,0.9854374853469238
classifier.0.weight,0,3836,0.5942327380180359,0.9854997813361881
classifier.0.weight,0,3837,0.5936490297317505,0.9855619550002304
classifier.0.weight,0,3838,0.593508780002594,0.9856240992906559
classifier.0.weight,0,3839,0.5932936072349548,0.9856861985292289
classifier.0.weight,0,3840,0.5930145382881165,0.9857482393620036
classifier.0.weight,0,3841,0.5928289890289307,0.9858102413767432
classifier.0.weight,0,3842,0.5925830006599426,0.9858721919479452
classifier.0.weight,0,3843,0.5923764705657959,0.9859340993440049
classifier.0.weight,0,3844,0.5921252369880676,0.9859959542399427
classifier.0.weight,0,3845,0.5919040441513062,0.9860577629317887
classifier.0.weight,0,3846,0.5915654897689819,0.9861195009377888
classifier.0.weight,0,3847,0.5915219187736511,0.986181229849657
classifier.0.weight,0,3848,0.5913289785385132,0.9862429184991172
classifier.0.weight,0,3849,0.5910634994506836,0.9863045517703676
classifier.0.weight,0,3850,0.5909483432769775,0.9863661610280888
classifier.0.weight,0,3851,0.5906051397323608,0.986427698745291
classifier.0.weight,0,3852,0.5904568433761597,0.9864892055630888
classifier.0.weight,0,3853,0.5900368690490723,0.9865506249160763
classifier.0.weight,0,3854,0.5899842381477356,0.9866120333124205
classifier.0.weight,0,3855,0.5898062586784363,0.9866734046644351
classifier.0.weight,0,3856,0.589364767074585,0.9867346841734236
classifier.0.weight,0,3857,0.5892896056175232,0.9867959480535053
classifier.0.weight,0,3858,0.5892080068588257,0.9868571949683788
classifier.0.weight,0,3859,0.5890504121780396,0.9869184091243722
classifier.0.weight,0,3860,0.5887954235076904,0.9869795702949591
classifier.0.weight,0,3861,0.5885812044143677,0.9870406869695916
classifier.0.weight,0,3862,0.5884316563606262,0.9871017725908416
classifier.0.weight,0,3863,0.588188886642456,0.9871628078182024
classifier.0.weight,0,3864,0.5880593657493591,0.9872238161682557
classifier.0.weight,0,3865,0.5878574848175049,0.9872847826371347
classifier.0.weight,0,3866,0.5875639319419861,0.9873456882327094
classifier.0.weight,0,3867,0.5872852206230164,0.9874065360607736
classifier.0.weight,0,3868,0.5868271589279175,0.9874672890075478
classifier.0.weight,0,3869,0.5866720676422119,0.9875280098460345
classifier.0.weight,0,3870,0.5865768790245056,0.9875887109819852
classifier.0.weight,0,3871,0.5863881707191467,0.9876493730677574
classifier.0.weight,0,3872,0.5859624147415161,0.9877099470962639
classifier.0.weight,0,3873,0.5858892202377319,0.9877705059927109
classifier.0.weight,0,3874,0.5858156085014343,0.9878310496727473
classifier.0.weight,0,3875,0.5856821537017822,0.987891565770984
classifier.0.weight,0,3876,0.5853894948959351,0.9879520214058994
classifier.0.weight,0,3877,0.5851349830627441,0.9880124244832279
classifier.0.weight,0,3878,0.5845670104026794,0.9880727103546229
classifier.0.weight,0,3879,0.5844230651855469,0.988132966539791
classifier.0.weight,0,3880,0.5842708349227905,0.9881931913380383
classifier.0.weight,0,3881,0.5841161608695984,0.9882533842538774
classifier.0.weight,0,3882,0.5840170383453369,0.988313556742384
classifier.0.weight,0,3883,0.5839213132858276,0.9883737095070038
classifier.0.weight,0,3884,0.5835261940956116,0.9884337808926097
classifier.0.weight,0,3885,0.5832676887512207,0.9884937990660899
classifier.0.weight,0,3886,0.583050549030304,0.9885537725605872
classifier.0.weight,0,3887,0.5829956531524658,0.9886137347622639
classifier.0.weight,0,3888,0.5826177000999451,0.9886736192427743
classifier.0.weight,0,3889,0.582288384437561,0.9887334360448606
classifier.0.weight,0,3890,0.5820662975311279,0.988793207226957
classifier.0.weight,0,3891,0.581827700138092,0.9888529294169527
classifier.0.weight,0,3892,0.5816739201545715,0.9889126200413709
classifier.0.weight,0,3893,0.5812069177627563,0.9889722148579033
classifier.0.weight,0,3894,0.5810881853103638,0.9890317853281462
classifier.0.weight,0,3895,0.5808300375938416,0.9890913028819284
classifier.0.weight,0,3896,0.5807544589042664,0.9891508049476476
classifier.0.weight,0,3897,0.5804312229156494,0.9892102407965473
classifier.0.weight,0,3898,0.5802397131919861,0.9892696374309294
classifier.0.weight,0,3899,0.5799413323402405,0.9893289729930991
classifier.0.weight,0,3900,0.5798235535621643,0.9893882844571059
classifier.0.weight,0,3901,0.5796524882316589,0.9894475609289554
classifier.0.weight,0,3902,0.579069197177887,0.9895067181637096
classifier.0.weight,0,3903,0.5789905190467834,0.9895658593241691
classifier.0.weight,0,3904,0.578864336013794,0.9896249747094299
classifier.0.weight,0,3905,0.5785373449325562,0.9896840233269081
classifier.0.weight,0,3906,0.5784420371055603,0.989743052490735
classifier.0.weight,0,3907,0.5782740116119385,0.9898020473660311
classifier.0.weight,0,3908,0.5781077146530151,0.9898610083153422
classifier.0.weight,0,3909,0.5778668522834778,0.9899199201439959
classifier.0.weight,0,3910,0.5777885913848877,0.9899788160167925
classifier.0.weight,0,3911,0.577393114566803,0.9900376312927013
classifier.0.weight,0,3912,0.5771540999412537,0.9900963978849623
classifier.0.weight,0,3913,0.5771389007568359,0.990155161382062
classifier.0.weight,0,3914,0.5765669345855713,0.9902138084632431
classifier.0.weight,0,3915,0.576401948928833,0.9902724219852925
classifier.0.weight,0,3916,0.5763404369354248,0.9903310229978695
classifier.0.weight,0,3917,0.5760833621025085,0.9903895717445119
classifier.0.weight,0,3918,0.5760566592216492,0.9904481150635234
classifier.0.weight,0,3919,0.575837254524231,0.9905066137958335
classifier.0.weight,0,3920,0.5755470395088196,0.9905650535776948
classifier.0.weight,0,3921,0.5752657651901245,0.9906234362535608
classifier.0.weight,0,3922,0.5750913619995117,0.9906817835350679
classifier.0.weight,0,3923,0.5746843814849854,0.990740048263416
classifier.0.weight,0,3924,0.5746039748191833,0.9907982966887466
classifier.0.weight,0,3925,0.5739930272102356,0.9908564213146642
classifier.0.weight,0,3926,0.5738202333450317,0.9909145109503762
classifier.0.weight,0,3927,0.5737584233283997,0.9909725880723155
classifier.0.weight,0,3928,0.5734032988548279,0.991030593323503
classifier.0.weight,0,3929,0.5731136202812195,0.9910885399819543
classifier.0.weight,0,3930,0.5729511380195618,0.9911464537883877
classifier.0.weight,0,3931,0.5728709101676941,0.9912043513771206
classifier.0.weight,0,3932,0.5726310610771179,0.9912622004949792
classifier.0.weight,0,3933,0.5724972486495972,0.9913200225796327
classifier.0.weight,0,3934,0.5721213221549988,0.9913777687522465
classifier.0.weight,0,3935,0.5720109343528748,0.991435492643369
classifier.0.weight,0,3936,0.5715261101722717,0.9914931187248995
classifier.0.weight,0,3937,0.5712340474128723,0.9915506859250186
classifier.0.weight,0,3938,0.5709002614021301,0.99160818586895
classifier.0.weight,0,3939,0.5706514716148376,0.9916656357085718
classifier.0.weight,0,3940,0.5702788233757019,0.9917230105406188
classifier.0.weight,0,3941,0.5702386498451233,0.9917803772893624
classifier.0.weight,0,3942,0.5697426199913025,0.9918376442790183
classifier.0.weight,0,3943,0.5695891976356506,0.9918948804307022
classifier.0.weight,0,3944,0.5693605542182922,0.9919520706403535
classifier.0.weight,0,3945,0.5692359209060669,0.9920092358148139
classifier.0.weight,0,3946,0.5690998435020447,0.9920663736615584
classifier.0.weight,0,3947,0.568638801574707,0.9921234189682232
classifier.0.weight,0,3948,0.5683289766311646,0.9921804021291322
classifier.0.weight,0,3949,0.568125307559967,0.992237344455847
classifier.0.weight,0,3950,0.567819356918335,0.9922942254691502
classifier.0.weight,0,3951,0.5676193237304688,0.9923510664130681
classifier.0.weight,0,3952,0.5671170949935913,0.9924078068159192
classifier.0.weight,0,3953,0.5669699907302856,0.9924645177868497
classifier.0.weight,0,3954,0.5669036507606506,0.992521215487293
classifier.0.weight,0,3955,0.5665131211280823,0.9925778350986098
classifier.0.weight,0,3956,0.5662668347358704,0.9926344054909124
classifier.0.weight,0,3957,0.5659946799278259,0.9926909215194291
classifier.0.weight,0,3958,0.5658042430877686,0.9927473995231245
classifier.0.weight,0,3959,0.5655360221862793,0.9928038239924372
classifier.0.weight,0,3960,0.5652404427528381,0.99286018949626
classifier.0.weight,0,3961,0.5651251673698425,0.9929165320120161
classifier.0.weight,0,3962,0.5649041533470154,0.9929728304665563
classifier.0.weight,0,3963,0.5647597312927246,0.9930291001385178
classifier.0.weight,0,3964,0.564169704914093,0.9930852522976823
classifier.0.weight,0,3965,0.5640902519226074,0.9931413886419499
classifier.0.weight,0,3966,0.5640056729316711,0.9931975081534522
classifier.0.weight,0,3967,0.5636383891105652,0.9932535545980393
classifier.0.weight,0,3968,0.5634488463401794,0.9933095633538801
classifier.0.weight,0,3969,0.5633028745651245,0.9933655430932855
classifier.0.weight,0,3970,0.5630819201469421,0.9934214789254239
classifier.0.weight,0,3971,0.5628470778465271,0.993477368109429
classifier.0.weight,0,3972,0.5623818039894104,0.9935331649307684
classifier.0.weight,0,3973,0.562182605266571,0.9935889222320271
classifier.0.weight,0,3974,0.5621466636657715,0.9936446724041338
classifier.0.weight,0,3975,0.5616095662117004,0.9937003160952349
classifier.0.weight,0,3976,0.561374306678772,0.9937559131775613
classifier.0.weight,0,3977,0.5611191987991333,0.993811459740899
classifier.0.weight,0,3978,0.5611153244972229,0.9938670055371862
classifier.0.weight,0,3979,0.5609479546546936,0.9939225182019431
classifier.0.weight,0,3980,0.5605484843254089,0.9939779518298972
classifier.0.weight,0,3981,0.560411810874939,0.9940333584293899
classifier.0.weight,0,3982,0.559890627861023,0.9940886620205226
classifier.0.weight,0,3983,0.5597843527793884,0.9941439446188558
classifier.0.weight,0,3984,0.5595599412918091,0.9941991829016831
classifier.0.weight,0,3985,0.5591921806335449,0.9942543485996446
classifier.0.weight,0,3986,0.5588363409042358,0.9943094441109981
classifier.0.weight,0,3987,0.558646559715271,0.9943645022077617
classifier.0.weight,0,3988,0.5584156513214111,0.994419514799012
classifier.0.weight,0,3989,0.5583634972572327,0.9944745171147759
classifier.0.weight,0,3990,0.5578871965408325,0.9945294256333311
classifier.0.weight,0,3991,0.5577130913734436,0.9945842998855862
classifier.0.weight,0,3992,0.5573896765708923,0.9946391105137304
classifier.0.weight,0,3993,0.5570821166038513,0.9946938606710594
classifier.0.weight,0,3994,0.5566670894622803,0.9947485292808521
classifier.0.weight,0,3995,0.5563196539878845,0.9948031296707434
classifier.0.weight,0,3996,0.5561895370483398,0.9948577045227814
classifier.0.weight,0,3997,0.5560013055801392,0.9949122424414882
classifier.0.weight,0,3998,0.5555608868598938,0.9949666939934654
classifier.0.weight,0,3999,0.5553221106529236,0.9950210987497039
classifier.0.weight,0,4000,0.5549159049987793,0.9950754239433371
classifier.0.weight,0,4001,0.5545556545257568,0.9951296786242174
classifier.0.weight,0,4002,0.5543015003204346,0.995183883586389
classifier.0.weight,0,4003,0.5537428259849548,0.9952379793384635
classifier.0.weight,0,4004,0.5534763336181641,0.995292023035196
classifier.0.weight,0,4005,0.5531191229820251,0.9953459969954198
classifier.0.weight,0,4006,0.5530222058296204,0.9953999520427402
classifier.0.weight,0,4007,0.5528896450996399,0.995453881226856
classifier.0.weight,0,4008,0.5524006485939026,0.9955077150591379
classifier.0.weight,0,4009,0.5520652532577515,0.9955614835398133
classifier.0.weight,0,4010,0.5518406629562378,0.9956152082813732
classifier.0.weight,0,4011,0.5515815615653992,0.995668882584869
classifier.0.weight,0,4012,0.5514134168624878,0.9957225241690905
classifier.0.weight,0,4013,0.5512596964836121,0.9957761358495952
classifier.0.weight,0,4014,0.5510498881340027,0.995829706728867
classifier.0.weight,0,4015,0.5507069230079651,0.9958832109454779
classifier.0.weight,0,4016,0.5502059459686279,0.9959366178609986
classifier.0.weight,0,4017,0.549961268901825,0.9959899772868767
classifier.0.weight,0,4018,0.5498540997505188,0.9960433159188277
classifier.0.weight,0,4019,0.5494347214698792,0.9960965732181735
classifier.0.weight,0,4020,0.5491642355918884,0.9961497780934515
classifier.0.weight,0,4021,0.5486927628517151,0.9962028916522206
classifier.0.weight,0,4022,0.5485007762908936,0.9962559680488249
classifier.0.weight,0,4023,0.5484495759010315,0.9963090345369456
classifier.0.weight,0,4024,0.5480449199676514,0.9963620227471414
classifier.0.weight,0,4025,0.5479183197021484,0.9964149864792463
classifier.0.weight,0,4026,0.5476313829421997,0.9964678947532222
classifier.0.weight,0,4027,0.5474199652671814,0.9965207621837204
classifier.0.weight,0,4028,0.5468273162841797,0.9965735152052798
classifier.0.weight,0,4029,0.5466790795326233,0.9966262396295971
classifier.0.weight,0,4030,0.5465574860572815,0.9966789406023747
classifier.0.weight,0,4031,0.5460009574890137,0.9967315343049553
classifier.0.weight,0,4032,0.5457162857055664,0.9967840731796465
classifier.0.weight,0,4033,0.5454459190368652,0.9968365600080925
classifier.0.weight,0,4034,0.5448921918869019,0.9968889403232122
classifier.0.weight,0,4035,0.544717013835907,0.9969412869641237
classifier.0.weight,0,4036,0.5446292161941528,0.9969936167319023
classifier.0.weight,0,4037,0.5439996719360352,0.9970458255922319
classifier.0.weight,0,4038,0.5437448024749756,0.9970979855432414
classifier.0.weight,0,4039,0.5436786413192749,0.997150132801706
classifier.0.weight,0,4040,0.5430476665496826,0.9972021590897718
classifier.0.weight,0,4041,0.5428189635276794,0.997254141565611
classifier.0.weight,0,4042,0.5426173806190491,0.9973060854398768
classifier.0.weight,0,4043,0.5423025488853455,0.9973579690549755
classifier.0.weight,0,4044,0.5421958565711975,0.9974098322569729
classifier.0.weight,0,4045,0.541678786277771,0.9974615965864553
classifier.0.weight,0,4046,0.5412753820419312,0.9975132838437886
classifier.0.weight,0,4047,0.5411984324455261,0.997564956406085
classifier.0.weight,0,4048,0.5409696698188782,0.9976165852940022
classifier.0.weight,0,4049,0.540290355682373,0.9976680845990068
classifier.0.weight,0,4050,0.5400176048278809,0.9977195319210959
classifier.0.weight,0,4051,0.5395464897155762,0.9977708895163383
classifier.0.weight,0,4052,0.5391268134117126,0.9978221672475335
classifier.0.weight,0,4053,0.5387520790100098,0.9978733737196062
classifier.0.weight,0,4054,0.5386716723442078,0.9979245649080832
classifier.0.weight,0,4055,0.5381547808647156,0.9979756579009608
classifier.0.weight,0,4056,0.5379530787467957,0.9980267126013842
classifier.0.weight,0,4057,0.5377699732780457,0.9980777325522943
classifier.0.weight,0,4058,0.537086546421051,0.9981286229078379
classifier.0.weight,0,4059,0.5363507866859436,0.9981793739285649
classifier.0.weight,0,4060,0.5361397862434387,0.9982300850262351
classifier.0.weight,0,4061,0.5358055830001831,0.9982807329219885
classifier.0.weight,0,4062,0.5356364846229553,0.9983313488541872
classifier.0.weight,0,4063,0.535084068775177,0.9983818604371661
classifier.0.weight,0,4064,0.5350378155708313,0.9984323632879787
classifier.0.weight,0,4065,0.5345016121864319,0.9984827649637736
classifier.0.weight,0,4066,0.5342689156532288,0.9985331227641454
classifier.0.weight,0,4067,0.5341224670410156,0.9985834529611175
classifier.0.weight,0,4068,0.5337635278701782,0.998633715535362
classifier.0.weight,0,4069,0.5331953167915344,0.9986838711538158
classifier.0.weight,0,4070,0.5326119661331177,0.9987339170852306
classifier.0.weight,0,4071,0.5319876074790955,0.9987838457519281
classifier.0.weight,0,4072,0.5318783521652222,0.9988337539128396
classifier.0.weight,0,4073,0.5311411023139954,0.9988835238117482
classifier.0.weight,0,4074,0.5309600830078125,0.9989332597920717
classifier.0.weight,0,4075,0.5305078029632568,0.9989829110767223
classifier.0.weight,0,4076,0.5302085876464844,0.9990325063688497
classifier.0.weight,0,4077,0.5293877720832825,0.9990819482229599
classifier.0.weight,0,4078,0.5291242003440857,0.9991313408570764
classifier.0.weight,0,4079,0.5287666320800781,0.9991806667572545
classifier.0.weight,0,4080,0.5276378989219666,0.9992297822948586
classifier.0.weight,0,4081,0.5272518992424011,0.9992788259966559
classifier.0.weight,0,4082,0.5268332958221436,0.9993277918544031
classifier.0.weight,0,4083,0.5264120697975159,0.999376679442807
classifier.0.weight,0,4084,0.5259475111961365,0.9994254807827007
classifier.0.weight,0,4085,0.5254623293876648,0.9994741921265369
classifier.0.weight,0,4086,0.5252208113670349,0.9995228587023165
classifier.0.weight,0,4087,0.5245962738990784,0.9995714096085393
classifier.0.weight,0,4088,0.5237027406692505,0.9996197952642465
classifier.0.weight,0,4089,0.5228559970855713,0.9996680245827066
classifier.0.weight,0,4090,0.5226532816886902,0.9997162165106417
classifier.0.weight,0,4091,0.521332859992981,0.9997641652437552
classifier.0.weight,0,4092,0.5206838846206665,0.9998119946742845
classifier.0.weight,0,4093,0.5192965269088745,0.9998595695621707
classifier.0.weight,0,4094,0.5183905959129333,0.9999069786027271
classifier.0.weight,0,4095,0.5154594779014587,0.9999538530323888
classifier.0.weight,0,4096,0.5114440321922302,1.0000000000000138
classifier.0.weight,1,1,10.358565330505371,0.01892994225678583
classifier.0.weight,1,2,7.531228065490723,0.028936430030921213
classifier.0.weight,1,3,7.2175822257995605,0.03812681176693912
classifier.0.weight,1,4,6.868430137634277,0.04644952710414469
classifier.0.weight,1,5,6.556674003601074,0.05403385765331587
classifier.0.weight,1,6,6.531538963317871,0.06156015052711358
classifier.0.weight,1,7,6.342106342315674,0.06865620776678563
classifier.0.weight,1,8,6.257401943206787,0.07556398264670217
classifier.0.weight,1,9,6.231544494628906,0.08241478551646358
classifier.0.weight,1,10,5.923579216003418,0.08860518208471657
classifier.0.weight,1,11,5.866604328155518,0.09467706889386493
classifier.0.weight,1,12,5.741063594818115,0.10049186894557496
classifier.0.weight,1,13,5.6708574295043945,0.10616532281586877
classifier.0.weight,1,14,5.563066005706787,0.11162514496552077
classifier.0.weight,1,15,5.487754821777344,0.11693814073807055
classifier.0.weight,1,16,5.349806308746338,0.12198738275397283
classifier.0.weight,1,17,5.313185691833496,0.126967734987962
classifier.0.weight,1,18,5.301941871643066,0.13192703057674035
classifier.0.weight,1,19,5.1833038330078125,0.13666686754730892
classifier.0.weight,1,20,5.133523464202881,0.14131609906390982
classifier.0.weight,1,21,5.085221290588379,0.1458782514074136
classifier.0.weight,1,22,5.044625759124756,0.15036785479114992
classifier.0.weight,1,23,5.003175258636475,0.15478398126644594
classifier.0.weight,1,24,4.938434600830078,0.15908655859001578
classifier.0.weight,1,25,4.920144557952881,0.1633573247817267
classifier.0.weight,1,26,4.900187969207764,0.16759351594294924
classifier.0.weight,1,27,4.880821228027344,0.17179628834764782
classifier.0.weight,1,28,4.826828956604004,0.17590659183201646
classifier.0.weight,1,29,4.787970066070557,0.17995098085952715
classifier.0.weight,1,30,4.740417957305908,0.1839154344624768
classifier.0.weight,1,31,4.724649429321289,0.18785355721210623
classifier.0.weight,1,32,4.675365447998047,0.19170994941660768
classifier.0.weight,1,33,4.649117946624756,0.19552316359174768
classifier.0.weight,1,34,4.643328666687012,0.19932688692594358
classifier.0.weight,1,35,4.624485015869141,0.20309980020947022
classifier.0.weight,1,36,4.589145183563232,0.20681526940590086
classifier.0.weight,1,37,4.577643394470215,0.21051213775685315
classifier.0.weight,1,38,4.558225631713867,0.21417770936609076
classifier.0.weight,1,39,4.526651859283447,0.21779267572004846
classifier.0.weight,1,40,4.524971008300781,0.22140495793048623
classifier.0.weight,1,41,4.485649108886719,0.22495473161770393
classifier.0.weight,1,42,4.481973648071289,0.2284986904457952
classifier.0.weight,1,43,4.449483871459961,0.2319914552658178
classifier.0.weight,1,44,4.438650608062744,0.2354672329566427
classifier.0.weight,1,45,4.423460483551025,0.23891926146884543
classifier.0.weight,1,46,4.402689456939697,0.24233894705308084
classifier.0.weight,1,47,4.385154724121094,0.24573144749750522
classifier.0.weight,1,48,4.354182720184326,0.24907619524713903
classifier.0.weight,1,49,4.345738410949707,0.2524079822652374
classifier.0.weight,1,50,4.323647975921631,0.2557059828227358
classifier.0.weight,1,51,4.307097434997559,0.2589787827983506
classifier.0.weight,1,52,4.278329372406006,0.26220800926094506
classifier.0.weight,1,53,4.27285099029541,0.2654289709975864
classifier.0.weight,1,54,4.242155075073242,0.26860382055801946
classifier.0.weight,1,55,4.223992824554443,0.2717515428801065
classifier.0.weight,1,56,4.2186431884765625,0.2748912971462361
classifier.0.weight,1,57,4.201716423034668,0.2780059062360082
classifier.0.weight,1,58,4.18625020980835,0.2810976282262728
classifier.0.weight,1,59,4.176257610321045,0.28417460792185395
classifier.0.weight,1,60,4.153819561004639,0.2872186126638172
classifier.0.weight,1,61,4.133143901824951,0.29023238972279003
classifier.0.weight,1,62,4.124070644378662,0.2932329493562049
classifier.0.weight,1,63,4.106654644012451,0.29620821970162264
classifier.0.weight,1,64,4.104213714599609,0.2991799541925834
classifier.0.weight,1,65,4.086723327636719,0.3021264141542468
classifier.0.weight,1,66,4.075475692749023,0.30505667771715583
classifier.0.weight,1,67,4.069547653198242,0.30797842296897954
classifier.0.weight,1,68,4.053591251373291,0.31087730123540375
classifier.0.weight,1,69,4.042550086975098,0.31376040909024205
classifier.0.weight,1,70,4.034027099609375,0.31663137273523784
classifier.0.weight,1,71,4.0270209312438965,0.3194923726456809
classifier.0.weight,1,72,4.007484436035156,0.32232568045743276
classifier.0.weight,1,73,3.9974164962768555,0.3251447700030139
classifier.0.weight,1,74,3.984360933303833,0.3279454753252448
classifier.0.weight,1,75,3.974111318588257,0.3307317897686209
classifier.0.weight,1,76,3.969820499420166,0.33351209073311217
classifier.0.weight,1,77,3.968437671661377,0.3362904550822154
classifier.0.weight,1,78,3.9427690505981445,0.3390329936771163
classifier.0.weight,1,79,3.9311511516571045,0.34175939356736246
classifier.0.weight,1,80,3.913588523864746,0.34446148719957964
classifier.0.weight,1,81,3.909381866455078,0.3471577750741712
classifier.0.weight,1,82,3.901679039001465,0.34984344818668833
classifier.0.weight,1,83,3.891357898712158,0.3525149312308912
classifier.0.weight,1,84,3.8848085403442383,0.35517742935182345
classifier.0.weight,1,85,3.87961745262146,0.3578328166837364
classifier.0.weight,1,86,3.8611867427825928,0.3604630343055
classifier.0.weight,1,87,3.856538772583008,0.3630869233988568
classifier.0.weight,1,88,3.849454879760742,0.3657011819508911
classifier.0.weight,1,89,3.8328006267547607,0.3682928688181889
classifier.0.weight,1,90,3.8312535285949707,0.3708824638549203
classifier.0.weight,1,91,3.820509910583496,0.37345755574748896
classifier.0.weight,1,92,3.815866231918335,0.37602639159969375
classifier.0.weight,1,93,3.8078572750091553,0.37858445553077913
classifier.0.weight,1,94,3.802790403366089,0.38113571628768117
classifier.0.weight,1,95,3.7940170764923096,0.38367521871846183
classifier.0.weight,1,96,3.787665843963623,0.38620622594741816
classifier.0.weight,1,97,3.784876823425293,0.38873350717070165
classifier.0.weight,1,98,3.7638180255889893,0.3912327433893981
classifier.0.weight,1,99,3.762721061706543,0.3937305230167655
classifier.0.weight,1,100,3.7544913291931152,0.39621738842646037
classifier.0.weight,1,101,3.7463998794555664,0.3986935463067033
classifier.0.weight,1,102,3.7384068965911865,0.4011591496412254
classifier.0.weight,1,103,3.726320743560791,0.40360883630891514
classifier.0.weight,1,104,3.7233059406280518,0.40605456071168594
classifier.0.weight,1,105,3.7121148109436035,0.408485604996408
classifier.0.weight,1,106,3.706850290298462,0.4109097587574172
classifier.0.weight,1,107,3.7056009769439697,0.4133322787770664
classifier.0.weight,1,108,3.6912195682525635,0.41573603172208917
classifier.0.weight,1,109,3.686931610107422,0.41813420320273126
classifier.0.weight,1,110,3.6723103523254395,0.4205133915505447
classifier.0.weight,1,111,3.663867473602295,0.4228816526586254
classifier.0.weight,1,112,3.661269426345825,0.42524655629112856
classifier.0.weight,1,113,3.658053159713745,0.42760730681774706
classifier.0.weight,1,114,3.6504414081573486,0.42995824297037144
classifier.0.weight,1,115,3.634610414505005,0.4322888325678152
classifier.0.weight,1,116,3.627408981323242,0.4346101958899367
classifier.0.weight,1,117,3.6213576793670654,0.43692382060108637
classifier.0.weight,1,118,3.6202187538146973,0.43923599026019694
classifier.0.weight,1,119,3.6130707263946533,0.441539038296149
classifier.0.weight,1,120,3.606382369995117,0.44383356762322507
classifier.0.weight,1,121,3.6033244132995605,0.4461242074034802
classifier.0.weight,1,122,3.5963876247406006,0.448406036215129
classifier.0.weight,1,123,3.5918452739715576,0.45068210462363906
classifier.0.weight,1,124,3.5890331268310547,0.45295461044347013
classifier.0.weight,1,125,3.581733465194702,0.45521788165696847
classifier.0.weight,1,126,3.5768842697143555,0.45747502867654605
classifier.0.weight,1,127,3.566037893295288,0.45971850751704274
classifier.0.weight,1,128,3.5611565113067627,0.46195584857539224
classifier.0.weight,1,129,3.558467149734497,0.4641898116597375
classifier.0.weight,1,130,3.5475151538848877,0.4664100448412895
classifier.0.weight,1,131,3.541313648223877,0.46862252231031903
classifier.0.weight,1,132,3.5292210578918457,0.4708199156006427
classifier.0.weight,1,133,3.524951457977295,0.4730119953586294
classifier.0.weight,1,134,3.519069194793701,0.4751967651542227
classifier.0.weight,1,135,3.51788067817688,0.477380059447873
classifier.0.weight,1,136,3.508631706237793,0.47955188849629565
classifier.0.weight,1,137,3.5065112113952637,0.481721093182275
classifier.0.weight,1,138,3.5024254322052,0.48388524570824676
classifier.0.weight,1,139,3.488727331161499,0.4860325031940855
classifier.0.weight,1,140,3.4872231483459473,0.48817790947676776
classifier.0.weight,1,141,3.474653720855713,0.49030787772857365
classifier.0.weight,1,142,3.4732723236083984,0.4924361527196212
classifier.0.weight,1,143,3.464254856109619,0.4945533910077231
classifier.0.weight,1,144,3.4630095958709717,0.49666910744543863
classifier.0.weight,1,145,3.4546499252319336,0.49877462157539487
classifier.0.weight,1,146,3.4530091285705566,0.5008781361394243
classifier.0.weight,1,147,3.4470715522766113,0.5029744227817031
classifier.0.weight,1,148,3.4443204402923584,0.5050673646614239
classifier.0.weight,1,149,3.4400384426116943,0.5071551058627269
classifier.0.weight,1,150,3.437260866165161,0.5092394770320909
classifier.0.weight,1,151,3.426426410675049,0.5113107287810792
classifier.0.weight,1,152,3.4236342906951904,0.5133786062698886
classifier.0.weight,1,153,3.4225895404815674,0.5154452218915531
classifier.0.weight,1,154,3.4118754863739014,0.5174989191220406
classifier.0.weight,1,155,3.3988685607910156,0.5195369877809802
classifier.0.weight,1,156,3.3967556953430176,0.5215725233461356
classifier.0.weight,1,157,3.393237829208374,0.5236038448704564
classifier.0.weight,1,158,3.3841264247894287,0.5256242721727591
classifier.0.weight,1,159,3.3810582160949707,0.5276410375064219
classifier.0.weight,1,160,3.378267288208008,0.5296544746965623
classifier.0.weight,1,161,3.372694730758667,0.5316612749100573
classifier.0.weight,1,162,3.3695409297943115,0.5336643237675521
classifier.0.weight,1,163,3.365004301071167,0.5356619825900808
classifier.0.weight,1,164,3.3619816303253174,0.537656054164358
classifier.0.weight,1,165,3.3551504611968994,0.5396420305122779
classifier.0.weight,1,166,3.344071865081787,0.5416149132565288
classifier.0.weight,1,167,3.343313455581665,0.5435869012333182
classifier.0.weight,1,168,3.341865062713623,0.5455571809678659
classifier.0.weight,1,169,3.3345370292663574,0.5475188293271684
classifier.0.weight,1,170,3.3254477977752686,0.5494697981974267
classifier.0.weight,1,171,3.3197479248046875,0.5514140848130006
classifier.0.weight,1,172,3.3168747425079346,0.5533550073945616
classifier.0.weight,1,173,3.3110604286193848,0.555289131261752
classifier.0.weight,1,174,3.306910276412964,0.5572184096251768
classifier.0.weight,1,175,3.3000032901763916,0.5591396372210743
classifier.0.weight,1,176,3.2951831817626953,0.5610552564818576
classifier.0.weight,1,177,3.2944412231445312,0.5629700131804544
classifier.0.weight,1,178,3.2841992378234863,0.5648728829308243
classifier.0.weight,1,179,3.277768611907959,0.566768308148956
classifier.0.weight,1,180,3.2758896350860596,0.568661560889605
classifier.0.weight,1,181,3.2721500396728516,0.5705504936079318
classifier.0.weight,1,182,3.268075466156006,0.5724347249506326
classifier.0.weight,1,183,3.264000654220581,0.5743142605010594
classifier.0.weight,1,184,3.256056547164917,0.5761846581480511
classifier.0.weight,1,185,3.2552499771118164,0.5780541292632974
classifier.0.weight,1,186,3.249631881713867,0.5799171530679404
classifier.0.weight,1,187,3.2487857341766357,0.5817792068010007
classifier.0.weight,1,188,3.244368076324463,0.5836361999826926
classifier.0.weight,1,189,3.2407610416412354,0.5854890663112284
classifier.0.weight,1,190,3.2315633296966553,0.5873314302012177
classifier.0.weight,1,191,3.229088068008423,0.5891709728027087
classifier.0.weight,1,192,3.2269418239593506,0.5910080708779403
classifier.0.weight,1,193,3.218714475631714,0.5928358132356837
classifier.0.weight,1,194,3.2152297496795654,0.5946596001425822
classifier.0.weight,1,195,3.2139601707458496,0.59648194703774
classifier.0.weight,1,196,3.2089786529541016,0.5982986491721183
classifier.0.weight,1,197,3.2074508666992188,0.6001136218641173
classifier.0.weight,1,198,3.202188730239868,0.6019226441612402
classifier.0.weight,1,199,3.1972930431365967,0.6037261392157254
classifier.0.weight,1,200,3.191312313079834,0.6055228934874308
classifier.0.weight,1,201,3.183310031890869,0.6073106482600154
classifier.0.weight,1,202,3.18271541595459,0.6090977352194211
classifier.0.weight,1,203,3.1794443130493164,0.6108811506339119
classifier.0.weight,1,204,3.177884578704834,0.6126628167037355
classifier.0.weight,1,205,3.1737070083618164,0.6144398015820727
classifier.0.weight,1,206,3.1715362071990967,0.6162143563926183
classifier.0.weight,1,207,3.1669483184814453,0.6179837808367953
classifier.0.weight,1,208,3.1644961833953857,0.6197504662479628
classifier.0.weight,1,209,3.1606602668762207,0.6215128711986724
classifier.0.weight,1,210,3.1562910079956055,0.6232704068623598
classifier.0.weight,1,211,3.155837297439575,0.6250274372778506
classifier.0.weight,1,212,3.146707057952881,0.6267743157741916
classifier.0.weight,1,213,3.144892454147339,0.6285191801152129
classifier.0.weight,1,214,3.1417465209960938,0.6302605553187623
classifier.0.weight,1,215,3.1383848190307617,0.6319982059363259
classifier.0.weight,1,216,3.135737657546997,0.6337329264467693
classifier.0.weight,1,217,3.1329917907714844,0.6354646102070801
classifier.0.weight,1,218,3.1227309703826904,0.6371849697121518
classifier.0.weight,1,219,3.1199135780334473,0.6389022263298763
classifier.0.weight,1,220,3.115100622177124,0.6406141887591578
classifier.0.weight,1,221,3.111830711364746,0.6423225589921964
classifier.0.weight,1,222,3.1110036373138428,0.6440300212318056
classifier.0.weight,1,223,3.104800224304199,0.6457306808223248
classifier.0.weight,1,224,3.1002368927001953,0.6474263449413756
classifier.0.weight,1,225,3.097517251968384,0.6491190353686508
classifier.0.weight,1,226,3.096590518951416,0.6508107130897379
classifier.0.weight,1,227,3.091339588165283,0.6524966584731725
classifier.0.weight,1,228,3.0871200561523438,0.6541780045266103
classifier.0.weight,1,229,3.0803074836730957,0.6558519380705675
classifier.0.weight,1,230,3.079246997833252,0.6575247192118828
classifier.0.weight,1,231,3.075404405593872,0.6591933280310683
classifier.0.weight,1,232,3.070387363433838,0.6608564971413186
classifier.0.weight,1,233,3.066394567489624,0.6625153434243529
classifier.0.weight,1,234,3.0632436275482178,0.6641707822923434
classifier.0.weight,1,235,3.059910774230957,0.6658226208371972
classifier.0.weight,1,236,3.057321786880493,0.6674716653267964
classifier.0.weight,1,237,3.050116777420044,0.6691129465635217
classifier.0.weight,1,238,3.0484070777893066,0.6707523883221747
classifier.0.weight,1,239,3.0460801124572754,0.6723893281393214
classifier.0.weight,1,240,3.0418429374694824,0.6740217170739455
classifier.0.weight,1,241,3.039874315261841,0.6756519937908791
classifier.0.weight,1,242,3.034318447113037,0.6772763167581372
classifier.0.weight,1,243,3.0327091217041016,0.67889891718305
classifier.0.weight,1,244,3.0276708602905273,0.6805161308107996
classifier.0.weight,1,245,3.0254735946655273,0.6821309979757678
classifier.0.weight,1,246,3.0225203037261963,0.6837427140011056
classifier.0.weight,1,247,3.015298843383789,0.685346737744371
classifier.0.weight,1,248,3.0135443210601807,0.686948895353081
classifier.0.weight,1,249,3.0097556114196777,0.6885470269422087
classifier.0.weight,1,250,3.006817579269409,0.6901420399590268
classifier.0.weight,1,251,3.006005048751831,0.6917361910534903
classifier.0.weight,1,252,2.9988536834716797,0.6933227661154929
classifier.0.weight,1,253,2.9973769187927246,0.694907778966489
classifier.0.weight,1,254,2.992905616760254,0.6964880664957481
classifier.0.weight,1,255,2.9874935150146484,0.698062643892418
classifier.0.weight,1,256,2.984898567199707,0.6996344871096692
classifier.0.weight,1,257,2.9810469150543213,0.7012022763953982
classifier.0.weight,1,258,2.9774205684661865,0.7027662536718103
classifier.0.weight,1,259,2.9711897373199463,0.7043236919446948
classifier.0.weight,1,260,2.96850323677063,0.7058783150710777
classifier.0.weight,1,261,2.9673521518707275,0.7074317327709485
classifier.0.weight,1,262,2.966313600540161,0.7089840632916681
classifier.0.weight,1,263,2.9629805088043213,0.7105329072268032
classifier.0.weight,1,264,2.957919120788574,0.7120764641851732
classifier.0.weight,1,265,2.95501446723938,0.7136169911101757
classifier.0.weight,1,266,2.953209638595581,0.7151556368003715
classifier.0.weight,1,267,2.9498989582061768,0.7166908346426631
classifier.0.weight,1,268,2.947453737258911,0.7182234884370801
classifier.0.weight,1,269,2.9426450729370117,0.719751145372298
classifier.0.weight,1,270,2.940185308456421,0.7212762494303262
classifier.0.weight,1,271,2.9381189346313477,0.7227992105433662
classifier.0.weight,1,272,2.935818910598755,0.7243197881748755
classifier.0.weight,1,273,2.9312124252319336,0.7258355977852257
classifier.0.weight,1,274,2.9256792068481445,0.7273456900417486
classifier.0.weight,1,275,2.920624017715454,0.7288505683248167
classifier.0.weight,1,276,2.918388843536377,0.7303531441013366
classifier.0.weight,1,277,2.9143259525299072,0.7318515391106745
classifier.0.weight,1,278,2.9089560508728027,0.7333444173583129
classifier.0.weight,1,279,2.9069883823394775,0.7348352766713123
classifier.0.weight,1,280,2.904722213745117,0.7363238124651058
classifier.0.weight,1,281,2.901505947113037,0.7378090537080636
classifier.0.weight,1,282,2.8985369205474854,0.7392912568979431
classifier.0.weight,1,283,2.895280122756958,0.7407701311503183
classifier.0.weight,1,284,2.892540454864502,0.7422462079480753
classifier.0.weight,1,285,2.890233039855957,0.743719930715984
classifier.0.weight,1,286,2.8869826793670654,0.7451903406460029
classifier.0.weight,1,287,2.8834097385406494,0.746657113258267
classifier.0.weight,1,288,2.881255865097046,0.748121695364911
classifier.0.weight,1,289,2.8791422843933105,0.7495841295352045
classifier.0.weight,1,290,2.876441717147827,0.7510438215349441
classifier.0.weight,1,291,2.872957468032837,0.7524999794111027
classifier.0.weight,1,292,2.872051239013672,0.7539552187881794
classifier.0.weight,1,293,2.8675873279571533,0.7554059380433459
classifier.0.weight,1,294,2.8636467456817627,0.7568526729381032
classifier.0.weight,1,295,2.8613851070404053,0.7582971235430981
classifier.0.weight,1,296,2.8594305515289307,0.759739601470855
classifier.0.weight,1,297,2.856396436691284,0.7611790198232194
classifier.0.weight,1,298,2.852325916290283,0.7626143385997216
classifier.0.weight,1,299,2.8512635231018066,0.7640485883617039
classifier.0.weight,1,300,2.8493854999542236,0.7654809493700457
classifier.0.weight,1,301,2.8472282886505127,0.7669111423771072
classifier.0.weight,1,302,2.8425180912017822,0.768336607333834
classifier.0.weight,1,303,2.8411996364593506,0.769760750240811
classifier.0.weight,1,304,2.8354623317718506,0.7711791473409954
classifier.0.weight,1,305,2.8309853076934814,0.7725930688502968
classifier.0.weight,1,306,2.8284714221954346,0.7740044803793334
classifier.0.weight,1,307,2.822880506515503,0.775410317672189
classifier.0.weight,1,308,2.8217921257019043,0.7768150711137334
classifier.0.weight,1,309,2.818713426589966,0.778216760932091
classifier.0.weight,1,310,2.816258430480957,0.7796160101727985
classifier.0.weight,1,311,2.814310073852539,0.781013324013356
classifier.0.weight,1,312,2.8116705417633057,0.7824080180110227
classifier.0.weight,1,313,2.8093814849853516,0.7838004420171399
classifier.0.weight,1,314,2.80700421333313,0.7851905105086231
classifier.0.weight,1,315,2.801563024520874,0.7865751951148244
classifier.0.weight,1,316,2.7993035316467285,0.7879576470935153
classifier.0.weight,1,317,2.793883800506592,0.7893347511241738
classifier.0.weight,1,318,2.791761875152588,0.7907097641571318
classifier.0.weight,1,319,2.79071044921875,0.7920837416776182
classifier.0.weight,1,320,2.7878801822662354,0.7934549337057943
classifier.0.weight,1,321,2.7831649780273438,0.7948214914007421
classifier.0.weight,1,322,2.7785112857818604,0.7961834829114003
classifier.0.weight,1,323,2.7752726078033447,0.7975423011535978
classifier.0.weight,1,324,2.7743918895721436,0.7989002571049295
classifier.0.weight,1,325,2.771087408065796,0.8002549801546751
classifier.0.weight,1,326,2.769404888153076,0.8016080586106591
classifier.0.weight,1,327,2.76495361328125,0.8029567909460581
classifier.0.weight,1,328,2.7633185386657715,0.8043039285885545
classifier.0.weight,1,329,2.759629011154175,0.8056474712902572
classifier.0.weight,1,330,2.7586312294006348,0.8069900426149825
classifier.0.weight,1,331,2.7558701038360596,0.8083299277141716
classifier.0.weight,1,332,2.7533185482025146,0.809667332864321
classifier.0.weight,1,333,2.7511839866638184,0.8110026651217507
classifier.0.weight,1,334,2.747516393661499,0.8123344394994623
classifier.0.weight,1,335,2.744582414627075,0.8136633710829884
classifier.0.weight,1,336,2.7409865856170654,0.8149888227343003
classifier.0.weight,1,337,2.7382586002349854,0.8163116373691326
classifier.0.weight,1,338,2.735635995864868,0.8176319193300269
classifier.0.weight,1,339,2.734041690826416,0.8189506628414948
classifier.0.weight,1,340,2.732050657272339,0.8202674863335749
classifier.0.weight,1,341,2.728372097015381,0.8215807661479805
classifier.0.weight,1,342,2.722867727279663,0.8228887523400068
classifier.0.weight,1,343,2.720050573348999,0.8241940333751075
classifier.0.weight,1,344,2.7178962230682373,0.8254972475964579
classifier.0.weight,1,345,2.7139580249786377,0.8267966878713404
classifier.0.weight,1,346,2.71248459815979,0.8280947175787786
classifier.0.weight,1,347,2.70950984954834,0.8293899017808483
classifier.0.weight,1,348,2.70324969291687,0.8306791080091606
classifier.0.weight,1,349,2.6997013092041016,0.8319649319409702
classifier.0.weight,1,350,2.6962263584136963,0.8332474478777493
classifier.0.weight,1,351,2.6888859272003174,0.8345229900640075
classifier.0.weight,1,352,2.6859803199768066,0.8357957770406961
classifier.0.weight,1,353,2.6844239234924316,0.8370670894069973
classifier.0.weight,1,354,2.680345058441162,0.8383345413010717
classifier.0.weight,1,355,2.6793525218963623,0.8396010546895599
classifier.0.weight,1,356,2.6789395809173584,0.8408671777188308
classifier.0.weight,1,357,2.6767616271972656,0.8421312428917419
classifier.0.weight,1,358,2.6731178760528564,0.843391868980688
classifier.0.weight,1,359,2.6700079441070557,0.8446495635260393
classifier.0.weight,1,360,2.6692023277282715,0.8459064992223622
classifier.0.weight,1,361,2.667137622833252,0.8471614911188267
classifier.0.weight,1,362,2.6627206802368164,0.8484123297708863
classifier.0.weight,1,363,2.659213066101074,0.849659875122556
classifier.0.weight,1,364,2.655189275741577,0.8509036478821609
classifier.0.weight,1,365,2.651754140853882,0.8521442044767565
classifier.0.weight,1,366,2.649587392807007,0.8533827345822704
classifier.0.weight,1,367,2.6473424434661865,0.8546191668068512
classifier.0.weight,1,368,2.644258737564087,0.8558527202404934
classifier.0.weight,1,369,2.642449378967285,0.857084586110914
classifier.0.weight,1,370,2.6386311054229736,0.8583128945224048
classifier.0.weight,1,371,2.6344964504241943,0.8595373565057439
classifier.0.weight,1,372,2.6314804553985596,0.8607590165438559
classifier.0.weight,1,373,2.629418134689331,0.8619787624750032
classifier.0.weight,1,374,2.624938726425171,0.8631943560912411
classifier.0.weight,1,375,2.6239211559295654,0.8644090074283846
classifier.0.weight,1,376,2.622864007949829,0.8656226802242813
classifier.0.weight,1,377,2.619243621826172,0.8668330048240065
classifier.0.weight,1,378,2.618168830871582,0.8680423363286076
classifier.0.weight,1,379,2.6155238151550293,0.8692492256033202
classifier.0.weight,1,380,2.6129589080810547,0.8704537489725922
classifier.0.weight,1,381,2.6087141036987305,0.8716543619757253
classifier.0.weight,1,382,2.6033434867858887,0.8728500366108415
classifier.0.weight,1,383,2.6019434928894043,0.8740444256014738
classifier.0.weight,1,384,2.5984086990356445,0.8752355715923309
classifier.0.weight,1,385,2.596205234527588,0.8764246982433836
classifier.0.weight,1,386,2.593858003616333,0.8776116756860048
classifier.0.weight,1,387,2.5927324295043945,0.8787976232023913
classifier.0.weight,1,388,2.5885226726531982,0.8799797226567999
classifier.0.weight,1,389,2.586134195327759,0.8811596416279827
classifier.0.weight,1,390,2.57906436920166,0.8823331182267737
classifier.0.weight,1,391,2.5759928226470947,0.8835038013771211
classifier.0.weight,1,392,2.575815439224243,0.8846743233060298
classifier.0.weight,1,393,2.57124662399292,0.8858406965250134
classifier.0.weight,1,394,2.569688081741333,0.8870056561954172
classifier.0.weight,1,395,2.560800552368164,0.8881625715363578
classifier.0.weight,1,396,2.5600454807281494,0.8893188047271982
classifier.0.weight,1,397,2.557971715927124,0.890473165463381
classifier.0.weight,1,398,2.5566508769989014,0.8916263343717314
classifier.0.weight,1,399,2.552508592605591,0.8927757695798977
classifier.0.weight,1,400,2.55019211769104,0.8939231194437692
classifier.0.weight,1,401,2.5460915565490723,0.8950667825299035
classifier.0.weight,1,402,2.5401535034179688,0.8962051172821567
classifier.0.weight,1,403,2.5388259887695312,0.8973422625305613
classifier.0.weight,1,404,2.5378899574279785,0.8984785694329102
classifier.0.weight,1,405,2.531273365020752,0.8996089590741122
classifier.0.weight,1,406,2.529961585998535,0.900738177417723
classifier.0.weight,1,407,2.523648262023926,0.9018617670385937
classifier.0.weight,1,408,2.5201122760772705,0.9029822102513019
classifier.0.weight,1,409,2.5170931816101074,0.9040999704901721
classifier.0.weight,1,410,2.51613187789917,0.9052168771238672
classifier.0.weight,1,411,2.5110652446746826,0.9063292901467922
classifier.0.weight,1,412,2.509655475616455,0.9074404544524736
classifier.0.weight,1,413,2.5052363872528076,0.9085477090501026
classifier.0.weight,1,414,2.5018248558044434,0.9096519500703137
classifier.0.weight,1,415,2.499955415725708,0.9107545414617301
classifier.0.weight,1,416,2.492210626602173,0.9118503118430976
classifier.0.weight,1,417,2.489137649536133,0.9129433816491331
classifier.0.weight,1,418,2.4838924407958984,0.9140318495895385
classifier.0.weight,1,419,2.4808738231658936,0.915117673557152
classifier.0.weight,1,420,2.4782028198242188,0.9162011607044365
classifier.0.weight,1,421,2.473391056060791,0.917280444464644
classifier.0.weight,1,422,2.4733293056488037,0.9183596743349625
classifier.0.weight,1,423,2.4703054428100586,0.9194362669113559
classifier.0.weight,1,424,2.462430238723755,0.9205060061879227
classifier.0.weight,1,425,2.4610304832458496,0.9215745296348574
classifier.0.weight,1,426,2.4572126865386963,0.9226397404522786
classifier.0.weight,1,427,2.4526209831237793,0.9237009739483756
classifier.0.weight,1,428,2.450103998184204,0.9247600303953954
classifier.0.weight,1,429,2.4460036754608154,0.9258155450828913
classifier.0.weight,1,430,2.4432144165039062,0.9268686538662617
classifier.0.weight,1,431,2.4412598609924316,0.9279200783633691
classifier.0.weight,1,432,2.438795328140259,0.9289693810361928
classifier.0.weight,1,433,2.4370293617248535,0.930017164629203
classifier.0.weight,1,434,2.435713052749634,0.9310638166523646
classifier.0.weight,1,435,2.4269607067108154,0.9321029602360631
classifier.0.weight,1,436,2.4228155612945557,0.93313855722519
classifier.0.weight,1,437,2.416093349456787,0.9341684155646662
classifier.0.weight,1,438,2.4149556159973145,0.9351973042161004
classifier.0.weight,1,439,2.4109482765197754,0.9362227810572512
classifier.0.weight,1,440,2.407496213912964,0.9372453233884009
classifier.0.weight,1,441,2.404970407485962,0.9382657212599715
classifier.0.weight,1,442,2.4004697799682617,0.9392823035888471
classifier.0.weight,1,443,2.3990190029144287,0.9402976575009737
classifier.0.weight,1,444,2.3946290016174316,0.9413092987900246
classifier.0.weight,1,445,2.384909152984619,0.9423127442007008
classifier.0.weight,1,446,2.3802332878112793,0.9433122587481091
classifier.0.weight,1,447,2.37841534614563,0.9443102470877744
classifier.0.weight,1,448,2.3755102157592773,0.9453057989181229
classifier.0.weight,1,449,2.3729000091552734,0.9462991641291266
classifier.0.weight,1,450,2.3671438694000244,0.9472877158092528
classifier.0.weight,1,451,2.359640121459961,0.9482700100872815
classifier.0.weight,1,452,2.3553035259246826,0.9492486971215146
classifier.0.weight,1,453,2.351984977722168,0.9502246282204513
classifier.0.weight,1,454,2.346130847930908,0.9511957071479535
classifier.0.weight,1,455,2.3374850749969482,0.9521596421786997
classifier.0.weight,1,456,2.335149049758911,0.9531216515061346
classifier.0.weight,1,457,2.330281972885132,0.9540796548418337
classifier.0.weight,1,458,2.3270280361175537,0.9550349845904962
classifier.0.weight,1,459,2.3247201442718506,0.9559884203315495
classifier.0.weight,1,460,2.3191943168640137,0.9569373288526176
classifier.0.weight,1,461,2.3146121501922607,0.9578824914507038
classifier.0.weight,1,462,2.307753086090088,0.9588220606061316
classifier.0.weight,1,463,2.300924301147461,0.9597560775013138
classifier.0.weight,1,464,2.2950706481933594,0.9606853480812105
classifier.0.weight,1,465,2.2921905517578125,0.9616122878312658
classifier.0.weight,1,466,2.288733959197998,0.9625364340638218
classifier.0.weight,1,467,2.279841899871826,0.9634534133647318
classifier.0.weight,1,468,2.2782320976257324,0.9643690981599307
classifier.0.weight,1,469,2.274540662765503,0.9652818179786424
classifier.0.weight,1,470,2.268822193145752,0.9661899541910121
classifier.0.weight,1,471,2.2646260261535645,0.9670947343296531
classifier.0.weight,1,472,2.258018970489502,0.9679942427701425
classifier.0.weight,1,473,2.253356695175171,0.9688900405009393
classifier.0.weight,1,474,2.249192476272583,0.9697825304100823
classifier.0.weight,1,475,2.2425038814544678,0.9706697200815078
classifier.0.weight,1,476,2.2367992401123047,0.9715524017014399
classifier.0.weight,1,477,2.2344284057617188,0.9724332131643889
classifier.0.weight,1,478,2.2256088256835938,0.9733070849949981
classifier.0.weight,1,479,2.2222657203674316,0.974178333497226
classifier.0.weight,1,480,2.2191734313964844,0.9750471589969755
classifier.0.weight,1,481,2.2151200771331787,0.9759128135490982
classifier.0.weight,1,482,2.206282615661621,0.9767715746346296
classifier.0.weight,1,483,2.202101469039917,0.9776270839121736
classifier.0.weight,1,484,2.1985301971435547,0.9784798205846922
classifier.0.weight,1,485,2.190060615539551,0.9793259997750666
classifier.0.weight,1,486,2.188443422317505,0.9801709297488679
classifier.0.weight,1,487,2.181281328201294,0.981010338386685
classifier.0.weight,1,488,2.1722068786621094,0.9818427774264455
classifier.0.weight,1,489,2.1715312004089355,0.9826746986762263
classifier.0.weight,1,490,2.165886640548706,0.9835023006454451
classifier.0.weight,1,491,2.1612095832824707,0.9843263321946295
classifier.0.weight,1,492,2.153228759765625,0.9851442890828483
classifier.0.weight,1,493,2.143900156021118,0.9859551739247074
classifier.0.weight,1,494,2.143277645111084,0.98676558793179
classifier.0.weight,1,495,2.1337289810180664,0.9875687969616996
classifier.0.weight,1,496,2.1244139671325684,0.9883650083158754
classifier.0.weight,1,497,2.1132724285125732,0.9891528900718142
classifier.0.weight,1,498,2.112111806869507,0.9899399066468136
classifier.0.weight,1,499,2.108389377593994,0.9907241515579988
classifier.0.weight,1,500,2.100682020187378,0.9915026732304558
classifier.0.weight,1,501,2.0967764854431152,0.9922783027783921
classifier.0.weight,1,502,2.0808801651000977,0.9930422163247874
classifier.0.weight,1,503,2.068423271179199,0.9937970111270003
classifier.0.weight,1,504,2.0632219314575195,0.9945480146278164
classifier.0.weight,1,505,2.035151243209839,0.9952787219334113
classifier.0.weight,1,506,2.013148069381714,0.9959937144695228
classifier.0.weight,1,507,2.0075838565826416,0.9967047600802194
classifier.0.weight,1,508,1.9961142539978027,0.9974077042967382
classifier.0.weight,1,509,1.9555249214172363,0.9980823515870173
classifier.0.weight,1,510,1.931092381477356,0.9987402459591145
classifier.0.weight,1,511,1.8941704034805298,0.9993732232995064
classifier.0.weight,1,512,1.884869933128357,0.9999999999999997
classifier.0.weight,2,1,35.78797912597656,0.23167429137038356
classifier.0.weight,2,2,31.906143188476562,0.4158159761552291
classifier.0.weight,2,3,29.679521560668945,0.5751532139328934
classifier.0.weight,2,4,27.044727325439453,0.7074559137838624
classifier.0.weight,2,5,25.06167221069336,0.8210677511421
classifier.0.weight,2,6,22.734437942504883,0.9145592098689238
classifier.0.weight,2,7,21.73356056213379,1.0
classifier.0.weight,3,1,38.393150329589844,0.2659850492905691
classifier.0.weight,3,2,31.612106323242188,0.44631032101864443
classifier.0.weight,3,3,29.48919105529785,0.603229289913891
classifier.0.weight,3,4,25.818016052246094,0.7235098551554897
classifier.0.weight,3,5,24.47819709777832,0.831630488778608
classifier.0.weight,3,6,21.927818298339844,0.9183946904270663
classifier.0.weight,3,7,21.265928268432617,1.0
